Timestamp,Gesture_Label,Voltage
1773309691.910963,Rest (Baseline),-0.09742276766337454
1773309691.911963,Rest (Baseline),-0.1722882657777518
1773309691.9129632,Rest (Baseline),-0.23940905719064176
1773309691.913963,Rest (Baseline),-0.29620357300154865
1773309691.914963,Rest (Baseline),-0.33750867540948093
1773309691.9159632,Rest (Baseline),-0.35945201106369495
1773309691.916963,Rest (Baseline),-0.3620335799641907
1773309691.917963,Rest (Baseline),-0.3387994598597288
1773309691.918963,Rest (Baseline),-0.28974965075030923
1773309691.9199631,Rest (Baseline),-0.22521042823791504
1773309691.920963,Rest (Baseline),-0.15163571457378566
1773309691.921963,Rest (Baseline),-0.07935178535990417
1773309691.9229631,Rest (Baseline),-0.01481256284750998
1773309691.923963,Rest (Baseline),0.03940038406290114
1773309691.924963,Rest (Baseline),0.07812391757033765
1773309691.9259632,Rest (Baseline),0.09748568432405591
1773309691.926963,Rest (Baseline),0.09748568432405591
1773309691.927963,Rest (Baseline),0.07037921086885035
1773309691.928963,Rest (Baseline),0.017457048408687115
1773309691.929963,Rest (Baseline),-0.047082174103707075
1773309691.930963,Rest (Baseline),-0.11936610331758857
1773309691.931963,Rest (Baseline),-0.19165003253147006
1773309691.9329631,Rest (Baseline),-0.25489847059361637
1773309691.933963,Rest (Baseline),-0.31040220195427537
1773309691.934963,Rest (Baseline),-0.3491257354617119
1773309691.9359632,Rest (Baseline),-0.3710690711159259
1773309691.936963,Rest (Baseline),-0.3723598555661738
1773309691.937963,Rest (Baseline),-0.3465441665612161
1773309691.9389632,Rest (Baseline),-0.29749435745179653
1773309691.939963,Rest (Baseline),-0.23295513493940234
1773309691.940963,Rest (Baseline),-0.16196199017576873
1773309691.941963,Rest (Baseline),-0.09355041431263089
1773309691.9429631,Rest (Baseline),-0.03159276070073247
1773309691.943963,Rest (Baseline),0.021329401759430766
1773309691.944963,Rest (Baseline),0.058762150816619396
1773309691.9459631,Rest (Baseline),0.07941470202058554
1773309691.946963,Rest (Baseline),0.08328705537132919
1773309691.947963,Rest (Baseline),0.05618058191612363
1773309691.9489632,Rest (Baseline),0.01229391060769558
1773309691.949963,Rest (Baseline),-0.04837295855395496
1773309691.950963,Rest (Baseline),-0.11291218106634915
1773309691.951963,Rest (Baseline),-0.17616061912849545
1773309691.952963,Rest (Baseline),-0.23037356603890657
1773309691.953963,Rest (Baseline),-0.2742602373473346
1773309691.954963,Rest (Baseline),-0.30523906415328383
1773309691.9559631,Rest (Baseline),-0.3181469086557627
1773309691.956963,Rest (Baseline),-0.31169298640452325
1773309691.957963,Rest (Baseline),-0.28071415959857404
1773309691.9589632,Rest (Baseline),-0.2290827815886587
1773309691.959963,Rest (Baseline),-0.16712512797676027
1773309691.960963,Rest (Baseline),-0.10258590546436608
1773309691.9619632,Rest (Baseline),-0.040628251852467656
1773309691.962963,Rest (Baseline),0.01229391060769558
1773309691.963963,Rest (Baseline),0.054889797465875745
1773309691.964963,Rest (Baseline),0.07941470202058554
1773309691.9659631,Rest (Baseline),0.08845019317232072
1773309691.966963,Rest (Baseline),0.07554234866984189
1773309691.967963,Rest (Baseline),0.03552803071215749
1773309691.9689631,Rest (Baseline),-0.026429622899740934
1773309691.969963,Rest (Baseline),-0.08838727651163936
1773309691.970963,Rest (Baseline),-0.1567988523747772
1773309691.9719632,Rest (Baseline),-0.21746572153642774
1773309691.972963,Rest (Baseline),-0.2755510217975825
1773309691.973963,Rest (Baseline),-0.3168561242055148
1773309691.974963,Rest (Baseline),-0.3413810287602246
1773309691.975963,Rest (Baseline),-0.3491257354617119
1773309691.976963,Rest (Baseline),-0.33492710650898516
1773309691.977963,Rest (Baseline),-0.29491278855130076
1773309691.9789631,Rest (Baseline),-0.23811827274039388
1773309691.979963,Rest (Baseline),-0.17099748132750392
1773309691.980963,Rest (Baseline),-0.1012951210141182
1773309691.9819632,Rest (Baseline),-0.03804668295197189
1773309691.982963,Rest (Baseline),0.01616626395843923
1773309691.983963,Rest (Baseline),0.058762150816619396
1773309691.984963,Rest (Baseline),0.08328705537132919
1773309691.985963,Rest (Baseline),0.09103176207281649
1773309691.986963,Rest (Baseline),0.07554234866984189
1773309691.987963,Rest (Baseline),0.03552803071215749
1773309691.9889631,Rest (Baseline),-0.019975700648501515
1773309691.989963,Rest (Baseline),-0.0845149231608957
1773309691.990963,Rest (Baseline),-0.147763361223042
1773309691.9919631,Rest (Baseline),-0.20584866148419678
1773309691.992963,Rest (Baseline),-0.2536076861433685
1773309691.993963,Rest (Baseline),-0.28716808184981346
1773309691.9949632,Rest (Baseline),-0.3013667108025402
1773309691.995963,Rest (Baseline),-0.29491278855130076
1773309691.996963,Rest (Baseline),-0.26522474619559944
1773309691.997963,Rest (Baseline),-0.20972101483494043
1773309691.998963,Rest (Baseline),-0.13743708562105894
1773309691.999963,Rest (Baseline),-0.05999001860618591
1773309692.000963,Rest (Baseline),0.020038617309182882
1773309692.0019631,Rest (Baseline),0.09103176207281649
1773309692.002963,Rest (Baseline),0.15040784678421915
1773309692.003963,Rest (Baseline),0.1942945180926472
1773309692.0049632,Rest (Baseline),0.218819422647357
1773309692.005963,Rest (Baseline),0.22398256044834852
1773309692.006963,Rest (Baseline),0.2020392247941345
1773309692.007963,Rest (Baseline),0.1542802001349628
1773309692.008963,Rest (Baseline),0.09103176207281649
1773309692.009963,Rest (Baseline),0.020038617309182882
1773309692.0197315,Rest (Baseline),-0.050954527454450727
1773309692.0207314,Rest (Baseline),-0.11549374996684492
1773309692.0217316,Rest (Baseline),-0.17099748132750392
1773309692.0227315,Rest (Baseline),-0.20843023038469255
1773309692.0237315,Rest (Baseline),-0.23037356603890657
1773309692.0247316,Rest (Baseline),-0.23166435048915446
1773309692.0257316,Rest (Baseline),-0.20584866148419678
1773309692.0267315,Rest (Baseline),-0.15808963682502508
1773309692.0277314,Rest (Baseline),-0.09484119876287878
1773309692.0287316,Rest (Baseline),-0.026429622899740934
1773309692.0297315,Rest (Baseline),0.03940038406290114
1773309692.0307314,Rest (Baseline),0.0987764687743038
1773309692.0317316,Rest (Baseline),0.1465354934334755
1773309692.0327315,Rest (Baseline),0.18009588913992047
1773309692.0337315,Rest (Baseline),0.19558530254289508
1773309692.0347316,Rest (Baseline),0.1942945180926472
1773309692.0357316,Rest (Baseline),0.16847882908768952
1773309692.0367315,Rest (Baseline),0.12071980442851782
1773309692.0377314,Rest (Baseline),0.06263450416736305
1773309692.0387316,Rest (Baseline),0.0006768505554646254
1773309692.0397315,Rest (Baseline),-0.05999001860618591
1773309692.0407314,Rest (Baseline),-0.11291218106634915
1773309692.0417316,Rest (Baseline),-0.15292649902403355
1773309692.0427315,Rest (Baseline),-0.1800329724792391
1773309692.0437315,Rest (Baseline),-0.19035924808122218
1773309692.0447316,Rest (Baseline),-0.18261454137973487
1773309692.0457315,Rest (Baseline),-0.14647257677279413
1773309692.0467315,Rest (Baseline),-0.09613198321312666
1773309692.0477316,Rest (Baseline),-0.03288354515098035
1773309692.0487316,Rest (Baseline),0.03294646181166172
1773309692.0497315,Rest (Baseline),0.09490411542356014
1773309692.0507314,Rest (Baseline),0.14911706233397126
1773309692.0517316,Rest (Baseline),0.19042216474190354
1773309692.0527315,Rest (Baseline),0.21623785374686122
1773309692.0537314,Rest (Baseline),0.22398256044834852
1773309692.0547316,Rest (Baseline),0.21365628484636545
1773309692.0557315,Rest (Baseline),0.17622353578917682
1773309692.0567315,Rest (Baseline),0.12071980442851782
1773309692.0577316,Rest (Baseline),0.05747136636637151
1773309692.0587316,Rest (Baseline),-0.009649425046518445
1773309692.0597315,Rest (Baseline),-0.07289786310866475
1773309692.0607314,Rest (Baseline),-0.125820025568828
1773309692.0617316,Rest (Baseline),-0.16712512797676027
1773309692.0627315,Rest (Baseline),-0.19294081698171794
1773309692.0637314,Rest (Baseline),-0.20068552368320525
1773309692.0647316,Rest (Baseline),-0.19035924808122218
1773309692.0657315,Rest (Baseline),-0.15292649902403355
1773309692.0667315,Rest (Baseline),-0.10258590546436608
1773309692.0677316,Rest (Baseline),-0.03933746740221977
1773309692.0687315,Rest (Baseline),0.0264925395604223
1773309692.0697315,Rest (Baseline),0.08586862427182496
1773309692.0707316,Rest (Baseline),0.13362764893099666
1773309692.0717316,Rest (Baseline),0.16847882908768952
1773309692.0727315,Rest (Baseline),0.18784059584140778
1773309692.0737314,Rest (Baseline),0.18913138029165566
1773309692.0747316,Rest (Baseline),0.1710603979881853
1773309692.0757315,Rest (Baseline),0.12717372667975724
1773309692.0767314,Rest (Baseline),0.06779764196835458
1773309692.0777316,Rest (Baseline),0.001967635005712509
1773309692.0787315,Rest (Baseline),-0.06386237195692956
1773309692.0797315,Rest (Baseline),-0.12323845666833222
1773309692.0807316,Rest (Baseline),-0.1722882657777518
1773309692.0817316,Rest (Baseline),-0.20843023038469255
1773309692.0827315,Rest (Baseline),-0.22650121268816292
1773309692.0837314,Rest (Baseline),-0.2277919971384108
1773309692.0847316,Rest (Baseline),-0.20972101483494043
1773309692.0857315,Rest (Baseline),-0.16325277462601662
1773309692.0867314,Rest (Baseline),-0.1012951210141182
1773309692.0877316,Rest (Baseline),-0.03933746740221977
1773309692.0887315,Rest (Baseline),0.02907410846091807
1773309692.0897315,Rest (Baseline),0.09103176207281649
1773309692.0907316,Rest (Baseline),0.14137235563248396
1773309692.0917315,Rest (Baseline),0.1775143202394247
1773309692.0927315,Rest (Baseline),0.19558530254289508
1773309692.0937314,Rest (Baseline),0.19687608699314296
1773309692.0947316,Rest (Baseline),0.17364196688868105
1773309692.0957315,Rest (Baseline),0.12717372667975724
1773309692.0967314,Rest (Baseline),0.06521607306785882
1773309692.0977316,Rest (Baseline),-0.00448628724552691
1773309692.0987315,Rest (Baseline),-0.07418864755891263
1773309692.0997314,Rest (Baseline),-0.13743708562105894
1773309692.1007316,Rest (Baseline),-0.19035924808122218
1773309692.1017315,Rest (Baseline),-0.2290827815886587
1773309692.1027315,Rest (Baseline),-0.24973533279262483
1773309692.1037316,Rest (Baseline),-0.2523169016931206
1773309692.1047316,Rest (Baseline),-0.23295513493940234
1773309692.1057315,Rest (Baseline),-0.1877776791807264
1773309692.1067314,Rest (Baseline),-0.13098316336981952
1773309692.1077316,Rest (Baseline),-0.06773472530767322
1773309692.1087315,Rest (Baseline),-0.005777071695774794
1773309692.1097314,Rest (Baseline),0.05101744411513209
1773309692.1107316,Rest (Baseline),0.09361333097331226
1773309692.1117315,Rest (Baseline),0.12330137332901359
1773309692.1127315,Rest (Baseline),0.13620921783149242
1773309692.1137316,Rest (Baseline),0.1310460800305009
1773309692.1147316,Rest (Baseline),0.0987764687743038
1773309692.1157315,Rest (Baseline),0.04714509076438844
1773309692.1167314,Rest (Baseline),-0.017394131748005748
1773309692.1177316,Rest (Baseline),-0.08838727651163936
1773309692.1187315,Rest (Baseline),-0.15550806792452931
1773309692.1121523,Rest (Baseline),-0.21488415263593197
1773309692.1131523,Rest (Baseline),-0.26393396174535155
1773309692.1141524,Rest (Baseline),-0.2987851419020444
1773309692.1151524,Rest (Baseline),-0.3155653397552669
1773309692.1161523,Rest (Baseline),-0.31298377085477114
1773309692.1171525,Rest (Baseline),-0.2845865129493177
1773309692.1181524,Rest (Baseline),-0.2355367038398981
1773309692.1191523,Rest (Baseline),-0.1735790502279997
1773309692.1201522,Rest (Baseline),-0.10645825881510973
1773309692.1211524,Rest (Baseline),-0.040628251852467656
1773309692.1221523,Rest (Baseline),0.01616626395843923
1773309692.1231523,Rest (Baseline),0.061343719717115164
1773309692.1241524,Rest (Baseline),0.09232254652306437
1773309692.1251523,Rest (Baseline),0.10393960657529533
1773309692.1261523,Rest (Baseline),0.09748568432405591
1773309692.1271524,Rest (Baseline),0.06263450416736305
1773309692.1281524,Rest (Baseline),0.008421557256951928
1773309692.1291523,Rest (Baseline),-0.05999001860618591
1773309692.1301522,Rest (Baseline),-0.13098316336981952
1773309692.1311524,Rest (Baseline),-0.19939473923295736
1773309692.1321523,Rest (Baseline),-0.26264317729510367
1773309692.1331522,Rest (Baseline),-0.314274555305019
1773309692.1341524,Rest (Baseline),-0.35041651991195977
1773309692.1351523,Rest (Baseline),-0.3710690711159259
1773309692.1361523,Rest (Baseline),-0.3723598555661738
1773309692.1371524,Rest (Baseline),-0.3465441665612161
1773309692.1381524,Rest (Baseline),-0.30265749525278807
1773309692.1391523,Rest (Baseline),-0.24586297944188118
1773309692.1401525,Rest (Baseline),-0.1877776791807264
1773309692.1411524,Rest (Baseline),-0.1335647322703153
1773309692.1421523,Rest (Baseline),-0.08709649206139147
1773309692.1431522,Rest (Baseline),-0.05224531190469861
1773309692.1441524,Rest (Baseline),-0.030301976250484586
1773309692.1451523,Rest (Baseline),-0.02513883844949305
1773309692.1461523,Rest (Baseline),-0.040628251852467656
1773309692.1471524,Rest (Baseline),-0.08193335426039994
1773309692.1481524,Rest (Baseline),-0.13872787007130682
1773309692.1491523,Rest (Baseline),-0.2045578770339489
1773309692.1501524,Rest (Baseline),-0.2742602373473346
1773309692.1511524,Rest (Baseline),-0.33621789095923305
1773309692.1521523,Rest (Baseline),-0.39043083786964417
1773309692.1531522,Rest (Baseline),-0.43044515582732856
1773309692.1541524,Rest (Baseline),-0.45626084483228624
1773309692.1551523,Rest (Baseline),-0.46271476708352566
1773309692.1561522,Rest (Baseline),-0.4498069225810468
1773309692.1571524,Rest (Baseline),-0.41495574242435396
1773309692.1581523,Rest (Baseline),-0.3620335799641907
1773309692.1591523,Rest (Baseline),-0.3013667108025402
1773309692.1601524,Rest (Baseline),-0.23811827274039388
1773309692.1611524,Rest (Baseline),-0.17874218802899122
1773309692.1621523,Rest (Baseline),-0.13098316336981952
1773309692.1631525,Rest (Baseline),-0.09613198321312666
1773309692.1641524,Rest (Baseline),-0.07547943200916052
1773309692.1651523,Rest (Baseline),-0.07289786310866475
1773309692.1661522,Rest (Baseline),-0.09096884541213512
1773309692.1671524,Rest (Baseline),-0.1322739478200674
1773309692.1681523,Rest (Baseline),-0.18648689473047853
1773309692.1691523,Rest (Baseline),-0.24973533279262483
1773309692.1701524,Rest (Baseline),-0.3091114175040275
1773309692.1711524,Rest (Baseline),-0.3633243644144386
1773309692.1721523,Rest (Baseline),-0.40721103572286665
1773309692.1731524,Rest (Baseline),-0.4356082936283201
1773309692.1741524,Rest (Baseline),-0.4498069225810468
1773309692.1751523,Rest (Baseline),-0.44593456923030317
1773309692.1761522,Rest (Baseline),-0.42270044912584126
1773309692.1771524,Rest (Baseline),-0.37623220891691744
1773309692.1781523,Rest (Baseline),-0.3155653397552669
1773309692.1791523,Rest (Baseline),-0.24973533279262483
1773309692.1801524,Rest (Baseline),-0.1877776791807264
1773309692.1811523,Rest (Baseline),-0.1322739478200674
1773309692.1821523,Rest (Baseline),-0.08967806096188724
1773309692.1831524,Rest (Baseline),-0.0612808030564338
1773309692.1841524,Rest (Baseline),-0.050954527454450727
1773309692.1851523,Rest (Baseline),-0.05869923415593803
1773309692.1861522,Rest (Baseline),-0.09096884541213512
1773309692.1871524,Rest (Baseline),-0.1413094389718026
1773309692.1881523,Rest (Baseline),-0.20584866148419678
1773309692.1891522,Rest (Baseline),-0.2755510217975825
1773309692.1901524,Rest (Baseline),-0.34396259766072035
1773309692.1911523,Rest (Baseline),-0.403338682372123
1773309692.1921523,Rest (Baseline),-0.4523884914815426
1773309692.1931524,Rest (Baseline),-0.48723967163823545
1773309692.1941524,Rest (Baseline),-0.5040198694914579
1773309692.1951523,Rest (Baseline),-0.50272908504121
1773309692.1961524,Rest (Baseline),-0.47949496493674815
1773309692.1971524,Rest (Baseline),-0.4343175091780722
1773309692.1981523,Rest (Baseline),-0.3775229933671653
1773309692.1991522,Rest (Baseline),-0.3168561242055148
1773309692.2001524,Rest (Baseline),-0.2600616083946079
1773309692.2011523,Rest (Baseline),-0.21359336818568408
1773309692.2021523,Rest (Baseline),-0.1800329724792391
1773309692.2031524,Rest (Baseline),-0.16196199017576873
1773309692.2041523,Rest (Baseline),-0.1645435590762645
1773309692.2051523,Rest (Baseline),-0.18519611028023064
1773309692.2061524,Rest (Baseline),-0.23295513493940234
1773309692.2071524,Rest (Baseline),-0.3000759263522923
1773309692.2081523,Rest (Baseline),-0.381395346717909
1773309692.2091522,Rest (Baseline),-0.46271476708352566
1773309692.2101524,Rest (Baseline),-0.5401618340983987
1773309692.2111523,Rest (Baseline),-0.6085734099615365
1773309692.2209017,Rest (Baseline),-0.6640771413221955
1773309692.2219017,Rest (Baseline),-0.7040914592798799
1773309692.2229018,Rest (Baseline),-0.7234532260335982
1773309692.2239017,Rest (Baseline),-0.726034794934094
1773309692.2249017,Rest (Baseline),-0.7002191059291363
1773309692.2259018,Rest (Baseline),-0.6550416501704603
1773309692.2269018,Rest (Baseline),-0.5982471343595535
1773309692.2279017,Rest (Baseline),-0.5388710496481508
1773309692.2289016,Rest (Baseline),-0.48078574938699603
1773309692.2299018,Rest (Baseline),-0.4343175091780722
1773309692.2309017,Rest (Baseline),-0.3955939756706357
1773309692.2319016,Rest (Baseline),-0.37494142446666956
1773309692.2329018,Rest (Baseline),-0.369778286665678
1773309692.2339017,Rest (Baseline),-0.38397691561840475
1773309692.2349017,Rest (Baseline),-0.42399123357608914
1773309692.2359018,Rest (Baseline),-0.492402809439227
1773309692.2369018,Rest (Baseline),-0.5491973252501339
1773309692.2379017,Rest (Baseline),-0.6227720389142632
1773309692.2389016,Rest (Baseline),-0.6898928303271532
1773309692.2399018,Rest (Baseline),-0.7492689150385559
1773309692.2409017,Rest (Baseline),-0.7970279396977276
1773309692.2419016,Rest (Baseline),-0.8305883354041725
1773309692.2429018,Rest (Baseline),-0.8486593177076429
1773309692.2439017,Rest (Baseline),-0.8486593177076429
1773309692.2449017,Rest (Baseline),-0.8241344131529331
1773309692.2459018,Rest (Baseline),-0.781538526294753
1773309692.2469018,Rest (Baseline),-0.7324887171853334
1773309692.2479017,Rest (Baseline),-0.680857339175418
1773309692.2489018,Rest (Baseline),-0.6343890989664942
1773309692.2499018,Rest (Baseline),-0.5982471343595535
1773309692.2509017,Rest (Baseline),-0.5724314453545958
1773309692.2519016,Rest (Baseline),-0.5621051697526127
1773309692.2529018,Rest (Baseline),-0.5685590920038521
1773309692.2539017,Rest (Baseline),-0.5930839965585619
1773309692.2549016,Rest (Baseline),-0.6421338056679815
1773309692.2559018,Rest (Baseline),-0.7053822437301278
1773309692.2569017,Rest (Baseline),-0.7725030351430178
1773309692.2579017,Rest (Baseline),-0.8447869643568993
1773309692.2589018,Rest (Baseline),-0.9067446179687977
1773309692.2599018,Rest (Baseline),-0.9622483493294567
1773309692.2609017,Rest (Baseline),-1.0048442361876369
1773309692.2619016,Rest (Baseline),-1.0293691407423466
1773309692.2629018,Rest (Baseline),-1.0384046318940818
1773309692.2639017,Rest (Baseline),-1.025496787391603
1773309692.2649016,Rest (Baseline),-0.9880640383344144
1773309692.2659018,Rest (Baseline),-0.9351418758742511
1773309692.2669017,Rest (Baseline),-0.8744750067126006
1773309692.2679017,Rest (Baseline),-0.8125173531007022
1773309692.2689018,Rest (Baseline),-0.7570136217400432
1773309692.2699018,Rest (Baseline),-0.7105453815311193
1773309692.2709017,Rest (Baseline),-0.6769849858246744
1773309692.2719018,Rest (Baseline),-0.658914003521204
1773309692.2729018,Rest (Baseline),-0.658914003521204
1773309692.2739017,Rest (Baseline),-0.6821481236256659
1773309692.2749016,Rest (Baseline),-0.7273255793843418
1773309692.2759018,Rest (Baseline),-0.7879924485459924
1773309692.2769017,Rest (Baseline),-0.8564040244091302
1773309692.2779016,Rest (Baseline),-0.9196524624712765
1773309692.2789018,Rest (Baseline),-0.9816101160831749
1773309692.2799017,Rest (Baseline),-1.0306599251925945
1773309692.2809017,Rest (Baseline),-1.0668018897995353
1773309692.2819018,Rest (Baseline),-1.0874544410035014
1773309692.2829018,Rest (Baseline),-1.0887452254537493
1773309692.2839017,Rest (Baseline),-1.0680926742497832
1773309692.2849016,Rest (Baseline),-1.024206002941355
1773309692.2859018,Rest (Baseline),-0.9674114871304482
1773309692.2869017,Rest (Baseline),-0.902872264618054
1773309692.2879016,Rest (Baseline),-0.8422053954564035
1773309692.2889018,Rest (Baseline),-0.7879924485459924
1773309692.2899017,Rest (Baseline),-0.7441057772375643
1773309692.2909017,Rest (Baseline),-0.7157085193321109
1773309692.2919018,Rest (Baseline),-0.702800674829632
1773309692.2929018,Rest (Baseline),-0.7079638126306236
1773309692.2939017,Rest (Baseline),-0.7350702860858291
1773309692.2949016,Rest (Baseline),-0.7854108796454966
1773309692.2959018,Rest (Baseline),-0.8460777488071471
1773309692.2969017,Rest (Baseline),-0.9080354024190456
1773309692.2979016,Rest (Baseline),-0.9738654093816876
1773309692.2989018,Rest (Baseline),-1.024206002941355
1773309692.2999017,Rest (Baseline),-1.0642203208990395
1773309692.3009017,Rest (Baseline),-1.0900360099039972
1773309692.3019018,Rest (Baseline),-1.0964899321552366
1773309692.3029017,Rest (Baseline),-1.0848728721030056
1773309692.3039017,Rest (Baseline),-1.047440123045817
1773309692.3049018,Rest (Baseline),-0.9893548227846622
1773309692.3059018,Rest (Baseline),-0.9209432469215244
1773309692.3069017,Rest (Baseline),-0.847368533257395
1773309692.3079016,Rest (Baseline),-0.7802477418445051
1773309692.3089018,Rest (Baseline),-0.7221624415833503
1773309692.3099017,Rest (Baseline),-0.6756942013744265
1773309692.3109016,Rest (Baseline),-0.6460061590187252
1773309692.3119018,Rest (Baseline),-0.6330983145162463
1773309692.3129017,Rest (Baseline),-0.6408430212177336
1773309692.3139017,Rest (Baseline),-0.6731126324739307
1773309692.3149018,Rest (Baseline),-0.7234532260335982
1773309692.3159018,Rest (Baseline),-0.7854108796454966
1773309692.3169017,Rest (Baseline),-0.8512408866081387
1773309692.3179016,Rest (Baseline),-0.9093261868692935
1773309692.3189018,Rest (Baseline),-0.9635391337797046
1773309692.3199017,Rest (Baseline),-1.0009718828368932
1773309692.315293,Rest (Baseline),-1.0229152184911072
1773309692.316293,Rest (Baseline),-1.0280783562920988
1773309692.3172932,Rest (Baseline),-1.013879727339372
1773309692.318293,Rest (Baseline),-0.9725746249314398
1773309692.319293,Rest (Baseline),-0.914489324670285
1773309692.3202932,Rest (Baseline),-0.8447869643568993
1773309692.321293,Rest (Baseline),-0.7750846040435135
1773309692.322293,Rest (Baseline),-0.7105453815311193
1773309692.323293,Rest (Baseline),-0.6537508657202125
1773309692.3242931,Rest (Baseline),-0.6098641944117844
1773309692.325293,Rest (Baseline),-0.5801761520560831
1773309692.326293,Rest (Baseline),-0.5672683075536042
1773309692.3272932,Rest (Baseline),-0.5711406609043479
1773309692.328293,Rest (Baseline),-0.6008287032600492
1773309692.329293,Rest (Baseline),-0.6460061590187252
1773309692.3302932,Rest (Baseline),-0.6989283214788884
1773309692.331293,Rest (Baseline),-0.7531412683892995
1773309692.332293,Rest (Baseline),-0.8009002930484712
1773309692.333293,Rest (Baseline),-0.8409146110061556
1773309692.3342931,Rest (Baseline),-0.8680210844613612
1773309692.335293,Rest (Baseline),-0.8796381445135921
1773309692.336293,Rest (Baseline),-0.8744750067126006
1773309692.3372931,Rest (Baseline),-0.8512408866081387
1773309692.338293,Rest (Baseline),-0.803481861948967
1773309692.339293,Rest (Baseline),-0.7415242083370686
1773309692.3402932,Rest (Baseline),-0.6718218480236828
1773309692.341293,Rest (Baseline),-0.603410272160545
1773309692.342293,Rest (Baseline),-0.5414526185486466
1773309692.3432932,Rest (Baseline),-0.4898212405387312
1773309692.344293,Rest (Baseline),-0.4510977070312947
1773309692.345293,Rest (Baseline),-0.4278635869268328
1773309692.346293,Rest (Baseline),-0.42270044912584126
1773309692.3472931,Rest (Baseline),-0.43818986252881587
1773309692.348293,Rest (Baseline),-0.48078574938699603
1773309692.349293,Rest (Baseline),-0.5349986962974072
1773309692.3502932,Rest (Baseline),-0.5995379188098013
1773309692.351293,Rest (Baseline),-0.6627863568719476
1773309692.352293,Rest (Baseline),-0.7195808726828545
1773309692.3532932,Rest (Baseline),-0.7673398973420262
1773309692.354293,Rest (Baseline),-0.8021910774987191
1773309692.355293,Rest (Baseline),-0.8215528442524374
1773309692.356293,Rest (Baseline),-0.825425197603181
1773309692.3572931,Rest (Baseline),-0.8060634308494627
1773309692.358293,Rest (Baseline),-0.7634675439912826
1773309692.359293,Rest (Baseline),-0.7092545970808715
1773309692.3602931,Rest (Baseline),-0.647296943468973
1773309692.361293,Rest (Baseline),-0.5853392898570746
1773309692.362293,Rest (Baseline),-0.5324171273969114
1773309692.3632932,Rest (Baseline),-0.4898212405387312
1773309692.364293,Rest (Baseline),-0.4601331981830299
1773309692.365293,Rest (Baseline),-0.44851613813079894
1773309692.3662932,Rest (Baseline),-0.45497006038203835
1773309692.3672931,Rest (Baseline),-0.4846581027377397
1773309692.368293,Rest (Baseline),-0.536289480747655
1773309692.369293,Rest (Baseline),-0.6021194877102971
1773309692.3702931,Rest (Baseline),-0.670531063573435
1773309692.371293,Rest (Baseline),-0.7376518549863249
1773309692.372293,Rest (Baseline),-0.7957371552474797
1773309692.3732932,Rest (Baseline),-0.8409146110061556
1773309692.374293,Rest (Baseline),-0.8718934378121048
1773309692.375293,Rest (Baseline),-0.8848012823145837
1773309692.3762932,Rest (Baseline),-0.8796381445135921
1773309692.377293,Rest (Baseline),-0.8499501021578908
1773309692.378293,Rest (Baseline),-0.7970279396977276
1773309692.379293,Rest (Baseline),-0.7337795016355813
1773309692.3802931,Rest (Baseline),-0.6640771413221955
1773309692.381293,Rest (Baseline),-0.5969563499093056
1773309692.382293,Rest (Baseline),-0.5401618340983987
1773309692.3832932,Rest (Baseline),-0.49369359388947487
1773309692.384293,Rest (Baseline),-0.46271476708352566
1773309692.385293,Rest (Baseline),-0.44851613813079894
1773309692.3862932,Rest (Baseline),-0.4523884914815426
1773309692.387293,Rest (Baseline),-0.4846581027377397
1773309692.388293,Rest (Baseline),-0.5349986962974072
1773309692.389293,Rest (Baseline),-0.5982471343595535
1773309692.3902931,Rest (Baseline),-0.6653679257724434
1773309692.391293,Rest (Baseline),-0.7286163638345897
1773309692.392293,Rest (Baseline),-0.7828293107450008
1773309692.3932931,Rest (Baseline),-0.8267159820534289
1773309692.394293,Rest (Baseline),-0.8538224555086344
1773309692.395293,Rest (Baseline),-0.8641487311106175
1773309692.3962932,Rest (Baseline),-0.8564040244091302
1773309692.397293,Rest (Baseline),-0.8228436287026852
1773309692.398293,Rest (Baseline),-0.769921466242522
1773309692.3992932,Rest (Baseline),-0.7092545970808715
1773309692.400293,Rest (Baseline),-0.6434245901182294
1773309692.401293,Rest (Baseline),-0.5827577209565789
1773309692.402293,Rest (Baseline),-0.5298355584964156
1773309692.4032931,Rest (Baseline),-0.492402809439227
1773309692.404293,Rest (Baseline),-0.4691686893347651
1773309692.405293,Rest (Baseline),-0.4652963359840214
1773309692.4062932,Rest (Baseline),-0.47949496493674815
1773309692.407293,Rest (Baseline),-0.5208000673446804
1773309692.408293,Rest (Baseline),-0.5801761520560831
1773309692.4092932,Rest (Baseline),-0.6498785123694688
1773309692.410293,Rest (Baseline),-0.7221624415833503
1773309692.411293,Rest (Baseline),-0.7892832329962403
1773309692.412293,Rest (Baseline),-0.8486593177076429
1773309692.4132931,Rest (Baseline),-0.8938367734663188
1773309692.414293,Rest (Baseline),-0.9248156002722681
1773309692.4081776,Rest (Baseline),-0.936432660324499
1773309692.4091775,Rest (Baseline),-0.9299787380732596
1773309692.4101777,Rest (Baseline),-0.8886736356653273
1773309692.4111776,Rest (Baseline),-0.8434961799066514
1773309692.4121776,Rest (Baseline),-0.7854108796454966
1773309692.4131777,Rest (Baseline),-0.7195808726828545
1773309692.4141777,Rest (Baseline),-0.6602047879714519
1773309692.4151776,Rest (Baseline),-0.6111549788620323
1773309692.4161775,Rest (Baseline),-0.5737222298048437
1773309692.4171777,Rest (Baseline),-0.5517788941506296
1773309692.4181776,Rest (Baseline),-0.5491973252501339
1773309692.4191775,Rest (Baseline),-0.5646867386531085
1773309692.4201777,Rest (Baseline),-0.6072826255112886
1773309692.4211776,Rest (Baseline),-0.6640771413221955
1773309692.4221776,Rest (Baseline),-0.7299071482848376
1773309692.4231777,Rest (Baseline),-0.7957371552474797
1773309692.4241776,Rest (Baseline),-0.8538224555086344
1773309692.4251776,Rest (Baseline),-0.9015814801678061
1773309692.4261775,Rest (Baseline),-0.9351418758742511
1773309692.4271777,Rest (Baseline),-0.9506312892772257
1773309692.4281776,Rest (Baseline),-0.9493405048269778
1773309692.4291775,Rest (Baseline),-0.9248156002722681
1773309692.4301777,Rest (Baseline),-0.8757657911628485
1773309692.4311776,Rest (Baseline),-0.8150989220011979
1773309692.4321775,Rest (Baseline),-0.7415242083370686
1773309692.4331777,Rest (Baseline),-0.6731126324739307
1773309692.4341776,Rest (Baseline),-0.6059918410610408
1773309692.4351776,Rest (Baseline),-0.5530696786008775
1773309692.4361777,Rest (Baseline),-0.5130553606431931
1773309692.4371777,Rest (Baseline),-0.492402809439227
1773309692.4381776,Rest (Baseline),-0.48853045608848333
1773309692.4391775,Rest (Baseline),-0.5091830072924495
1773309692.4401777,Rest (Baseline),-0.5530696786008775
1773309692.4411776,Rest (Baseline),-0.6124457633122802
1773309692.4421775,Rest (Baseline),-0.6795665547251701
1773309692.4431777,Rest (Baseline),-0.7453965616878122
1773309692.4441776,Rest (Baseline),-0.8047726463992149
1773309692.4451776,Rest (Baseline),-0.8551132399588823
1773309692.4461777,Rest (Baseline),-0.892545989016071
1773309692.4471776,Rest (Baseline),-0.9119077557697892
1773309692.4481776,Rest (Baseline),-0.9131985402200371
1773309692.4491775,Rest (Baseline),-0.8912552045658231
1773309692.4501777,Rest (Baseline),-0.8447869643568993
1773309692.4511776,Rest (Baseline),-0.7841200951952487
1773309692.4521775,Rest (Baseline),-0.714417734881863
1773309692.4531777,Rest (Baseline),-0.647296943468973
1773309692.4541776,Rest (Baseline),-0.5879208587575704
1773309692.4551775,Rest (Baseline),-0.536289480747655
1773309692.4561777,Rest (Baseline),-0.5014383005909622
1773309692.4571776,Rest (Baseline),-0.4833673182874918
1773309692.4581776,Rest (Baseline),-0.4833673182874918
1773309692.4591777,Rest (Baseline),-0.5091830072924495
1773309692.4601777,Rest (Baseline),-0.5582328164018691
1773309692.4611776,Rest (Baseline),-0.6176089011132717
1773309692.4621775,Rest (Baseline),-0.6860204769764096
1773309692.4631777,Rest (Baseline),-0.7492689150385559
1773309692.4641776,Rest (Baseline),-0.8060634308494627
1773309692.4651775,Rest (Baseline),-0.8499501021578908
1773309692.4661777,Rest (Baseline),-0.8796381445135921
1773309692.4671776,Rest (Baseline),-0.8899644201155752
1773309692.4681776,Rest (Baseline),-0.8822197134140879
1773309692.4691777,Rest (Baseline),-0.8499501021578908
1773309692.4701777,Rest (Baseline),-0.7970279396977276
1773309692.4711776,Rest (Baseline),-0.7337795016355813
1773309692.4721775,Rest (Baseline),-0.6640771413221955
1773309692.4731777,Rest (Baseline),-0.6008287032600492
1773309692.4741776,Rest (Baseline),-0.5440341874491423
1773309692.4751775,Rest (Baseline),-0.5001475161407143
1773309692.4761777,Rest (Baseline),-0.47175025823526084
1773309692.4771776,Rest (Baseline),-0.4601331981830299
1773309692.4781775,Rest (Baseline),-0.4665871204342693
1773309692.4791777,Rest (Baseline),-0.4988567316904664
1773309692.4801776,Rest (Baseline),-0.5504881097003818
1773309692.4811776,Rest (Baseline),-0.6124457633122802
1773309692.4821775,Rest (Baseline),-0.6744034169241786
1773309692.4831777,Rest (Baseline),-0.7337795016355813
1773309692.4841776,Rest (Baseline),-0.781538526294753
1773309692.4851775,Rest (Baseline),-0.8163897064514458
1773309692.4861777,Rest (Baseline),-0.8344606887549162
1773309692.4871776,Rest (Baseline),-0.8331699043046683
1773309692.4881775,Rest (Baseline),-0.8125173531007022
1773309692.4891777,Rest (Baseline),-0.7647583284415305
1773309692.4901776,Rest (Baseline),-0.6989283214788884
1773309692.4911776,Rest (Baseline),-0.6227720389142632
1773309692.4921777,Rest (Baseline),-0.5453249718993902
1773309692.4931777,Rest (Baseline),-0.4743318271357566
1773309692.4941776,Rest (Baseline),-0.4123741735238582
1773309692.4951775,Rest (Baseline),-0.3659059333149344
1773309692.4961777,Rest (Baseline),-0.33621789095923305
1773309692.4971776,Rest (Baseline),-0.32589161535725
1773309692.4981775,Rest (Baseline),-0.33621789095923305
1773309692.4991777,Rest (Baseline),-0.3723598555661738
1773309692.5001776,Rest (Baseline),-0.43044515582732856
1773309692.5011775,Rest (Baseline),-0.492402809439227
1773309692.5021777,Rest (Baseline),-0.5595236008521169
1773309692.5031776,Rest (Baseline),-0.6176089011132717
1773309692.5041776,Rest (Baseline),-0.6666587102226913
1773309692.5051775,Rest (Baseline),-0.7015098903793842
1773309692.5061777,Rest (Baseline),-0.7182900882326066
1773309692.5071776,Rest (Baseline),-0.7157085193321109
1773309692.5182543,Rest (Baseline),-0.692474399227649
1773309692.5192542,Rest (Baseline),-0.6408430212177336
1773309692.5202544,Rest (Baseline),-0.5724314453545958
1773309692.5212543,Rest (Baseline),-0.49627516278997064
1773309692.5222542,Rest (Baseline),-0.4188280957750976
1773309692.5232544,Rest (Baseline),-0.34525338211096823
1773309692.5242543,Rest (Baseline),-0.2845865129493177
1773309692.5252542,Rest (Baseline),-0.236827488290146
1773309692.5262542,Rest (Baseline),-0.20713944593444467
1773309692.5272543,Rest (Baseline),-0.1955223858822137
1773309692.5282543,Rest (Baseline),-0.20713944593444467
1773309692.5292542,Rest (Baseline),-0.24586297944188118
1773309692.5302544,Rest (Baseline),-0.3000759263522923
1773309692.5312543,Rest (Baseline),-0.3620335799641907
1773309692.5322542,Rest (Baseline),-0.4278635869268328
1773309692.5332544,Rest (Baseline),-0.48594888718798757
1773309692.5342543,Rest (Baseline),-0.5337079118471593
1773309692.5352542,Rest (Baseline),-0.5685590920038521
1773309692.5362542,Rest (Baseline),-0.5853392898570746
1773309692.5372543,Rest (Baseline),-0.5827577209565789
1773309692.5382543,Rest (Baseline),-0.5569420319516212
1773309692.5392542,Rest (Baseline),-0.5078922228422016
1773309692.5402544,Rest (Baseline),-0.4420622158795595
1773309692.5412543,Rest (Baseline),-0.36848750221543014
1773309692.5422542,Rest (Baseline),-0.29620357300154865
1773309692.5432544,Rest (Baseline),-0.2290827815886587
1773309692.5442543,Rest (Baseline),-0.1735790502279997
1773309692.5452542,Rest (Baseline),-0.1322739478200674
1773309692.5462544,Rest (Baseline),-0.10774904326535761
1773309692.5472543,Rest (Baseline),-0.10000433656387031
1773309692.5482543,Rest (Baseline),-0.11807531886734068
1773309692.5492542,Rest (Baseline),-0.1567988523747772
1773309692.5502543,Rest (Baseline),-0.20972101483494043
1773309692.5512543,Rest (Baseline),-0.2690970995463431
1773309692.5522542,Rest (Baseline),-0.32589161535725
1773309692.5532544,Rest (Baseline),-0.3775229933671653
1773309692.5542543,Rest (Baseline),-0.4175373113248497
1773309692.5552542,Rest (Baseline),-0.4433530003298074
1773309692.5562544,Rest (Baseline),-0.4523884914815426
1773309692.5572543,Rest (Baseline),-0.44593456923030317
1773309692.5582542,Rest (Baseline),-0.41495574242435396
1773309692.5592542,Rest (Baseline),-0.3620335799641907
1773309692.5602543,Rest (Baseline),-0.29749435745179653
1773309692.5612543,Rest (Baseline),-0.2277919971384108
1773309692.5622542,Rest (Baseline),-0.16067120572552085
1773309692.5632544,Rest (Baseline),-0.10387668991461396
1773309692.5642543,Rest (Baseline),-0.057408449705690145
1773309692.5652542,Rest (Baseline),-0.026429622899740934
1773309692.5662544,Rest (Baseline),-0.012230993947014213
1773309692.5672543,Rest (Baseline),-0.017394131748005748
1773309692.5682542,Rest (Baseline),-0.047082174103707075
1773309692.5692544,Rest (Baseline),-0.09742276766337454
1773309692.5702543,Rest (Baseline),-0.15938042127527297
1773309692.5712543,Rest (Baseline),-0.22391964378766716
1773309692.5722542,Rest (Baseline),-0.2858772973995656
1773309692.5732543,Rest (Baseline),-0.3400902443099767
1773309692.5742543,Rest (Baseline),-0.381395346717909
1773309692.5752542,Rest (Baseline),-0.40721103572286665
1773309692.5762544,Rest (Baseline),-0.41624652687460184
1773309692.5772543,Rest (Baseline),-0.40592025127261877
1773309692.5782542,Rest (Baseline),-0.36848750221543014
1773309692.5792544,Rest (Baseline),-0.31298377085477114
1773309692.5802543,Rest (Baseline),-0.23940905719064176
1773309692.5812542,Rest (Baseline),-0.16970669687725604
1773309692.5822542,Rest (Baseline),-0.1012951210141182
1773309692.5832543,Rest (Baseline),-0.040628251852467656
1773309692.5842543,Rest (Baseline),0.007130772806704044
1773309692.5852542,Rest (Baseline),0.03940038406290114
1773309692.5862544,Rest (Baseline),0.05359901301562786
1773309692.5872543,Rest (Baseline),0.04714509076438844
1773309692.5882542,Rest (Baseline),0.013584695057943463
1773309692.5892544,Rest (Baseline),-0.036755898501724005
1773309692.5902543,Rest (Baseline),-0.09871355211362243
1773309692.5912542,Rest (Baseline),-0.16325277462601662
1773309692.5922542,Rest (Baseline),-0.2213380748871714
1773309692.5932543,Rest (Baseline),-0.27038788399659097
1773309692.5942543,Rest (Baseline),-0.3065298486035317
1773309692.5952542,Rest (Baseline),-0.32589161535725
1773309692.5962543,Rest (Baseline),-0.32589161535725
1773309692.5972543,Rest (Baseline),-0.3065298486035317
1773309692.5982542,Rest (Baseline),-0.2600616083946079
1773309692.5992544,Rest (Baseline),-0.1955223858822137
1773309692.6002543,Rest (Baseline),-0.11936610331758857
1773309692.6012542,Rest (Baseline),-0.043209820752963424
1773309692.6022544,Rest (Baseline),0.023910970659926534
1773309692.6032543,Rest (Baseline),0.08974097762256861
1773309692.6042542,Rest (Baseline),0.13620921783149242
1773309692.6052542,Rest (Baseline),0.16718804463744164
1773309692.6062543,Rest (Baseline),0.1788051046896726
1773309692.6072543,Rest (Baseline),0.1697696135379374
1773309692.6082542,Rest (Baseline),0.13362764893099666
1773309692.6092544,Rest (Baseline),0.0819962709210813
1773309692.6102543,Rest (Baseline),0.021329401759430766
1773309692.6112542,Rest (Baseline),-0.03933746740221977
1773309692.6122544,Rest (Baseline),-0.09484119876287878
1773309692.6132543,Rest (Baseline),-0.1400186545215547
1773309692.6142542,Rest (Baseline),-0.1722882657777518
1773309692.6152542,Rest (Baseline),-0.1890684636309743
1773309692.6162543,Rest (Baseline),-0.1877776791807264
1773309692.6172543,Rest (Baseline),-0.1645435590762645
1773309692.6123643,Rest (Baseline),-0.11420296551659703
1773309692.6133642,Rest (Baseline),-0.04837295855395496
1773309692.6143644,Rest (Baseline),0.025201755110174417
1773309692.6153643,Rest (Baseline),0.10135803767479956
1773309692.6163642,Rest (Baseline),0.1697696135379374
1773309692.6173644,Rest (Baseline),0.22785491379909217
1773309692.6183643,Rest (Baseline),0.274323154008016
1773309692.6193643,Rest (Baseline),0.30142962746322155
1773309692.6203642,Rest (Baseline),0.31046511861495674
1773309692.6213644,Rest (Baseline),0.2975572741124779
1773309692.6223643,Rest (Baseline),0.2562521717045456
1773309692.6233642,Rest (Baseline),0.19945765589363873
1773309692.6243644,Rest (Baseline),0.13620921783149242
1773309692.6253643,Rest (Baseline),0.07166999531909823
1773309692.6263642,Rest (Baseline),0.013584695057943463
1773309692.6273644,Rest (Baseline),-0.03546511405147612
1773309692.6283643,Rest (Baseline),-0.07031629420816898
1773309692.6293643,Rest (Baseline),-0.08838727651163936
1773309692.6303642,Rest (Baseline),-0.08838727651163936
1773309692.6313643,Rest (Baseline),-0.06644394085742533
1773309692.6323643,Rest (Baseline),-0.017394131748005748
1773309692.6333642,Rest (Baseline),0.04327273741364479
1773309692.6343644,Rest (Baseline),0.10910274437628686
1773309692.6353643,Rest (Baseline),0.17235118243843317
1773309692.6363642,Rest (Baseline),0.2330180516000837
1773309692.6373644,Rest (Baseline),0.27819550735875964
1773309692.6383643,Rest (Baseline),0.3117559030652046
1773309692.6393642,Rest (Baseline),0.3285361009184271
1773309692.6403644,Rest (Baseline),0.3272453164681792
1773309692.6413643,Rest (Baseline),0.30272041191346943
1773309692.6423643,Rest (Baseline),0.25237981835380197
1773309692.6433642,Rest (Baseline),0.19687608699314296
1773309692.6443644,Rest (Baseline),0.12717372667975724
1773309692.6453643,Rest (Baseline),0.061343719717115164
1773309692.6463642,Rest (Baseline),0.0058399883564561605
1773309692.6473644,Rest (Baseline),-0.040628251852467656
1773309692.6483643,Rest (Baseline),-0.07289786310866475
1773309692.6493642,Rest (Baseline),-0.08838727651163936
1773309692.6503644,Rest (Baseline),-0.08322413871064782
1773309692.6513643,Rest (Baseline),-0.05611766525544226
1773309692.6523643,Rest (Baseline),-0.008358640596270561
1773309692.6533642,Rest (Baseline),0.05359901301562786
1773309692.6543643,Rest (Baseline),0.11942901997826993
1773309692.6553643,Rest (Baseline),0.18267745804041624
1773309692.6563642,Rest (Baseline),0.23818118940107524
1773309692.6573644,Rest (Baseline),0.2833586451597512
1773309692.6583643,Rest (Baseline),0.3143374719657004
1773309692.6593642,Rest (Baseline),0.3285361009184271
1773309692.6603644,Rest (Baseline),0.32466374756768346
1773309692.6613643,Rest (Baseline),0.29497570521198213
1773309692.6623642,Rest (Baseline),0.24592589610256255
1773309692.6633644,Rest (Baseline),0.1865498113911599
1773309692.6643643,Rest (Baseline),0.12459215777926147
1773309692.6653643,Rest (Baseline),0.06779764196835458
1773309692.6663642,Rest (Baseline),0.018747832858935
1773309692.6673644,Rest (Baseline),-0.01868491619825363
1773309692.6683643,Rest (Baseline),-0.03933746740221977
1773309692.6693642,Rest (Baseline),-0.04191903630271554
1773309692.6703644,Rest (Baseline),-0.026429622899740934
1773309692.6713643,Rest (Baseline),0.01616626395843923
1773309692.6723642,Rest (Baseline),0.07812391757033765
1773309692.6733644,Rest (Baseline),0.14911706233397126
1773309692.6743643,Rest (Baseline),0.22269177599810064
1773309692.6753643,Rest (Baseline),0.29239413631148636
1773309692.6763642,Rest (Baseline),0.3530610054731369
1773309692.6773643,Rest (Baseline),0.4008200301323086
1773309692.6783643,Rest (Baseline),0.4317988569382578
1773309692.6793642,Rest (Baseline),0.44341591699048877
1773309692.6803644,Rest (Baseline),0.43567121028900146
1773309692.6813643,Rest (Baseline),0.39823846123181283
1773309692.6823642,Rest (Baseline),0.3440255143214017
1773309692.6833644,Rest (Baseline),0.27819550735875964
1773309692.6843643,Rest (Baseline),0.2097839314956218
1773309692.6853642,Rest (Baseline),0.1465354934334755
1773309692.6863642,Rest (Baseline),0.09361333097331226
1773309692.6873643,Rest (Baseline),0.05359901301562786
1773309692.6883643,Rest (Baseline),0.031655677361413836
1773309692.6893642,Rest (Baseline),0.027783324010670185
1773309692.6903644,Rest (Baseline),0.034237246261909604
1773309692.6913643,Rest (Baseline),0.09103176207281649
1773309692.6923642,Rest (Baseline),0.1529894156847149
1773309692.6933644,Rest (Baseline),0.22398256044834852
1773309692.6943643,Rest (Baseline),0.2975572741124779
1773309692.6953642,Rest (Baseline),0.36338728107511997
1773309692.6963644,Rest (Baseline),0.42018179688602686
1773309692.6973643,Rest (Baseline),0.462777683744207
1773309692.6983643,Rest (Baseline),0.4885933727491647
1773309692.6993642,Rest (Baseline),0.496338079450652
1773309692.7003644,Rest (Baseline),0.4808486660476774
1773309692.7013643,Rest (Baseline),0.43825277918949723
1773309692.7023642,Rest (Baseline),0.38145826337859035
1773309692.7033644,Rest (Baseline),0.31562825641594827
1773309692.7043643,Rest (Baseline),0.24850746500305831
1773309692.7053642,Rest (Baseline),0.18913138029165566
1773309692.7063644,Rest (Baseline),0.1387907867319882
1773309692.7073643,Rest (Baseline),0.10264882212504745
1773309692.7083642,Rest (Baseline),0.08457783982157707
1773309692.7093642,Rest (Baseline),0.08457783982157707
1773309692.7103643,Rest (Baseline),0.1065211754757911
1773309692.7113643,Rest (Baseline),0.14782627788372338
1773309692.7194724,Rest (Baseline),0.2175286381971091
1773309692.7204723,Rest (Baseline),0.28723099851049483
1773309692.7214725,Rest (Baseline),0.3595149277243763
1773309692.7224724,Rest (Baseline),0.4253449346870184
1773309692.7234724,Rest (Baseline),0.4808486660476774
1773309692.7244725,Rest (Baseline),0.5221537684556097
1773309692.7254725,Rest (Baseline),0.5453878885600716
1773309692.7264724,Rest (Baseline),0.551841810811311
1773309692.7274723,Rest (Baseline),0.5337708285078406
1773309692.7284725,Rest (Baseline),0.49117494164966047
1773309692.7294724,Rest (Baseline),0.4317988569382578
1773309692.7304723,Rest (Baseline),0.3672596344258636
1773309692.7314725,Rest (Baseline),0.3040111963637173
1773309692.7324724,Rest (Baseline),0.24592589610256255
1773309692.7334723,Rest (Baseline),0.19816687144339085
1773309692.7344725,Rest (Baseline),0.16331569128669798
1773309692.7354724,Rest (Baseline),0.14782627788372338
1773309692.7364724,Rest (Baseline),0.15040784678421915
1773309692.7374723,Rest (Baseline),0.17622353578917682
1773309692.7384725,Rest (Baseline),0.22785491379909217
1773309692.7394724,Rest (Baseline),0.2911033518612385
1773309692.7404723,Rest (Baseline),0.36467806552536786
1773309692.7414725,Rest (Baseline),0.4330896413885057
1773309692.7424724,Rest (Baseline),0.49891964835114777
1773309692.7434723,Rest (Baseline),0.5544233797118068
1773309692.7444725,Rest (Baseline),0.5944376976694912
1773309692.7454724,Rest (Baseline),0.618962602224201
1773309692.7464724,Rest (Baseline),0.6254165244754404
1773309692.7474725,Rest (Baseline),0.6047639732714742
1773309692.7484725,Rest (Baseline),0.563458870863542
1773309692.7494724,Rest (Baseline),0.5092459239531308
1773309692.7504723,Rest (Baseline),0.4485790547914803
1773309692.7514725,Rest (Baseline),0.39049375453032553
1773309692.7524724,Rest (Baseline),0.3375715920701623
1773309692.7534723,Rest (Baseline),0.29497570521198213
1773309692.7544725,Rest (Baseline),0.26786923175677657
1773309692.7554724,Rest (Baseline),0.2575429561547935
1773309692.7564723,Rest (Baseline),0.2652876628562808
1773309692.7574725,Rest (Baseline),0.2988480585627258
1773309692.7584724,Rest (Baseline),0.3530610054731369
1773309692.7594724,Rest (Baseline),0.418891012435779
1773309692.7604723,Rest (Baseline),0.4898841571994126
1773309692.7614725,Rest (Baseline),0.5557141641620547
1773309692.7624724,Rest (Baseline),0.6137994644232094
1773309692.7634723,Rest (Baseline),0.6602677046321332
1773309692.7644725,Rest (Baseline),0.6912465314380825
1773309692.7654724,Rest (Baseline),0.7054451603908092
1773309692.7664723,Rest (Baseline),0.7015728070400655
1773309692.7674725,Rest (Baseline),0.6693031957838684
1773309692.7684724,Rest (Baseline),0.6176718177739531
1773309692.7694724,Rest (Baseline),0.5570049486123025
1773309692.7704725,Rest (Baseline),0.49375651055015624
1773309692.7714725,Rest (Baseline),0.43567121028900146
1773309692.7724724,Rest (Baseline),0.385330616729334
1773309692.7734723,Rest (Baseline),0.34789786767214537
1773309692.7744725,Rest (Baseline),0.32595453201793134
1773309692.7754724,Rest (Baseline),0.32466374756768346
1773309692.7764723,Rest (Baseline),0.34144394542090595
1773309692.7774725,Rest (Baseline),0.3866214011795819
1773309692.7784724,Rest (Baseline),0.4485790547914803
1773309692.7794724,Rest (Baseline),0.5208629840053618
1773309692.7804725,Rest (Baseline),0.5970192665699869
1773309692.7814724,Rest (Baseline),0.6667216268833727
1773309692.7824724,Rest (Baseline),0.7260977115947753
1773309692.7834723,Rest (Baseline),0.7725659518036991
1773309692.7844725,Rest (Baseline),0.8022539941594005
1773309692.7854724,Rest (Baseline),0.8112894853111356
1773309692.7864723,Rest (Baseline),0.8009632097091526
1773309692.7874725,Rest (Baseline),0.7596581073012203
1773309692.7884724,Rest (Baseline),0.708026729291305
1773309692.7894723,Rest (Baseline),0.6447782912291586
1773309692.7904725,Rest (Baseline),0.5789482842665166
1773309692.7914724,Rest (Baseline),0.5208629840053618
1773309692.7924724,Rest (Baseline),0.474394743796438
1773309692.7934723,Rest (Baseline),0.4421251325402409
1773309692.7944725,Rest (Baseline),0.42792650358751416
1773309692.7954724,Rest (Baseline),0.4343804258387536
1773309692.7964723,Rest (Baseline),0.462777683744207
1773309692.7974725,Rest (Baseline),0.518281415104866
1773309692.7984724,Rest (Baseline),0.5905653443187475
1773309692.7994723,Rest (Baseline),0.6705939802341163
1773309692.8004725,Rest (Baseline),0.7532041850499809
1773309692.8014724,Rest (Baseline),0.8267788987141103
1773309692.8024724,Rest (Baseline),0.8900273367762566
1773309692.8034725,Rest (Baseline),0.9377863614354283
1773309692.8044724,Rest (Baseline),0.9674744037911296
1773309692.8054724,Rest (Baseline),0.9778006793931127
1773309692.8064723,Rest (Baseline),0.9636020504403859
1773309692.8074725,Rest (Baseline),0.9235877324827015
1773309692.8084724,Rest (Baseline),0.8667932166717947
1773309692.8094723,Rest (Baseline),0.7996724252589047
1773309692.8104725,Rest (Baseline),0.7454594783484936
1773309692.8114724,Rest (Baseline),0.6757571180351079
1773309692.8124723,Rest (Baseline),0.6254165244754404
1773309692.8134725,Rest (Baseline),0.5892745598684996
1773309692.8144724,Rest (Baseline),0.5699127931147814
1773309692.8154724,Rest (Baseline),0.5673312242142856
1773309692.8164723,Rest (Baseline),0.5892745598684996
1773309692.8174725,Rest (Baseline),0.6370335845276713
1773309692.8184724,Rest (Baseline),0.6989912381395698
1773309692.8135252,Rest (Baseline),0.7699843829032034
1773309692.8145251,Rest (Baseline),0.840977527666837
1773309692.8155253,Rest (Baseline),0.9029351812787354
1773309692.8165252,Rest (Baseline),0.9558573437388986
1773309692.8175251,Rest (Baseline),0.9945808772463351
1773309692.8185253,Rest (Baseline),1.0152334284503013
1773309692.8195252,Rest (Baseline),1.0165242129005492
1773309692.8205252,Rest (Baseline),0.9919993083458394
1773309692.821525,Rest (Baseline),0.9455310681369156
1773309692.8225253,Rest (Baseline),0.8835734145250171
1773309692.8235252,Rest (Baseline),0.8164526231121272
1773309692.824525,Rest (Baseline),0.7493318316992372
1773309692.8255253,Rest (Baseline),0.6899557469878346
1773309692.8265252,Rest (Baseline),0.6396151534281671
1773309692.8275251,Rest (Baseline),0.6047639732714742
1773309692.8285253,Rest (Baseline),0.5879837754182518
1773309692.8295252,Rest (Baseline),0.5905653443187475
1773309692.8305252,Rest (Baseline),0.6163810333237052
1773309692.831525,Rest (Baseline),0.6667216268833727
1773309692.8325253,Rest (Baseline),0.7286792804952711
1773309692.8335252,Rest (Baseline),0.795800071908161
1773309692.834525,Rest (Baseline),0.8603392944205552
1773309692.8355253,Rest (Baseline),0.91842459468171
1773309692.8365252,Rest (Baseline),0.9648928348906338
1773309692.8375251,Rest (Baseline),0.995871661696583
1773309692.8385253,Rest (Baseline),1.0113610750995576
1773309692.8395252,Rest (Baseline),1.006197937298566
1773309692.8405252,Rest (Baseline),0.9765098949428648
1773309692.8415253,Rest (Baseline),0.9248785169329494
1773309692.8425252,Rest (Baseline),0.8616300788708031
1773309692.8435252,Rest (Baseline),0.7945092874579132
1773309692.844525,Rest (Baseline),0.729970064945519
1773309692.8455253,Rest (Baseline),0.6705939802341163
1773309692.8465252,Rest (Baseline),0.6241257400251925
1773309692.8475251,Rest (Baseline),0.5931469132192433
1773309692.8485253,Rest (Baseline),0.5776574998162687
1773309692.8495252,Rest (Baseline),0.5892745598684996
1773309692.8505251,Rest (Baseline),0.6137994644232094
1773309692.8515253,Rest (Baseline),0.6602677046321332
1773309692.8525252,Rest (Baseline),0.7196437893435359
1773309692.8535252,Rest (Baseline),0.7828922274056822
1773309692.854525,Rest (Baseline),0.840977527666837
1773309692.8555253,Rest (Baseline),0.8938996901270002
1773309692.8565252,Rest (Baseline),0.9326232236344367
1773309692.857525,Rest (Baseline),0.9584389126393944
1773309692.8585253,Rest (Baseline),0.9648928348906338
1773309692.8595252,Rest (Baseline),0.9545665592886508
1773309692.8605251,Rest (Baseline),0.9171338102314621
1773309692.8615253,Rest (Baseline),0.8616300788708031
1773309692.8625252,Rest (Baseline),0.7983816408086568
1773309692.8635252,Rest (Baseline),0.7312608493957669
1773309692.8645253,Rest (Baseline),0.6693031957838684
1773309692.8655252,Rest (Baseline),0.618962602224201
1773309692.8665252,Rest (Baseline),0.5802390687167645
1773309692.867525,Rest (Baseline),0.5595865175127983
1773309692.8685253,Rest (Baseline),0.5557141641620547
1773309692.8695252,Rest (Baseline),0.5724943620152771
1773309692.8705251,Rest (Baseline),0.6150902488734573
1773309692.8715253,Rest (Baseline),0.67446633358486
1773309692.8725252,Rest (Baseline),0.7480410472489893
1773309692.8735251,Rest (Baseline),0.8177434075623751
1773309692.8745253,Rest (Baseline),0.8835734145250171
1773309692.8755252,Rest (Baseline),0.940367930335924
1773309692.8765252,Rest (Baseline),0.9829638171941042
1773309692.877525,Rest (Baseline),1.0087795061990619
1773309692.8785253,Rest (Baseline),1.0165242129005492
1773309692.8795252,Rest (Baseline),0.9997440150473267
1773309692.880525,Rest (Baseline),0.9571481281891465
1773309692.8815253,Rest (Baseline),0.8990628279279917
1773309692.8825252,Rest (Baseline),0.829360467614606
1773309692.8835251,Rest (Baseline),0.7596581073012203
1773309692.8845253,Rest (Baseline),0.6938281003385782
1773309692.8855252,Rest (Baseline),0.6383243689779192
1773309692.8865252,Rest (Baseline),0.5970192665699869
1773309692.887525,Rest (Baseline),0.5724943620152771
1773309692.8885252,Rest (Baseline),0.5673312242142856
1773309692.8895252,Rest (Baseline),0.585402206517756
1773309692.890525,Rest (Baseline),0.6305796622764319
1773309692.8915253,Rest (Baseline),0.6899557469878346
1773309692.8925252,Rest (Baseline),0.7557857539504766
1773309692.8935251,Rest (Baseline),0.829360467614606
1773309692.8945253,Rest (Baseline),0.8874457678757608
1773309692.8955252,Rest (Baseline),0.9377863614354283
1773309692.8965251,Rest (Baseline),0.973928326042369
1773309692.8975253,Rest (Baseline),0.9919993083458394
1773309692.8985252,Rest (Baseline),0.9907085238955915
1773309692.8995252,Rest (Baseline),0.9661836193408817
1773309692.900525,Rest (Baseline),0.9145522413309664
1773309692.9015253,Rest (Baseline),0.8500130188185722
1773309692.9025252,Rest (Baseline),0.7764383051544428
1773309692.903525,Rest (Baseline),0.7054451603908092
1773309692.9045253,Rest (Baseline),0.6396151534281671
1773309692.9055252,Rest (Baseline),0.585402206517756
1773309692.9065251,Rest (Baseline),0.5466786730103195
1773309692.9075253,Rest (Baseline),0.5260261218063533
1773309692.9085252,Rest (Baseline),0.5234445529058576
1773309692.9095252,Rest (Baseline),0.5453878885600716
1773309692.910525,Rest (Baseline),0.5918561287689954
1773309692.9115252,Rest (Baseline),0.6538137823808938
1773309692.9125252,Rest (Baseline),0.7222253582440317
1773309692.908912,Rest (Baseline),0.7880553652066737
1773309692.9099119,Rest (Baseline),0.8474314499180764
1773309692.910912,Rest (Baseline),0.8913181212265044
1773309692.911912,Rest (Baseline),0.9287508702836931
1773309692.912912,Rest (Baseline),0.9429494992364198
1773309692.913912,Rest (Baseline),0.940367930335924
1773309692.914912,Rest (Baseline),0.9119706724304706
1773309692.915912,Rest (Baseline),0.8603392944205552
1773309692.9169118,Rest (Baseline),0.7983816408086568
1773309692.917912,Rest (Baseline),0.7286792804952711
1773309692.918912,Rest (Baseline),0.6615584890823811
1773309692.9199119,Rest (Baseline),0.6034731888212264
1773309692.920912,Rest (Baseline),0.5570049486123025
1773309692.921912,Rest (Baseline),0.5247353373561054
1773309692.922912,Rest (Baseline),0.5105367084033787
1773309692.923912,Rest (Baseline),0.5156998462043703
1773309692.924912,Rest (Baseline),0.5479694574605674
1773309692.925912,Rest (Baseline),0.5996008354704827
1773309692.9269118,Rest (Baseline),0.662849273532629
1773309692.927912,Rest (Baseline),0.7312608493957669
1773309692.928912,Rest (Baseline),0.7945092874579132
1773309692.9299119,Rest (Baseline),0.85130380326882
1773309692.930912,Rest (Baseline),0.8938996901270002
1773309692.931912,Rest (Baseline),0.9222969480324537
1773309692.9329119,Rest (Baseline),0.9326232236344367
1773309692.933912,Rest (Baseline),0.9222969480324537
1773309692.934912,Rest (Baseline),0.8887365523260087
1773309692.935912,Rest (Baseline),0.8306512520648539
1773309692.936912,Rest (Baseline),0.763530460651964
1773309692.937912,Rest (Baseline),0.6912465314380825
1773309692.938912,Rest (Baseline),0.6228349555749446
1773309692.9399118,Rest (Baseline),0.5621680864132941
1773309692.940912,Rest (Baseline),0.5131182773038745
1773309692.941912,Rest (Baseline),0.4808486660476774
1773309692.9429119,Rest (Baseline),0.4653592526447028
1773309692.943912,Rest (Baseline),0.46923160599544644
1773309692.944912,Rest (Baseline),0.49891964835114777
1773309692.945912,Rest (Baseline),0.5479694574605674
1773309692.946912,Rest (Baseline),0.60734554217197
1773309692.947912,Rest (Baseline),0.6705939802341163
1773309692.948912,Rest (Baseline),0.7273884960450232
1773309692.9499118,Rest (Baseline),0.7777290896046907
1773309692.950912,Rest (Baseline),0.8164526231121272
1773309692.951912,Rest (Baseline),0.8383959587663412
1773309692.9529119,Rest (Baseline),0.8435590965673327
1773309692.953912,Rest (Baseline),0.829360467614606
1773309692.954912,Rest (Baseline),0.7880553652066737
1773309692.9559119,Rest (Baseline),0.729970064945519
1773309692.956912,Rest (Baseline),0.6654308424331248
1773309692.957912,Rest (Baseline),0.5983100510202348
1773309692.958912,Rest (Baseline),0.5363523974083364
1773309692.959912,Rest (Baseline),0.48472101939842105
1773309692.960912,Rest (Baseline),0.44599748589098454
1773309692.961912,Rest (Baseline),0.4253449346870184
1773309692.9629118,Rest (Baseline),0.42147258133627474
1773309692.963912,Rest (Baseline),0.43825277918949723
1773309692.964912,Rest (Baseline),0.4821394504979253
1773309692.9659119,Rest (Baseline),0.5415155352093279
1773309692.966912,Rest (Baseline),0.6086363266222179
1773309692.967912,Rest (Baseline),0.6783386869356036
1773309692.968912,Rest (Baseline),0.740296340547502
1773309692.969912,Rest (Baseline),0.7932185030076653
1773309692.970912,Rest (Baseline),0.8319420365151018
1773309692.971912,Rest (Baseline),0.8525945877190679
1773309692.9729118,Rest (Baseline),0.8551761566195637
1773309692.973912,Rest (Baseline),0.8332328209653497
1773309692.974912,Rest (Baseline),0.7867645807564259
1773309692.9759119,Rest (Baseline),0.7248069271445274
1773309692.976912,Rest (Baseline),0.6525229979306459
1773309692.977912,Rest (Baseline),0.5866929909680039
1773309692.9789119,Rest (Baseline),0.518281415104866
1773309692.979912,Rest (Baseline),0.4653592526447028
1773309692.980912,Rest (Baseline),0.4266357191372663
1773309692.981912,Rest (Baseline),0.40598316793330014
1773309692.9829118,Rest (Baseline),0.40469238348305225
1773309692.983912,Rest (Baseline),0.4266357191372663
1773309692.984912,Rest (Baseline),0.47568552824668586
1773309692.9859118,Rest (Baseline),0.5376431818585843
1773309692.986912,Rest (Baseline),0.6060547577217221
1773309692.987912,Rest (Baseline),0.6731755491346121
1773309692.9889119,Rest (Baseline),0.7338424182962626
1773309692.989912,Rest (Baseline),0.7828922274056822
1773309692.990912,Rest (Baseline),0.8164526231121272
1773309692.991912,Rest (Baseline),0.8319420365151018
1773309692.992912,Rest (Baseline),0.829360467614606
1773309692.993912,Rest (Baseline),0.7996724252589047
1773309692.994912,Rest (Baseline),0.7480410472489893
1773309692.9959118,Rest (Baseline),0.6822110402863473
1773309692.996912,Rest (Baseline),0.6099271110724658
1773309692.997912,Rest (Baseline),0.54022475075908
1773309692.9989119,Rest (Baseline),0.47697631269693375
1773309692.999912,Rest (Baseline),0.4266357191372663
1773309693.000912,Rest (Baseline),0.39049375453032553
1773309693.0019119,Rest (Baseline),0.37371355667710304
1773309693.002912,Rest (Baseline),0.3762951255775988
1773309693.003912,Rest (Baseline),0.40469238348305225
1773309693.004912,Rest (Baseline),0.45374219259247184
1773309693.0059118,Rest (Baseline),0.5169906306546181
1773309693.006912,Rest (Baseline),0.5866929909680039
1773309693.007912,Rest (Baseline),0.6538137823808938
1773309693.0180185,Rest (Baseline),0.7144806515425444
1773309693.0190184,Rest (Baseline),0.7622396762017161
1773309693.0200186,Rest (Baseline),0.7945092874579132
1773309693.0210185,Rest (Baseline),0.8112894853111356
1773309693.0220184,Rest (Baseline),0.807417131960392
1773309693.0230186,Rest (Baseline),0.7777290896046907
1773309693.0240185,Rest (Baseline),0.7260977115947753
1773309693.0250185,Rest (Baseline),0.6615584890823811
1773309693.0260184,Rest (Baseline),0.5918561287689954
1773309693.0270185,Rest (Baseline),0.5247353373561054
1773309693.0280185,Rest (Baseline),0.4653592526447028
1773309693.0290184,Rest (Baseline),0.4176002279855311
1773309693.0300186,Rest (Baseline),0.3840398322790861
1773309693.0310185,Rest (Baseline),0.3672596344258636
1773309693.0320184,Rest (Baseline),0.3698412033263594
1773309693.0330186,Rest (Baseline),0.40340159903280437
1773309693.0340185,Rest (Baseline),0.45116062369197607
1773309693.0350184,Rest (Baseline),0.5118274928536266
1773309693.0360184,Rest (Baseline),0.5763667153660208
1773309693.0370185,Rest (Baseline),0.6383243689779192
1773309693.0380185,Rest (Baseline),0.6912465314380825
1773309693.0390184,Rest (Baseline),0.7338424182962626
1773309693.0400186,Rest (Baseline),0.7609488917514682
1773309693.0410185,Rest (Baseline),0.7699843829032034
1773309693.0420184,Rest (Baseline),0.7609488917514682
1773309693.0430186,Rest (Baseline),0.7235161426942796
1773309693.0440185,Rest (Baseline),0.6680124113336205
1773309693.0450184,Rest (Baseline),0.6008916199207306
1773309693.0460186,Rest (Baseline),0.5311892596073449
1773309693.0470185,Rest (Baseline),0.4653592526447028
1773309693.0480185,Rest (Baseline),0.40598316793330014
1773309693.0490184,Rest (Baseline),0.35822414327412844
1773309693.0500185,Rest (Baseline),0.32595453201793134
1773309693.0510185,Rest (Baseline),0.3117559030652046
1773309693.0520184,Rest (Baseline),0.31562825641594827
1773309693.0530186,Rest (Baseline),0.351770221022889
1773309693.0540185,Rest (Baseline),0.3995292456820607
1773309693.0550184,Rest (Baseline),0.46019611484371126
1773309693.0560186,Rest (Baseline),0.5208629840053618
1773309693.0570185,Rest (Baseline),0.5776574998162687
1773309693.0580184,Rest (Baseline),0.6254165244754404
1773309693.0590184,Rest (Baseline),0.6615584890823811
1773309693.0600185,Rest (Baseline),0.6809202558360994
1773309693.0610185,Rest (Baseline),0.6822110402863473
1773309693.0620184,Rest (Baseline),0.662849273532629
1773309693.0630186,Rest (Baseline),0.618962602224201
1773309693.0640185,Rest (Baseline),0.5595865175127983
1773309693.0650184,Rest (Baseline),0.49117494164966047
1773309693.0660186,Rest (Baseline),0.4227633657865226
1773309693.0670185,Rest (Baseline),0.3608057121746242
1773309693.0680184,Rest (Baseline),0.30917433416470885
1773309693.0690186,Rest (Baseline),0.2717415851075202
1773309693.0700185,Rest (Baseline),0.2497982494533062
1773309693.0710185,Rest (Baseline),0.24721668055281043
1773309693.0720184,Rest (Baseline),0.2665784473065287
1773309693.0730186,Rest (Baseline),0.3117559030652046
1773309693.0740185,Rest (Baseline),0.3620964966248721
1773309693.0750184,Rest (Baseline),0.4395435636397451
1773309693.0760186,Rest (Baseline),0.5066643550526351
1773309693.0770185,Rest (Baseline),0.5673312242142856
1773309693.0780184,Rest (Baseline),0.6202533866744488
1773309693.0790186,Rest (Baseline),0.6563953512813896
1773309693.0800185,Rest (Baseline),0.6783386869356036
1773309693.0810184,Rest (Baseline),0.6796294713858515
1773309693.0820184,Rest (Baseline),0.6563953512813896
1773309693.0830185,Rest (Baseline),0.6086363266222179
1773309693.0840185,Rest (Baseline),0.5466786730103195
1773309693.0850184,Rest (Baseline),0.47697631269693375
1773309693.0860186,Rest (Baseline),0.4085647368337959
1773309693.0870185,Rest (Baseline),0.3440255143214017
1773309693.0880184,Rest (Baseline),0.29239413631148636
1773309693.0890186,Rest (Baseline),0.2562521717045456
1773309693.0900185,Rest (Baseline),0.23818118940107524
1773309693.0910184,Rest (Baseline),0.23947197385132313
1773309693.0920184,Rest (Baseline),0.2652876628562808
1773309693.0930185,Rest (Baseline),0.3143374719657004
1773309693.0940185,Rest (Baseline),0.3775859100278467
1773309693.0950184,Rest (Baseline),0.44599748589098454
1773309693.0960186,Rest (Baseline),0.5092459239531308
1773309693.0970185,Rest (Baseline),0.5724943620152771
1773309693.0980184,Rest (Baseline),0.618962602224201
1773309693.0990186,Rest (Baseline),0.6512322134803981
1773309693.1000185,Rest (Baseline),0.6615584890823811
1773309693.1010184,Rest (Baseline),0.6551045668311417
1773309693.1020186,Rest (Baseline),0.6215441711246967
1773309693.1030185,Rest (Baseline),0.5660404397640377
1773309693.1040184,Rest (Baseline),0.4950472950004041
1773309693.1050184,Rest (Baseline),0.42147258133627474
1773309693.1060185,Rest (Baseline),0.3453162987716496
1773309693.1070185,Rest (Baseline),0.2794862918090075
1773309693.1080184,Rest (Baseline),0.2252733448985964
1773309693.1090186,Rest (Baseline),0.185259026940912
1773309693.1100185,Rest (Baseline),0.16589726018719375
1773309693.1110184,Rest (Baseline),0.16331569128669798
1773309693.1120186,Rest (Baseline),0.19042216474190354
1773309693.1130185,Rest (Baseline),0.23818118940107524
1773309693.1140184,Rest (Baseline),0.30013884301297367
1773309693.1150184,Rest (Baseline),0.3672596344258636
1773309693.1160185,Rest (Baseline),0.4317988569382578
1773309693.1170185,Rest (Baseline),0.49246572609990835
1773309693.1135535,Rest (Baseline),0.5389339663088322
1773309693.1145535,Rest (Baseline),0.5712035775650293
1773309693.1155536,Rest (Baseline),0.585402206517756
1773309693.1165535,Rest (Baseline),0.5815298531670123
1773309693.1175535,Rest (Baseline),0.5479694574605674
1773309693.1185536,Rest (Baseline),0.49891964835114777
1773309693.1195536,Rest (Baseline),0.4317988569382578
1773309693.1205535,Rest (Baseline),0.3620964966248721
1773309693.1215534,Rest (Baseline),0.29626648966223
1773309693.1225536,Rest (Baseline),0.23818118940107524
1773309693.1235535,Rest (Baseline),0.19042216474190354
1773309693.1245534,Rest (Baseline),0.15815255348570645
1773309693.1255536,Rest (Baseline),0.1452447089832276
1773309693.1265535,Rest (Baseline),0.15040784678421915
1773309693.1275535,Rest (Baseline),0.18267745804041624
1773309693.1285536,Rest (Baseline),0.23559962050057948
1773309693.1295536,Rest (Baseline),0.2975572741124779
1773309693.1305535,Rest (Baseline),0.3620964966248721
1773309693.1315534,Rest (Baseline),0.4227633657865226
1773309693.1325536,Rest (Baseline),0.4731039593461901
1773309693.1335535,Rest (Baseline),0.5131182773038745
1773309693.1345534,Rest (Baseline),0.5376431818585843
1773309693.1355536,Rest (Baseline),0.5440971041098237
1773309693.1365535,Rest (Baseline),0.529898475157097
1773309693.1375535,Rest (Baseline),0.4898841571994126
1773309693.1385536,Rest (Baseline),0.4343804258387536
1773309693.1395535,Rest (Baseline),0.3685504188761115
1773309693.1405535,Rest (Baseline),0.30272041191346943
1773309693.1415536,Rest (Baseline),0.240762758301571
1773309693.1425536,Rest (Baseline),0.18784059584140778
1773309693.1435535,Rest (Baseline),0.14782627788372338
1773309693.1445534,Rest (Baseline),0.12459215777926147
1773309693.1455536,Rest (Baseline),0.11684745107777417
1773309693.1465535,Rest (Baseline),0.1310460800305009
1773309693.1475534,Rest (Baseline),0.1697696135379374
1773309693.1485536,Rest (Baseline),0.22398256044834852
1773309693.1495535,Rest (Baseline),0.28723099851049483
1773309693.1505535,Rest (Baseline),0.35047943657264113
1773309693.1515536,Rest (Baseline),0.407273952383548
1773309693.1525536,Rest (Baseline),0.45374219259247184
1773309693.1535535,Rest (Baseline),0.4885933727491647
1773309693.1545534,Rest (Baseline),0.5066643550526351
1773309693.1555536,Rest (Baseline),0.5066643550526351
1773309693.1565535,Rest (Baseline),0.48343023494817317
1773309693.1575534,Rest (Baseline),0.43696199473924935
1773309693.1585536,Rest (Baseline),0.3711319877766073
1773309693.1595535,Rest (Baseline),0.2988480585627258
1773309693.1605535,Rest (Baseline),0.22785491379909217
1773309693.1615536,Rest (Baseline),0.16331569128669798
1773309693.1625535,Rest (Baseline),0.1065211754757911
1773309693.1635535,Rest (Baseline),0.06521607306785882
1773309693.1645536,Rest (Baseline),0.04198195296339691
1773309693.1655536,Rest (Baseline),0.03552803071215749
1773309693.1665535,Rest (Baseline),0.05101744411513209
1773309693.1675534,Rest (Baseline),0.09361333097331226
1773309693.1685536,Rest (Baseline),0.15040784678421915
1773309693.1695535,Rest (Baseline),0.21623785374686122
1773309693.1705534,Rest (Baseline),0.2807770762592554
1773309693.1715536,Rest (Baseline),0.3388623765204102
1773309693.1725535,Rest (Baseline),0.38791218562982976
1773309693.1735535,Rest (Baseline),0.4227633657865226
1773309693.1745536,Rest (Baseline),0.440834348089993
1773309693.1755536,Rest (Baseline),0.440834348089993
1773309693.1765535,Rest (Baseline),0.42018179688602686
1773309693.1775534,Rest (Baseline),0.36596884997561574
1773309693.1785536,Rest (Baseline),0.30917433416470885
1773309693.1795535,Rest (Baseline),0.2343088360503316
1773309693.1805534,Rest (Baseline),0.16718804463744164
1773309693.1815536,Rest (Baseline),0.1065211754757911
1773309693.1825535,Rest (Baseline),0.05618058191612363
1773309693.1835535,Rest (Baseline),0.020038617309182882
1773309693.1845536,Rest (Baseline),0.001967635005712509
1773309693.1855536,Rest (Baseline),0.001967635005712509
1773309693.1865535,Rest (Baseline),0.027783324010670185
1773309693.1875534,Rest (Baseline),0.07554234866984189
1773309693.1885536,Rest (Baseline),0.13491843338124454
1773309693.1895535,Rest (Baseline),0.2007484403438866
1773309693.1905534,Rest (Baseline),0.2639968784060329
1773309693.1915536,Rest (Baseline),0.3195006097666919
1773309693.1925535,Rest (Baseline),0.36338728107511997
1773309693.1935534,Rest (Baseline),0.3917845389805734
1773309693.1945536,Rest (Baseline),0.40469238348305225
1773309693.1955535,Rest (Baseline),0.39694767678156495
1773309693.1965535,Rest (Baseline),0.3620964966248721
1773309693.1975536,Rest (Baseline),0.3065927652642131
1773309693.1985536,Rest (Baseline),0.240762758301571
1773309693.1995535,Rest (Baseline),0.1710603979881853
1773309693.2005534,Rest (Baseline),0.10393960657529533
1773309693.2015536,Rest (Baseline),0.044563521863892674
1773309693.2025535,Rest (Baseline),-0.0006139338947832584
1773309693.2035534,Rest (Baseline),-0.030301976250484586
1773309693.2045536,Rest (Baseline),-0.043209820752963424
1773309693.2055535,Rest (Baseline),-0.03546511405147612
1773309693.2065535,Rest (Baseline),-0.0019047183450311422
1773309693.2075536,Rest (Baseline),0.05359901301562786
1773309693.2085536,Rest (Baseline),0.11813823552802205
1773309693.2095535,Rest (Baseline),0.18784059584140778
1773309693.2105534,Rest (Baseline),0.25367060280404985
1773309693.2115536,Rest (Baseline),0.30917433416470885
1773309693.2125535,Rest (Baseline),0.3530610054731369
1773309693.2234852,Rest (Baseline),0.3788766944780946
1773309693.2244852,Rest (Baseline),0.3866214011795819
1773309693.2254853,Rest (Baseline),0.37371355667710304
1773309693.2264853,Rest (Baseline),0.3311176698189229
1773309693.2274852,Rest (Baseline),0.27045080065727234
1773309693.2284853,Rest (Baseline),0.19945765589363873
1773309693.2294853,Rest (Baseline),0.12459215777926147
1773309693.2304852,Rest (Baseline),0.07554234866984189
1773309693.2314851,Rest (Baseline),0.004549203906208277
1773309693.2324853,Rest (Baseline),-0.03804668295197189
1773309693.2334852,Rest (Baseline),-0.06386237195692956
1773309693.2344851,Rest (Baseline),-0.0690255097579211
1773309693.2354853,Rest (Baseline),-0.050954527454450727
1773309693.2364852,Rest (Baseline),-0.005777071695774794
1773309693.2374852,Rest (Baseline),0.05618058191612363
1773309693.2384853,Rest (Baseline),0.12846451113000512
1773309693.2394853,Rest (Baseline),0.20333000924438238
1773309693.2404852,Rest (Baseline),0.274323154008016
1773309693.241485,Rest (Baseline),0.33369923871941864
1773309693.2424853,Rest (Baseline),0.38016747892834246
1773309693.2434852,Rest (Baseline),0.4111463057342917
1773309693.2444851,Rest (Baseline),0.42147258133627474
1773309693.2454853,Rest (Baseline),0.4098555212840438
1773309693.2464852,Rest (Baseline),0.3698412033263594
1773309693.2474852,Rest (Baseline),0.3130466875154525
1773309693.2484853,Rest (Baseline),0.24721668055281043
1773309693.2494853,Rest (Baseline),0.1788051046896726
1773309693.2504852,Rest (Baseline),0.11555666662752628
1773309693.2514853,Rest (Baseline),0.06263450416736305
1773309693.2524853,Rest (Baseline),0.023910970659926534
1773309693.2534852,Rest (Baseline),0.0006768505554646254
1773309693.2544851,Rest (Baseline),-0.003195502795279026
1773309693.2554853,Rest (Baseline),0.013584695057943463
1773309693.2564852,Rest (Baseline),0.058762150816619396
1773309693.2574852,Rest (Baseline),0.11684745107777417
1773309693.2584853,Rest (Baseline),0.18396824249066412
1773309693.2594852,Rest (Baseline),0.2497982494533062
1773309693.2604852,Rest (Baseline),0.30917433416470885
1773309693.2614853,Rest (Baseline),0.35693335882388055
1773309693.2624853,Rest (Baseline),0.3917845389805734
1773309693.2634852,Rest (Baseline),0.4085647368337959
1773309693.2644851,Rest (Baseline),0.407273952383548
1773309693.2654853,Rest (Baseline),0.38274904782883823
1773309693.2664852,Rest (Baseline),0.33369923871941864
1773309693.2674851,Rest (Baseline),0.26786923175677657
1773309693.2684853,Rest (Baseline),0.19687608699314296
1773309693.2694852,Rest (Baseline),0.12588294222950935
1773309693.2704852,Rest (Baseline),0.06005293526686728
1773309693.2714853,Rest (Baseline),0.003258419455960393
1773309693.2724853,Rest (Baseline),-0.040628251852467656
1773309693.2734852,Rest (Baseline),-0.06773472530767322
1773309693.2744853,Rest (Baseline),-0.07806100090965629
1773309693.2754853,Rest (Baseline),-0.06386237195692956
1773309693.2764852,Rest (Baseline),-0.027720407349988818
1773309693.2774851,Rest (Baseline),0.02262018620967865
1773309693.2784853,Rest (Baseline),0.07941470202058554
1773309693.2794852,Rest (Baseline),0.1375000022817403
1773309693.2804852,Rest (Baseline),0.1865498113911599
1773309693.2814853,Rest (Baseline),0.2265641293488443
1773309693.2824852,Rest (Baseline),0.2510890339035541
1773309693.2834852,Rest (Baseline),0.26012452505528927
1773309693.2844853,Rest (Baseline),0.2510890339035541
1773309693.2854853,Rest (Baseline),0.2175286381971091
1773309693.2864852,Rest (Baseline),0.16073412238620222
1773309693.2874851,Rest (Baseline),0.09361333097331226
1773309693.2884853,Rest (Baseline),0.017457048408687115
1773309693.2894852,Rest (Baseline),-0.05482688080519438
1773309693.2904851,Rest (Baseline),-0.12065688776783645
1773309693.2914853,Rest (Baseline),-0.17486983467824757
1773309693.2924852,Rest (Baseline),-0.21488415263593197
1773309693.2934852,Rest (Baseline),-0.23940905719064176
1773309693.2944853,Rest (Baseline),-0.24586297944188118
1773309693.2954853,Rest (Baseline),-0.22521042823791504
1773309693.2964852,Rest (Baseline),-0.18519611028023064
1773309693.297485,Rest (Baseline),-0.13098316336981952
1773309693.2984853,Rest (Baseline),-0.07160707865841687
1773309693.2994852,Rest (Baseline),-0.016103347297757864
1773309693.3004851,Rest (Baseline),0.03294646181166172
1773309693.3014853,Rest (Baseline),0.07037921086885035
1773309693.3024852,Rest (Baseline),0.09490411542356014
1773309693.3034852,Rest (Baseline),0.10264882212504745
1773309693.3044853,Rest (Baseline),0.09103176207281649
1773309693.3054852,Rest (Baseline),0.054889797465875745
1773309693.3064852,Rest (Baseline),-0.003195502795279026
1773309693.3074853,Rest (Baseline),-0.07031629420816898
1773309693.3084853,Rest (Baseline),-0.14260022342205048
1773309693.3094852,Rest (Baseline),-0.20972101483494043
1773309693.3104851,Rest (Baseline),-0.27038788399659097
1773309693.3114853,Rest (Baseline),-0.31943769310601056
1773309693.3124852,Rest (Baseline),-0.35299808881245553
1773309693.3134851,Rest (Baseline),-0.36848750221543014
1773309693.3144853,Rest (Baseline),-0.3659059333149344
1773309693.3154852,Rest (Baseline),-0.3336363220587373
1773309693.3164852,Rest (Baseline),-0.2845865129493177
1773309693.3174853,Rest (Baseline),-0.22262885933741927
1773309693.3184853,Rest (Baseline),-0.15938042127527297
1773309693.3194852,Rest (Baseline),-0.10000433656387031
1773309693.320485,Rest (Baseline),-0.04966374300420284
1773309693.3214853,Rest (Baseline),-0.009649425046518445
1773309693.3224852,Rest (Baseline),0.013584695057943463
1773309693.3180232,Rest (Baseline),0.018747832858935
1773309693.3190231,Rest (Baseline),0.003258419455960393
1773309693.3200233,Rest (Baseline),-0.03804668295197189
1773309693.3210232,Rest (Baseline),-0.09742276766337454
1773309693.3220232,Rest (Baseline),-0.16583434352651238
1773309693.3230233,Rest (Baseline),-0.23940905719064176
1773309693.3240232,Rest (Baseline),-0.3065298486035317
1773309693.3250232,Rest (Baseline),-0.3646151488646865
1773309693.326023,Rest (Baseline),-0.4097926046233624
1773309693.3270233,Rest (Baseline),-0.43948064697906375
1773309693.3280232,Rest (Baseline),-0.4498069225810468
1773309693.3290231,Rest (Baseline),-0.4420622158795595
1773309693.3300233,Rest (Baseline),-0.40075711347162724
1773309693.3310232,Rest (Baseline),-0.34525338211096823
1773309693.3320231,Rest (Baseline),-0.28071415959857404
1773309693.3330233,Rest (Baseline),-0.21488415263593197
1773309693.3340232,Rest (Baseline),-0.15421728347428143
1773309693.3350232,Rest (Baseline),-0.10258590546436608
1773309693.336023,Rest (Baseline),-0.06386237195692956
1773309693.3370233,Rest (Baseline),-0.04191903630271554
1773309693.3380232,Rest (Baseline),-0.03933746740221977
1773309693.339023,Rest (Baseline),-0.057408449705690145
1773309693.3400233,Rest (Baseline),-0.1012951210141182
1773309693.3410232,Rest (Baseline),-0.16196199017576873
1773309693.3420231,Rest (Baseline),-0.23037356603890657
1773309693.3430233,Rest (Baseline),-0.3013667108025402
1773309693.3440232,Rest (Baseline),-0.3659059333149344
1773309693.3450232,Rest (Baseline),-0.4214096646755934
1773309693.3460233,Rest (Baseline),-0.4652963359840214
1773309693.3470232,Rest (Baseline),-0.49369359388947487
1773309693.3480232,Rest (Baseline),-0.50272908504121
1773309693.349023,Rest (Baseline),-0.4846581027377397
1773309693.3500233,Rest (Baseline),-0.4510977070312947
1773309693.3510232,Rest (Baseline),-0.39817554457113147
1773309693.3520231,Rest (Baseline),-0.33492710650898516
1773309693.3530233,Rest (Baseline),-0.27167866844683886
1773309693.3540232,Rest (Baseline),-0.21488415263593197
1773309693.3550231,Rest (Baseline),-0.16712512797676027
1773309693.3560233,Rest (Baseline),-0.13098316336981952
1773309693.3570232,Rest (Baseline),-0.11291218106634915
1773309693.3580232,Rest (Baseline),-0.11162139661610126
1773309693.359023,Rest (Baseline),-0.13485551672056317
1773309693.3600233,Rest (Baseline),-0.181323756929487
1773309693.3610232,Rest (Baseline),-0.24199062609113753
1773309693.362023,Rest (Baseline),-0.31169298640452325
1773309693.3630233,Rest (Baseline),-0.3788137778174132
1773309693.3640232,Rest (Baseline),-0.44077143142931163
1773309693.3650231,Rest (Baseline),-0.49369359388947487
1773309693.3660233,Rest (Baseline),-0.5324171273969114
1773309693.3670232,Rest (Baseline),-0.5543604630511254
1773309693.3680232,Rest (Baseline),-0.5569420319516212
1773309693.3690233,Rest (Baseline),-0.536289480747655
1773309693.3700233,Rest (Baseline),-0.492402809439227
1773309693.3710232,Rest (Baseline),-0.43302672472782433
1773309693.372023,Rest (Baseline),-0.3710690711159259
1773309693.3730233,Rest (Baseline),-0.31169298640452325
1773309693.3740232,Rest (Baseline),-0.25877082394436
1773309693.3750231,Rest (Baseline),-0.21617493708617985
1773309693.3760233,Rest (Baseline),-0.1890684636309743
1773309693.3770232,Rest (Baseline),-0.1800329724792391
1773309693.3780231,Rest (Baseline),-0.1890684636309743
1773309693.3790233,Rest (Baseline),-0.22521042823791504
1773309693.3800232,Rest (Baseline),-0.2820049440488219
1773309693.3810232,Rest (Baseline),-0.35170730436220765
1773309693.382023,Rest (Baseline),-0.4265728024765849
1773309693.3830233,Rest (Baseline),-0.4975659472402185
1773309693.3840232,Rest (Baseline),-0.5621051697526127
1773309693.385023,Rest (Baseline),-0.6137365477625281
1773309693.3860233,Rest (Baseline),-0.6498785123694688
1773309693.3870232,Rest (Baseline),-0.6679494946729392
1773309693.3880231,Rest (Baseline),-0.6653679257724434
1773309693.3890233,Rest (Baseline),-0.6356798834167421
1773309693.3900232,Rest (Baseline),-0.5853392898570746
1773309693.3910232,Rest (Baseline),-0.5233816362451762
1773309693.392023,Rest (Baseline),-0.458842413732782
1773309693.3930233,Rest (Baseline),-0.39946632902137935
1773309693.3940232,Rest (Baseline),-0.347834951011464
1773309693.395023,Rest (Baseline),-0.3091114175040275
1773309693.3960233,Rest (Baseline),-0.28716808184981346
1773309693.3970232,Rest (Baseline),-0.2858772973995656
1773309693.3980231,Rest (Baseline),-0.30394827970303595
1773309693.3990233,Rest (Baseline),-0.35041651991195977
1773309693.4000232,Rest (Baseline),-0.4175373113248497
1773309693.4010231,Rest (Baseline),-0.49369359388947487
1773309693.4020233,Rest (Baseline),-0.5724314453545958
1773309693.4030232,Rest (Baseline),-0.6485877279192209
1773309693.4040232,Rest (Baseline),-0.7157085193321109
1773309693.405023,Rest (Baseline),-0.769921466242522
1773309693.4060233,Rest (Baseline),-0.8086449997499585
1773309693.4070232,Rest (Baseline),-0.8305883354041725
1773309693.408023,Rest (Baseline),-0.8331699043046683
1773309693.4090233,Rest (Baseline),-0.8073542152997106
1773309693.4100232,Rest (Baseline),-0.7634675439912826
1773309693.4110231,Rest (Baseline),-0.7066730281803757
1773309693.4120233,Rest (Baseline),-0.6537508657202125
1773309693.4130232,Rest (Baseline),-0.6021194877102971
1773309693.4140232,Rest (Baseline),-0.5569420319516212
1773309693.415023,Rest (Baseline),-0.5220908517949283
1773309693.4160233,Rest (Baseline),-0.50272908504121
1773309693.4170232,Rest (Baseline),-0.5001475161407143
1773309693.4118779,Rest (Baseline),-0.5182184984441847
1773309693.4128778,Rest (Baseline),-0.5621051697526127
1773309693.413878,Rest (Baseline),-0.6240628233645111
1773309693.414878,Rest (Baseline),-0.6937651836778969
1773309693.4158778,Rest (Baseline),-0.7647583284415305
1773309693.416878,Rest (Baseline),-0.8292975509539247
1773309693.417878,Rest (Baseline),-0.8848012823145837
1773309693.4188778,Rest (Baseline),-0.9261063847225159
1773309693.4198778,Rest (Baseline),-0.9493405048269778
1773309693.420878,Rest (Baseline),-0.9532128581777215
1773309693.4218779,Rest (Baseline),-0.9351418758742511
1773309693.4228778,Rest (Baseline),-0.8899644201155752
1773309693.423878,Rest (Baseline),-0.8305883354041725
1773309693.424878,Rest (Baseline),-0.7621767595410347
1773309693.4258778,Rest (Baseline),-0.6963467525783926
1773309693.426878,Rest (Baseline),-0.6356798834167421
1773309693.427878,Rest (Baseline),-0.5866300743073225
1773309693.4288778,Rest (Baseline),-0.5517788941506296
1773309693.4298778,Rest (Baseline),-0.5349986962974072
1773309693.430878,Rest (Baseline),-0.5375802651979029
1773309693.4318779,Rest (Baseline),-0.5633959542028606
1773309693.4328778,Rest (Baseline),-0.6176089011132717
1773309693.433878,Rest (Baseline),-0.6847296925261617
1773309693.4348779,Rest (Baseline),-0.7608859750907868
1773309693.4358778,Rest (Baseline),-0.8396238265559077
1773309693.436878,Rest (Baseline),-0.9106169713195413
1773309693.437878,Rest (Baseline),-0.9725746249314398
1773309693.4388778,Rest (Baseline),-1.0203336495906115
1773309693.439878,Rest (Baseline),-1.048730907496065
1773309693.440878,Rest (Baseline),-1.0577663986478
1773309693.4418778,Rest (Baseline),-1.0384046318940818
1773309693.4428778,Rest (Baseline),-0.9945179605856538
1773309693.443878,Rest (Baseline),-0.9338510914240032
1773309693.4448779,Rest (Baseline),-0.8641487311106175
1773309693.4458778,Rest (Baseline),-0.7957371552474797
1773309693.446878,Rest (Baseline),-0.7311979327350855
1773309693.447878,Rest (Baseline),-0.6847296925261617
1773309693.4488778,Rest (Baseline),-0.63697066786699
1773309693.449878,Rest (Baseline),-0.615027332212776
1773309693.450878,Rest (Baseline),-0.6137365477625281
1773309693.4518778,Rest (Baseline),-0.63697066786699
1773309693.4528778,Rest (Baseline),-0.6847296925261617
1773309693.453878,Rest (Baseline),-0.7453965616878122
1773309693.4548779,Rest (Baseline),-0.81380813755095
1773309693.4558778,Rest (Baseline),-0.88092892896384
1773309693.456878,Rest (Baseline),-0.9390142292249948
1773309693.4578779,Rest (Baseline),-0.9867732538841665
1773309693.4588778,Rest (Baseline),-1.0164612962398678
1773309693.459878,Rest (Baseline),-1.0267875718418509
1773309693.460878,Rest (Baseline),-1.013879727339372
1773309693.4618778,Rest (Baseline),-0.9738654093816876
1773309693.462878,Rest (Baseline),-0.9080354024190456
1773309693.463878,Rest (Baseline),-0.8280067665036768
1773309693.4648778,Rest (Baseline),-0.7389426394365728
1773309693.4658778,Rest (Baseline),-0.6524600812699646
1773309693.466878,Rest (Baseline),-0.5724314453545958
1773309693.4678779,Rest (Baseline),-0.5066014383919537
1773309693.4688778,Rest (Baseline),-0.4614239826332778
1773309693.469878,Rest (Baseline),-0.43044515582732856
1773309693.470878,Rest (Baseline),-0.42399123357608914
1773309693.4718778,Rest (Baseline),-0.4575516292825341
1773309693.472878,Rest (Baseline),-0.5040198694914579
1773309693.473878,Rest (Baseline),-0.5711406609043479
1773309693.4748778,Rest (Baseline),-0.647296943468973
1773309693.4758778,Rest (Baseline),-0.7221624415833503
1773309693.476878,Rest (Baseline),-0.7892832329962403
1773309693.4778779,Rest (Baseline),-0.8460777488071471
1773309693.4788778,Rest (Baseline),-0.8835104978643358
1773309693.479878,Rest (Baseline),-0.8989999112673104
1773309693.4808779,Rest (Baseline),-0.8938367734663188
1773309693.4818778,Rest (Baseline),-0.8538224555086344
1773309693.482878,Rest (Baseline),-0.7905740174464881
1773309693.483878,Rest (Baseline),-0.7118361659813672
1773309693.4848778,Rest (Baseline),-0.625353607814759
1773309693.4858778,Rest (Baseline),-0.5401618340983987
1773309693.486878,Rest (Baseline),-0.46271476708352566
1773309693.4878778,Rest (Baseline),-0.39817554457113147
1773309693.4888778,Rest (Baseline),-0.35299808881245553
1773309693.489878,Rest (Baseline),-0.32718239980749786
1773309693.4908779,Rest (Baseline),-0.3233100464567542
1773309693.4918778,Rest (Baseline),-0.37623220891691744
1773309693.492878,Rest (Baseline),-0.3943031912203878
1773309693.493878,Rest (Baseline),-0.47949496493674815
1773309693.4948778,Rest (Baseline),-0.5543604630511254
1773309693.495878,Rest (Baseline),-0.625353607814759
1773309693.496878,Rest (Baseline),-0.6898928303271532
1773309693.4978778,Rest (Baseline),-0.7415242083370686
1773309693.4988778,Rest (Baseline),-0.7737938195932657
1773309693.499878,Rest (Baseline),-0.7867016640957445
1773309693.5008779,Rest (Baseline),-0.7750846040435135
1773309693.5018778,Rest (Baseline),-0.7337795016355813
1773309693.502878,Rest (Baseline),-0.6692402791231871
1773309693.5038779,Rest (Baseline),-0.5905024276580662
1773309693.5048778,Rest (Baseline),-0.5066014383919537
1773309693.505878,Rest (Baseline),-0.425282018026337
1773309693.506878,Rest (Baseline),-0.35170730436220765
1773309693.5078778,Rest (Baseline),-0.2910404352005571
1773309693.5088778,Rest (Baseline),-0.24844454834237695
1773309693.509878,Rest (Baseline),-0.22650121268816292
1773309693.5108778,Rest (Baseline),-0.23166435048915446
1773309693.5217195,Rest (Baseline),-0.2665155306458473
1773309693.5227194,Rest (Baseline),-0.3233100464567542
1773309693.5237195,Rest (Baseline),-0.3891400534193963
1773309693.5247195,Rest (Baseline),-0.4652963359840214
1773309693.5257194,Rest (Baseline),-0.5337079118471593
1773309693.5267196,Rest (Baseline),-0.5943747810088098
1773309693.5277195,Rest (Baseline),-0.6421338056679815
1773309693.5287194,Rest (Baseline),-0.6692402791231871
1773309693.5297194,Rest (Baseline),-0.6756942013744265
1773309693.5307195,Rest (Baseline),-0.6563324346207082
1773309693.5317194,Rest (Baseline),-0.6059918410610408
1773309693.5327194,Rest (Baseline),-0.5337079118471593
1773309693.5337195,Rest (Baseline),-0.45367927593179047
1773309693.5347195,Rest (Baseline),-0.3659059333149344
1773309693.5357194,Rest (Baseline),-0.28845886630006135
1773309693.5367196,Rest (Baseline),-0.21875650598667562
1773309693.5377195,Rest (Baseline),-0.16325277462601662
1773309693.5387194,Rest (Baseline),-0.12711081001907587
1773309693.5397193,Rest (Baseline),-0.11162139661610126
1773309693.5407195,Rest (Baseline),-0.125820025568828
1773309693.5417194,Rest (Baseline),-0.16583434352651238
1773309693.5427194,Rest (Baseline),-0.22521042823791504
1773309693.5437195,Rest (Baseline),-0.29620357300154865
1773309693.5447195,Rest (Baseline),-0.36719671776518226
1773309693.5457194,Rest (Baseline),-0.4356082936283201
1773309693.5467196,Rest (Baseline),-0.492402809439227
1773309693.5477195,Rest (Baseline),-0.5375802651979029
1773309693.5487194,Rest (Baseline),-0.5608143853023648
1773309693.5497196,Rest (Baseline),-0.5646867386531085
1773309693.5507195,Rest (Baseline),-0.5401618340983987
1773309693.5517194,Rest (Baseline),-0.4898212405387312
1773309693.5527194,Rest (Baseline),-0.42270044912584126
1773309693.5537195,Rest (Baseline),-0.347834951011464
1773309693.5547194,Rest (Baseline),-0.2690970995463431
1773309693.5557194,Rest (Baseline),-0.19810395478270948
1773309693.5567195,Rest (Baseline),-0.13872787007130682
1773309693.5577195,Rest (Baseline),-0.09225962986238301
1773309693.5587194,Rest (Baseline),-0.06515315640717745
1773309693.5597196,Rest (Baseline),-0.05869923415593803
1773309693.5607195,Rest (Baseline),-0.08193335426039994
1773309693.5617194,Rest (Baseline),-0.12840159446932375
1773309693.5627193,Rest (Baseline),-0.1877776791807264
1773309693.5637195,Rest (Baseline),-0.25877082394436
1773309693.5647194,Rest (Baseline),-0.32589161535725
1773309693.5657194,Rest (Baseline),-0.3878492689691484
1773309693.5667195,Rest (Baseline),-0.43818986252881587
1773309693.5677195,Rest (Baseline),-0.4743318271357566
1773309693.5687194,Rest (Baseline),-0.4911120249889791
1773309693.5697196,Rest (Baseline),-0.48853045608848333
1773309693.5707195,Rest (Baseline),-0.4614239826332778
1773309693.5717194,Rest (Baseline),-0.4097926046233624
1773309693.5727196,Rest (Baseline),-0.33492710650898516
1773309693.5737195,Rest (Baseline),-0.2600616083946079
1773309693.5747194,Rest (Baseline),-0.1877776791807264
1773309693.5757194,Rest (Baseline),-0.12323845666833222
1773309693.5767195,Rest (Baseline),-0.0690255097579211
1773309693.5777194,Rest (Baseline),-0.029011191800236702
1773309693.5787194,Rest (Baseline),-0.010940209496766329
1773309693.5797195,Rest (Baseline),-0.010940209496766329
1773309693.5807195,Rest (Baseline),-0.04191903630271554
1773309693.5817194,Rest (Baseline),-0.09225962986238301
1773309693.5827196,Rest (Baseline),-0.15421728347428143
1773309693.5837195,Rest (Baseline),-0.22262885933741927
1773309693.5847194,Rest (Baseline),-0.28716808184981346
1773309693.5857193,Rest (Baseline),-0.34267181321047246
1773309693.5867195,Rest (Baseline),-0.3865584845189005
1773309693.5877194,Rest (Baseline),-0.4136649579741061
1773309693.5887194,Rest (Baseline),-0.42270044912584126
1773309693.5897195,Rest (Baseline),-0.4097926046233624
1773309693.5907195,Rest (Baseline),-0.36848750221543014
1773309693.5917194,Rest (Baseline),-0.3091114175040275
1773309693.5927196,Rest (Baseline),-0.236827488290146
1773309693.5937195,Rest (Baseline),-0.16325277462601662
1773309693.5947194,Rest (Baseline),-0.08580570761114359
1773309693.5957193,Rest (Baseline),-0.026429622899740934
1773309693.5967195,Rest (Baseline),0.023910970659926534
1773309693.5977194,Rest (Baseline),0.058762150816619396
1773309693.5987194,Rest (Baseline),0.07554234866984189
1773309693.5997195,Rest (Baseline),0.06908842641860247
1773309693.6007195,Rest (Baseline),0.03552803071215749
1773309693.6017194,Rest (Baseline),-0.013521778397262096
1773309693.6027195,Rest (Baseline),-0.07547943200916052
1773309693.6037195,Rest (Baseline),-0.1413094389718026
1773309693.6047194,Rest (Baseline),-0.20068552368320525
1773309693.6057196,Rest (Baseline),-0.2510261172428727
1773309693.6067195,Rest (Baseline),-0.28974965075030923
1773309693.6077194,Rest (Baseline),-0.31298377085477114
1773309693.6087193,Rest (Baseline),-0.3168561242055148
1773309693.6097195,Rest (Baseline),-0.3013667108025402
1773309693.6107194,Rest (Baseline),-0.25618925504386425
1773309693.6117194,Rest (Baseline),-0.1955223858822137
1773309693.6127195,Rest (Baseline),-0.12711081001907587
1773309693.6137195,Rest (Baseline),-0.05482688080519438
1773309693.6147194,Rest (Baseline),0.009712341707199812
1773309693.6157196,Rest (Baseline),0.0665068575181067
1773309693.6167195,Rest (Baseline),0.11039352882653475
1773309693.6177194,Rest (Baseline),0.1375000022817403
1773309693.6187193,Rest (Baseline),0.1465354934334755
1773309693.6197195,Rest (Baseline),0.1310460800305009
1773309693.6207194,Rest (Baseline),0.08974097762256861
1773309693.6158218,Rest (Baseline),0.03294646181166172
1773309693.6168218,Rest (Baseline),-0.03288354515098035
1773309693.617822,Rest (Baseline),-0.10000433656387031
1773309693.6188219,Rest (Baseline),-0.16196199017576873
1773309693.6198218,Rest (Baseline),-0.21488415263593197
1773309693.620822,Rest (Baseline),-0.2523169016931206
1773309693.6218219,Rest (Baseline),-0.2742602373473346
1773309693.6228218,Rest (Baseline),-0.2755510217975825
1773309693.6238217,Rest (Baseline),-0.2536076861433685
1773309693.624822,Rest (Baseline),-0.20584866148419678
1773309693.6258218,Rest (Baseline),-0.14389100787229836
1773309693.6268218,Rest (Baseline),-0.07160707865841687
1773309693.627822,Rest (Baseline),-0.0006139338947832584
1773309693.6288218,Rest (Baseline),0.06521607306785882
1773309693.6298218,Rest (Baseline),0.1220105888787657
1773309693.630822,Rest (Baseline),0.16331569128669798
1773309693.6318219,Rest (Baseline),0.18913138029165566
1773309693.6328218,Rest (Baseline),0.19687608699314296
1773309693.6338217,Rest (Baseline),0.1775143202394247
1773309693.634822,Rest (Baseline),0.13620921783149242
1773309693.6358218,Rest (Baseline),0.07683313312008977
1773309693.6368217,Rest (Baseline),0.014875479508191347
1773309693.637822,Rest (Baseline),-0.047082174103707075
1773309693.6388218,Rest (Baseline),-0.10387668991461396
1773309693.6398218,Rest (Baseline),-0.15292649902403355
1773309693.640822,Rest (Baseline),-0.1890684636309743
1773309693.6418219,Rest (Baseline),-0.20843023038469255
1773309693.6428218,Rest (Baseline),-0.20843023038469255
1773309693.643822,Rest (Baseline),-0.18390532582998276
1773309693.644822,Rest (Baseline),-0.13743708562105894
1773309693.6458218,Rest (Baseline),-0.07806100090965629
1773309693.6468217,Rest (Baseline),-0.013521778397262096
1773309693.647822,Rest (Baseline),0.048435875214636326
1773309693.6488218,Rest (Baseline),0.10393960657529533
1773309693.6498218,Rest (Baseline),0.14911706233397126
1773309693.650822,Rest (Baseline),0.1788051046896726
1773309693.6518219,Rest (Baseline),0.19171294919215143
1773309693.6528218,Rest (Baseline),0.1865498113911599
1773309693.653822,Rest (Baseline),0.1542802001349628
1773309693.6548219,Rest (Baseline),0.10135803767479956
1773309693.6558218,Rest (Baseline),0.03552803071215749
1773309693.6568217,Rest (Baseline),-0.03288354515098035
1773309693.657822,Rest (Baseline),-0.10000433656387031
1773309693.6588218,Rest (Baseline),-0.1567988523747772
1773309693.6598217,Rest (Baseline),-0.2045578770339489
1773309693.660822,Rest (Baseline),-0.236827488290146
1773309693.6618218,Rest (Baseline),-0.2510261172428727
1773309693.6628218,Rest (Baseline),-0.24715376389212906
1773309693.663822,Rest (Baseline),-0.21488415263593197
1773309693.6648219,Rest (Baseline),-0.16325277462601662
1773309693.6658218,Rest (Baseline),-0.09871355211362243
1773309693.666822,Rest (Baseline),-0.03288354515098035
1773309693.667822,Rest (Baseline),0.030364892911165953
1773309693.6688218,Rest (Baseline),0.08715940872207284
1773309693.6698217,Rest (Baseline),0.13233686448074877
1773309693.670822,Rest (Baseline),0.1620249068364501
1773309693.6718218,Rest (Baseline),0.17493275133892894
1773309693.6728218,Rest (Baseline),0.1697696135379374
1773309693.673822,Rest (Baseline),0.13491843338124454
1773309693.6748219,Rest (Baseline),0.08328705537132919
1773309693.6758218,Rest (Baseline),0.023910970659926534
1773309693.676822,Rest (Baseline),-0.040628251852467656
1773309693.6778219,Rest (Baseline),-0.10000433656387031
1773309693.6788218,Rest (Baseline),-0.15292649902403355
1773309693.6798217,Rest (Baseline),-0.19294081698171794
1773309693.680822,Rest (Baseline),-0.21617493708617985
1773309693.6818218,Rest (Baseline),-0.22391964378766716
1773309693.6828218,Rest (Baseline),-0.21746572153642774
1773309693.683822,Rest (Baseline),-0.17099748132750392
1773309693.6848218,Rest (Baseline),-0.11420296551659703
1773309693.6858218,Rest (Baseline),-0.04837295855395496
1773309693.686822,Rest (Baseline),0.018747832858935
1773309693.6878219,Rest (Baseline),0.07941470202058554
1773309693.6888218,Rest (Baseline),0.13233686448074877
1773309693.6898217,Rest (Baseline),0.17364196688868105
1773309693.690822,Rest (Baseline),0.19816687144339085
1773309693.6918218,Rest (Baseline),0.20462079369463027
1773309693.6928217,Rest (Baseline),0.19042216474190354
1773309693.693822,Rest (Baseline),0.15040784678421915
1773309693.6948218,Rest (Baseline),0.09490411542356014
1773309693.6958218,Rest (Baseline),0.030364892911165953
1773309693.696822,Rest (Baseline),-0.03546511405147612
1773309693.6978219,Rest (Baseline),-0.09613198321312666
1773309693.6988218,Rest (Baseline),-0.147763361223042
1773309693.699822,Rest (Baseline),-0.18390532582998276
1773309693.7008219,Rest (Baseline),-0.2045578770339489
1773309693.7018218,Rest (Baseline),-0.20713944593444467
1773309693.7028217,Rest (Baseline),-0.18648689473047853
1773309693.703822,Rest (Baseline),-0.1400186545215547
1773309693.7048218,Rest (Baseline),-0.07935178535990417
1773309693.7058218,Rest (Baseline),-0.005777071695774794
1773309693.706822,Rest (Baseline),0.06521607306785882
1773309693.7078218,Rest (Baseline),0.12846451113000512
1773309693.7088218,Rest (Baseline),0.18396824249066412
1773309693.709822,Rest (Baseline),0.2265641293488443
1773309693.7108219,Rest (Baseline),0.25367060280404985
1773309693.7118218,Rest (Baseline),0.26012452505528927
1773309693.7128217,Rest (Baseline),0.24334432720206678
1773309693.713822,Rest (Baseline),0.20333000924438238
1773309693.7148218,Rest (Baseline),0.14782627788372338
1773309693.7097795,Rest (Baseline),0.08328705537132919
1773309693.7107794,Rest (Baseline),0.020038617309182882
1773309693.7117796,Rest (Baseline),-0.040628251852467656
1773309693.7127795,Rest (Baseline),-0.09096884541213512
1773309693.7137794,Rest (Baseline),-0.12969237891957164
1773309693.7147796,Rest (Baseline),-0.15421728347428143
1773309693.7157795,Rest (Baseline),-0.16196199017576873
1773309693.7167795,Rest (Baseline),-0.14647257677279413
1773309693.7177794,Rest (Baseline),-0.11033061216585338
1773309693.7187796,Rest (Baseline),-0.05999001860618591
1773309693.7197795,Rest (Baseline),-0.005777071695774794
1773309693.7207794,Rest (Baseline),0.04069116851314902
1773309693.7217796,Rest (Baseline),0.09103176207281649
1773309693.7227795,Rest (Baseline),0.12459215777926147
1773309693.7237794,Rest (Baseline),0.14395392453297973
1773309693.7247796,Rest (Baseline),0.1465354934334755
1773309693.7257795,Rest (Baseline),0.13233686448074877
1773309693.7267795,Rest (Baseline),0.09103176207281649
1773309693.7277794,Rest (Baseline),0.030364892911165953
1773309693.7287796,Rest (Baseline),-0.043209820752963424
1773309693.7297795,Rest (Baseline),-0.11936610331758857
1773309693.7307794,Rest (Baseline),-0.19423160143196583
1773309693.7317796,Rest (Baseline),-0.25877082394436
1773309693.7327795,Rest (Baseline),-0.31169298640452325
1773309693.7337794,Rest (Baseline),-0.3491257354617119
1773309693.7347796,Rest (Baseline),-0.36719671776518226
1773309693.7357795,Rest (Baseline),-0.3659059333149344
1773309693.7367795,Rest (Baseline),-0.33750867540948093
1773309693.7377796,Rest (Baseline),-0.2858772973995656
1773309693.7387795,Rest (Baseline),-0.22391964378766716
1773309693.7397795,Rest (Baseline),-0.15550806792452931
1773309693.7407794,Rest (Baseline),-0.08967806096188724
1773309693.7417796,Rest (Baseline),-0.03159276070073247
1773309693.7427795,Rest (Baseline),0.01616626395843923
1773309693.7437794,Rest (Baseline),0.04972665966488421
1773309693.7447796,Rest (Baseline),0.06521607306785882
1773309693.7457795,Rest (Baseline),0.06392528861761093
1773309693.7467794,Rest (Baseline),0.031655677361413836
1773309693.7477796,Rest (Baseline),-0.01868491619825363
1773309693.7487795,Rest (Baseline),-0.07547943200916052
1773309693.7497795,Rest (Baseline),-0.13872787007130682
1773309693.7507794,Rest (Baseline),-0.19810395478270948
1773309693.7517796,Rest (Baseline),-0.2510261172428727
1773309693.7527795,Rest (Baseline),-0.292331219650805
1773309693.7537794,Rest (Baseline),-0.3181469086557627
1773309693.7547796,Rest (Baseline),-0.32847318425774574
1773309693.7557795,Rest (Baseline),-0.31943769310601056
1773309693.7567794,Rest (Baseline),-0.2845865129493177
1773309693.7577796,Rest (Baseline),-0.23295513493940234
1773309693.7587795,Rest (Baseline),-0.17099748132750392
1773309693.7597795,Rest (Baseline),-0.10774904326535761
1773309693.7607796,Rest (Baseline),-0.04837295855395496
1773309693.7617795,Rest (Baseline),0.001967635005712509
1773309693.7627795,Rest (Baseline),0.03940038406290114
1773309693.7637794,Rest (Baseline),0.06263450416736305
1773309693.7647796,Rest (Baseline),0.0665068575181067
1773309693.7657795,Rest (Baseline),0.05230822856537998
1773309693.7667794,Rest (Baseline),0.009712341707199812
1773309693.7677796,Rest (Baseline),-0.047082174103707075
1773309693.7687795,Rest (Baseline),-0.11936610331758857
1773309693.7697794,Rest (Baseline),-0.17874218802899122
1773309693.7707796,Rest (Baseline),-0.24973533279262483
1773309693.7717795,Rest (Baseline),-0.30523906415328383
1773309693.7727795,Rest (Baseline),-0.347834951011464
1773309693.7737794,Rest (Baseline),-0.3723598555661738
1773309693.7747796,Rest (Baseline),-0.3801045622676611
1773309693.7757795,Rest (Baseline),-0.36848750221543014
1773309693.7767794,Rest (Baseline),-0.3297639687079936
1773309693.7777796,Rest (Baseline),-0.2742602373473346
1773309693.7787795,Rest (Baseline),-0.21101179928518832
1773309693.7797794,Rest (Baseline),-0.14647257677279413
1773309693.7807796,Rest (Baseline),-0.08838727651163936
1773309693.7817795,Rest (Baseline),-0.03933746740221977
1773309693.7827795,Rest (Baseline),-0.003195502795279026
1773309693.7837794,Rest (Baseline),0.01616626395843923
1773309693.7847795,Rest (Baseline),0.017457048408687115
1773309693.7857795,Rest (Baseline),-0.003195502795279026
1773309693.7867794,Rest (Baseline),-0.04837295855395496
1773309693.7877796,Rest (Baseline),-0.1090398277156055
1773309693.7887795,Rest (Baseline),-0.17745140357874334
1773309693.7897794,Rest (Baseline),-0.2432814105413854
1773309693.7907796,Rest (Baseline),-0.30394827970303595
1773309693.7917795,Rest (Baseline),-0.3568704421631992
1773309693.7927794,Rest (Baseline),-0.3943031912203878
1773309693.7937796,Rest (Baseline),-0.41495574242435396
1773309693.7947795,Rest (Baseline),-0.4175373113248497
1773309693.7957795,Rest (Baseline),-0.39817554457113147
1773309693.7967794,Rest (Baseline),-0.3542888732627034
1773309693.7977796,Rest (Baseline),-0.29749435745179653
1773309693.7987795,Rest (Baseline),-0.23295513493940234
1773309693.7997794,Rest (Baseline),-0.16841591242700815
1773309693.8007796,Rest (Baseline),-0.11162139661610126
1773309693.8017795,Rest (Baseline),-0.06386237195692956
1773309693.8027794,Rest (Baseline),-0.03159276070073247
1773309693.8037796,Rest (Baseline),-0.01481256284750998
1773309693.8047795,Rest (Baseline),-0.016103347297757864
1773309693.8057795,Rest (Baseline),-0.04191903630271554
1773309693.8067794,Rest (Baseline),-0.08838727651163936
1773309693.8077796,Rest (Baseline),-0.15034493012353778
1773309693.8087795,Rest (Baseline),-0.21617493708617985
1773309693.819403,Rest (Baseline),-0.28071415959857404
1773309693.8204029,Rest (Baseline),-0.3387994598597288
1773309693.821403,Rest (Baseline),-0.38526770006865263
1773309693.822403,Rest (Baseline),-0.4175373113248497
1773309693.823403,Rest (Baseline),-0.43302672472782433
1773309693.824403,Rest (Baseline),-0.43173594027757645
1773309693.825403,Rest (Baseline),-0.40850182017311454
1773309693.826403,Rest (Baseline),-0.35816122661344707
1773309693.8274028,Rest (Baseline),-0.3000759263522923
1773309693.828403,Rest (Baseline),-0.236827488290146
1773309693.829403,Rest (Baseline),-0.17616061912849545
1773309693.8304029,Rest (Baseline),-0.12323845666833222
1773309693.831403,Rest (Baseline),-0.08064256981015205
1773309693.832403,Rest (Baseline),-0.05224531190469861
1773309693.8334029,Rest (Baseline),-0.03933746740221977
1773309693.834403,Rest (Baseline),-0.043209820752963424
1773309693.835403,Rest (Baseline),-0.07289786310866475
1773309693.836403,Rest (Baseline),-0.12065688776783645
1773309693.8374028,Rest (Baseline),-0.17874218802899122
1773309693.838403,Rest (Baseline),-0.24069984164088964
1773309693.839403,Rest (Baseline),-0.2987851419020444
1773309693.8404028,Rest (Baseline),-0.35041651991195977
1773309693.841403,Rest (Baseline),-0.39172162231989205
1773309693.842403,Rest (Baseline),-0.4175373113248497
1773309693.8434029,Rest (Baseline),-0.4278635869268328
1773309693.844403,Rest (Baseline),-0.42270044912584126
1773309693.845403,Rest (Baseline),-0.3891400534193963
1773309693.846403,Rest (Baseline),-0.3465441665612161
1773309693.847403,Rest (Baseline),-0.2832957284990698
1773309693.848403,Rest (Baseline),-0.2200472904369235
1773309693.849403,Rest (Baseline),-0.16196199017576873
1773309693.8504028,Rest (Baseline),-0.11291218106634915
1773309693.851403,Rest (Baseline),-0.07289786310866475
1773309693.852403,Rest (Baseline),-0.04966374300420284
1773309693.8534029,Rest (Baseline),-0.040628251852467656
1773309693.854403,Rest (Baseline),-0.04966374300420284
1773309693.855403,Rest (Baseline),-0.0845149231608957
1773309693.8564029,Rest (Baseline),-0.13614630117081106
1773309693.857403,Rest (Baseline),-0.19423160143196583
1773309693.858403,Rest (Baseline),-0.25489847059361637
1773309693.859403,Rest (Baseline),-0.31169298640452325
1773309693.8604028,Rest (Baseline),-0.35816122661344707
1773309693.861403,Rest (Baseline),-0.39301240677013993
1773309693.862403,Rest (Baseline),-0.4136649579741061
1773309693.8634028,Rest (Baseline),-0.4175373113248497
1773309693.864403,Rest (Baseline),-0.403338682372123
1773309693.865403,Rest (Baseline),-0.3633243644144386
1773309693.8664029,Rest (Baseline),-0.3091114175040275
1773309693.867403,Rest (Baseline),-0.24586297944188118
1773309693.868403,Rest (Baseline),-0.181323756929487
1773309693.869403,Rest (Baseline),-0.1245292411185801
1773309693.870403,Rest (Baseline),-0.07547943200916052
1773309693.871403,Rest (Baseline),-0.03933746740221977
1773309693.872403,Rest (Baseline),-0.019975700648501515
1773309693.8734028,Rest (Baseline),-0.016103347297757864
1773309693.874403,Rest (Baseline),-0.03288354515098035
1773309693.875403,Rest (Baseline),-0.07418864755891263
1773309693.8764029,Rest (Baseline),-0.13098316336981952
1773309693.877403,Rest (Baseline),-0.1955223858822137
1773309693.878403,Rest (Baseline),-0.2600616083946079
1773309693.8794029,Rest (Baseline),-0.3220192620065063
1773309693.880403,Rest (Baseline),-0.3723598555661738
1773309693.881403,Rest (Baseline),-0.4110833890736103
1773309693.882403,Rest (Baseline),-0.4343175091780722
1773309693.8834028,Rest (Baseline),-0.43948064697906375
1773309693.884403,Rest (Baseline),-0.42270044912584126
1773309693.885403,Rest (Baseline),-0.38397691561840475
1773309693.8864028,Rest (Baseline),-0.3297639687079936
1773309693.887403,Rest (Baseline),-0.2678063150960952
1773309693.888403,Rest (Baseline),-0.20713944593444467
1773309693.8894029,Rest (Baseline),-0.15163571457378566
1773309693.890403,Rest (Baseline),-0.10516747436486185
1773309693.891403,Rest (Baseline),-0.07160707865841687
1773309693.892403,Rest (Baseline),-0.053536096354946494
1773309693.8934028,Rest (Baseline),-0.053536096354946494
1773309693.894403,Rest (Baseline),-0.07418864755891263
1773309693.895403,Rest (Baseline),-0.11807531886734068
1773309693.8964028,Rest (Baseline),-0.1722882657777518
1773309693.897403,Rest (Baseline),-0.23424591938965023
1773309693.898403,Rest (Baseline),-0.29491278855130076
1773309693.8994029,Rest (Baseline),-0.347834951011464
1773309693.900403,Rest (Baseline),-0.39043083786964417
1773309693.901403,Rest (Baseline),-0.4214096646755934
1773309693.9024029,Rest (Baseline),-0.4343175091780722
1773309693.903403,Rest (Baseline),-0.43173594027757645
1773309693.904403,Rest (Baseline),-0.4046294668223709
1773309693.905403,Rest (Baseline),-0.3555796577129513
1773309693.9064028,Rest (Baseline),-0.2936220041010529
1773309693.907403,Rest (Baseline),-0.22650121268816292
1773309693.908403,Rest (Baseline),-0.16196199017576873
1773309693.9094028,Rest (Baseline),-0.10258590546436608
1773309693.910403,Rest (Baseline),-0.053536096354946494
1773309693.911403,Rest (Baseline),-0.01868491619825363
1773309693.9124029,Rest (Baseline),0.001967635005712509
1773309693.913403,Rest (Baseline),0.0058399883564561605
1773309693.914403,Rest (Baseline),-0.019975700648501515
1773309693.915403,Rest (Baseline),-0.043209820752963424
1773309693.9164028,Rest (Baseline),-0.11033061216585338
1773309693.917403,Rest (Baseline),-0.16712512797676027
1773309693.918403,Rest (Baseline),-0.22391964378766716
1773309693.9136038,Rest (Baseline),-0.27296945289708674
1773309693.9146037,Rest (Baseline),-0.31298377085477114
1773309693.9156039,Rest (Baseline),-0.3400902443099767
1773309693.9166038,Rest (Baseline),-0.35299808881245553
1773309693.9176037,Rest (Baseline),-0.347834951011464
1773309693.918604,Rest (Baseline),-0.3181469086557627
1773309693.9196038,Rest (Baseline),-0.2690970995463431
1773309693.9206038,Rest (Baseline),-0.20972101483494043
1773309693.9216037,Rest (Baseline),-0.147763361223042
1773309693.9226038,Rest (Baseline),-0.08967806096188724
1773309693.9236038,Rest (Baseline),-0.040628251852467656
1773309693.9246037,Rest (Baseline),-0.0006139338947832584
1773309693.9256039,Rest (Baseline),0.025201755110174417
1773309693.9266038,Rest (Baseline),0.03681881516240537
1773309693.9276037,Rest (Baseline),0.031655677361413836
1773309693.928604,Rest (Baseline),0.0006768505554646254
1773309693.9296038,Rest (Baseline),-0.04837295855395496
1773309693.9306037,Rest (Baseline),-0.10258590546436608
1773309693.9316037,Rest (Baseline),-0.1645435590762645
1773309693.9326038,Rest (Baseline),-0.22391964378766716
1773309693.9336038,Rest (Baseline),-0.2742602373473346
1773309693.9346037,Rest (Baseline),-0.3155653397552669
1773309693.9356039,Rest (Baseline),-0.34525338211096823
1773309693.9366038,Rest (Baseline),-0.35816122661344707
1773309693.9376037,Rest (Baseline),-0.3542888732627034
1773309693.9386039,Rest (Baseline),-0.32847318425774574
1773309693.9396038,Rest (Baseline),-0.2845865129493177
1773309693.9406037,Rest (Baseline),-0.23424591938965023
1773309693.941604,Rest (Baseline),-0.181323756929487
1773309693.9426038,Rest (Baseline),-0.1335647322703153
1773309693.9436038,Rest (Baseline),-0.09613198321312666
1773309693.9446037,Rest (Baseline),-0.06773472530767322
1773309693.9456038,Rest (Baseline),-0.053536096354946494
1773309693.9466038,Rest (Baseline),-0.05611766525544226
1773309693.9476037,Rest (Baseline),-0.07806100090965629
1773309693.9486039,Rest (Baseline),-0.12194767221808434
1773309693.9496038,Rest (Baseline),-0.1800329724792391
1773309693.9506037,Rest (Baseline),-0.24586297944188118
1773309693.951604,Rest (Baseline),-0.31040220195427537
1773309693.9526038,Rest (Baseline),-0.369778286665678
1773309693.9536037,Rest (Baseline),-0.4175373113248497
1773309693.9546037,Rest (Baseline),-0.4523884914815426
1773309693.9556038,Rest (Baseline),-0.47304104268550873
1773309693.9566038,Rest (Baseline),-0.4756226115860045
1773309693.9576037,Rest (Baseline),-0.4601331981830299
1773309693.9586039,Rest (Baseline),-0.4201188802253455
1773309693.9596038,Rest (Baseline),-0.3659059333149344
1773309693.9606037,Rest (Baseline),-0.30523906415328383
1773309693.9616039,Rest (Baseline),-0.24586297944188118
1773309693.9626038,Rest (Baseline),-0.19294081698171794
1773309693.9636037,Rest (Baseline),-0.15034493012353778
1773309693.964604,Rest (Baseline),-0.12323845666833222
1773309693.9656038,Rest (Baseline),-0.1090398277156055
1773309693.9666038,Rest (Baseline),-0.11291218106634915
1773309693.9676037,Rest (Baseline),-0.13743708562105894
1773309693.9686038,Rest (Baseline),-0.18519611028023064
1773309693.9696038,Rest (Baseline),-0.24586297944188118
1773309693.9706037,Rest (Baseline),-0.31040220195427537
1773309693.9716039,Rest (Baseline),-0.3736506400164217
1773309693.9726038,Rest (Baseline),-0.43044515582732856
1773309693.9736037,Rest (Baseline),-0.4769133960362524
1773309693.974604,Rest (Baseline),-0.5104737917426974
1773309693.9756038,Rest (Baseline),-0.5272539895959198
1773309693.9766037,Rest (Baseline),-0.5272539895959198
1773309693.9776037,Rest (Baseline),-0.5053106539417058
1773309693.9786038,Rest (Baseline),-0.46271476708352566
1773309693.9796038,Rest (Baseline),-0.40721103572286665
1773309693.9806037,Rest (Baseline),-0.347834951011464
1773309693.9816039,Rest (Baseline),-0.292331219650805
1773309693.9826038,Rest (Baseline),-0.24199062609113753
1773309693.9836037,Rest (Baseline),-0.2045578770339489
1773309693.984604,Rest (Baseline),-0.1800329724792391
1773309693.9856038,Rest (Baseline),-0.17099748132750392
1773309693.9866037,Rest (Baseline),-0.17874218802899122
1773309693.9876037,Rest (Baseline),-0.20972101483494043
1773309693.9886038,Rest (Baseline),-0.2600616083946079
1773309693.9896038,Rest (Baseline),-0.3220192620065063
1773309693.9906037,Rest (Baseline),-0.3878492689691484
1773309693.9916039,Rest (Baseline),-0.4498069225810468
1773309693.9926038,Rest (Baseline),-0.50272908504121
1773309693.9936037,Rest (Baseline),-0.5453249718993902
1773309693.9946039,Rest (Baseline),-0.5737222298048437
1773309693.9956038,Rest (Baseline),-0.5866300743073225
1773309693.9966037,Rest (Baseline),-0.5827577209565789
1773309693.997604,Rest (Baseline),-0.5569420319516212
1773309693.9986038,Rest (Baseline),-0.5078922228422016
1773309693.9996037,Rest (Baseline),-0.4498069225810468
1773309694.0006037,Rest (Baseline),-0.3891400534193963
1773309694.0016038,Rest (Baseline),-0.3297639687079936
1773309694.0026038,Rest (Baseline),-0.28071415959857404
1773309694.0036037,Rest (Baseline),-0.24199062609113753
1773309694.0046039,Rest (Baseline),-0.21875650598667562
1773309694.0056038,Rest (Baseline),-0.20972101483494043
1773309694.0066037,Rest (Baseline),-0.21875650598667562
1773309694.007604,Rest (Baseline),-0.2536076861433685
1773309694.0086038,Rest (Baseline),-0.30523906415328383
1773309694.0096037,Rest (Baseline),-0.36848750221543014
1773309694.0106037,Rest (Baseline),-0.4343175091780722
1773309694.0116038,Rest (Baseline),-0.4975659472402185
1773309694.0126038,Rest (Baseline),-0.5504881097003818
1773309694.022089,Rest (Baseline),-0.5930839965585619
1773309694.023089,Rest (Baseline),-0.6227720389142632
1773309694.024089,Rest (Baseline),-0.6343890989664942
1773309694.025089,Rest (Baseline),-0.6292259611655027
1773309694.026089,Rest (Baseline),-0.5995379188098013
1773309694.027089,Rest (Baseline),-0.5517788941506296
1773309694.028089,Rest (Baseline),-0.49627516278997064
1773309694.029089,Rest (Baseline),-0.43818986252881587
1773309694.030089,Rest (Baseline),-0.38397691561840475
1773309694.031089,Rest (Baseline),-0.33750867540948093
1773309694.032089,Rest (Baseline),-0.30265749525278807
1773309694.033089,Rest (Baseline),-0.2820049440488219
1773309694.034089,Rest (Baseline),-0.2768418062478304
1773309694.035089,Rest (Baseline),-0.28845886630006135
1773309694.036089,Rest (Baseline),-0.32589161535725
1773309694.037089,Rest (Baseline),-0.3775229933671653
1773309694.038089,Rest (Baseline),-0.43818986252881587
1773309694.039089,Rest (Baseline),-0.4988567316904664
1773309694.040089,Rest (Baseline),-0.5556512475013733
1773309694.041089,Rest (Baseline),-0.6047010566107929
1773309694.042089,Rest (Baseline),-0.6421338056679815
1773309694.043089,Rest (Baseline),-0.6666587102226913
1773309694.044089,Rest (Baseline),-0.6756942013744265
1773309694.045089,Rest (Baseline),-0.6679494946729392
1773309694.046089,Rest (Baseline),-0.6356798834167421
1773309694.047089,Rest (Baseline),-0.5930839965585619
1773309694.048089,Rest (Baseline),-0.5337079118471593
1773309694.049089,Rest (Baseline),-0.47949496493674815
1773309694.0500891,Rest (Baseline),-0.4291543713770807
1773309694.051089,Rest (Baseline),-0.3878492689691484
1773309694.052089,Rest (Baseline),-0.35816122661344707
1773309694.053089,Rest (Baseline),-0.3413810287602246
1773309694.054089,Rest (Baseline),-0.3413810287602246
1773309694.055089,Rest (Baseline),-0.35816122661344707
1773309694.056089,Rest (Baseline),-0.39946632902137935
1773309694.057089,Rest (Baseline),-0.4523884914815426
1773309694.058089,Rest (Baseline),-0.5130553606431931
1773309694.059089,Rest (Baseline),-0.5737222298048437
1773309694.060089,Rest (Baseline),-0.6279351767152548
1773309694.061089,Rest (Baseline),-0.6718218480236828
1773309694.062089,Rest (Baseline),-0.7040914592798799
1773309694.063089,Rest (Baseline),-0.7221624415833503
1773309694.064089,Rest (Baseline),-0.726034794934094
1773309694.065089,Rest (Baseline),-0.7092545970808715
1773309694.066089,Rest (Baseline),-0.6718218480236828
1773309694.067089,Rest (Baseline),-0.6240628233645111
1773309694.068089,Rest (Baseline),-0.5530696786008775
1773309694.069089,Rest (Baseline),-0.4975659472402185
1773309694.070089,Rest (Baseline),-0.46271476708352566
1773309694.071089,Rest (Baseline),-0.42399123357608914
1773309694.072089,Rest (Baseline),-0.39946632902137935
1773309694.0730891,Rest (Baseline),-0.39043083786964417
1773309694.074089,Rest (Baseline),-0.3955939756706357
1773309694.075089,Rest (Baseline),-0.42270044912584126
1773309694.076089,Rest (Baseline),-0.47175025823526084
1773309694.077089,Rest (Baseline),-0.5324171273969114
1773309694.078089,Rest (Baseline),-0.5982471343595535
1773309694.079089,Rest (Baseline),-0.6627863568719476
1773309694.080089,Rest (Baseline),-0.7182900882326066
1773309694.081089,Rest (Baseline),-0.7634675439912826
1773309694.082089,Rest (Baseline),-0.7970279396977276
1773309694.083089,Rest (Baseline),-0.81380813755095
1773309694.084089,Rest (Baseline),-0.8125173531007022
1773309694.085089,Rest (Baseline),-0.7892832329962403
1773309694.086089,Rest (Baseline),-0.7466873461380601
1773309694.087089,Rest (Baseline),-0.6911836147774011
1773309694.088089,Rest (Baseline),-0.6292259611655027
1773309694.089089,Rest (Baseline),-0.5750130142550915
1773309694.090089,Rest (Baseline),-0.5233816362451762
1773309694.091089,Rest (Baseline),-0.48723967163823545
1773309694.092089,Rest (Baseline),-0.46271476708352566
1773309694.093089,Rest (Baseline),-0.45497006038203835
1773309694.094089,Rest (Baseline),-0.46400555153377354
1773309694.095089,Rest (Baseline),-0.49498437833972275
1773309694.096089,Rest (Baseline),-0.5466157563496381
1773309694.097089,Rest (Baseline),-0.6072826255112886
1773309694.098089,Rest (Baseline),-0.670531063573435
1773309694.099089,Rest (Baseline),-0.7286163638345897
1773309694.100089,Rest (Baseline),-0.7789569573942572
1773309694.101089,Rest (Baseline),-0.8189712753519416
1773309694.102089,Rest (Baseline),-0.8447869643568993
1773309694.103089,Rest (Baseline),-0.8551132399588823
1773309694.104089,Rest (Baseline),-0.8499501021578908
1773309694.105089,Rest (Baseline),-0.8189712753519416
1773309694.106089,Rest (Baseline),-0.7712122506927699
1773309694.107089,Rest (Baseline),-0.714417734881863
1773309694.108089,Rest (Baseline),-0.6537508657202125
1773309694.109089,Rest (Baseline),-0.6072826255112886
1773309694.110089,Rest (Baseline),-0.5621051697526127
1773309694.111089,Rest (Baseline),-0.5169277139939368
1773309694.112089,Rest (Baseline),-0.49627516278997064
1773309694.113089,Rest (Baseline),-0.4911120249889791
1773309694.114089,Rest (Baseline),-0.5014383005909622
1773309694.115089,Rest (Baseline),-0.5388710496481508
1773309694.116089,Rest (Baseline),-0.5892116432078183
1773309694.117089,Rest (Baseline),-0.6485877279192209
1773309694.118089,Rest (Baseline),-0.7105453815311193
1773309694.119089,Rest (Baseline),-0.7673398973420262
1773309694.120089,Rest (Baseline),-0.81380813755095
1773309694.121089,Rest (Baseline),-0.8512408866081387
1773309694.1175332,Rest (Baseline),-0.8718934378121048
1773309694.1185331,Rest (Baseline),-0.8783473600633442
1773309694.1195333,Rest (Baseline),-0.8680210844613612
1773309694.1205332,Rest (Baseline),-0.8331699043046683
1773309694.1215332,Rest (Baseline),-0.7841200951952487
1773309694.1225333,Rest (Baseline),-0.7247440104838461
1773309694.1235332,Rest (Baseline),-0.6666587102226913
1773309694.1245332,Rest (Baseline),-0.6111549788620323
1773309694.125533,Rest (Baseline),-0.5659775231033564
1773309694.1265333,Rest (Baseline),-0.5324171273969114
1773309694.1275332,Rest (Baseline),-0.5117645761929452
1773309694.1285331,Rest (Baseline),-0.5066014383919537
1773309694.1295333,Rest (Baseline),-0.5195092828944325
1773309694.1305332,Rest (Baseline),-0.5556512475013733
1773309694.1315331,Rest (Baseline),-0.6047010566107929
1773309694.1325333,Rest (Baseline),-0.6627863568719476
1773309694.1335332,Rest (Baseline),-0.7208716571331024
1773309694.1345332,Rest (Baseline),-0.7712122506927699
1773309694.135533,Rest (Baseline),-0.8125173531007022
1773309694.1365333,Rest (Baseline),-0.8447869643568993
1773309694.1375332,Rest (Baseline),-0.8628579466603696
1773309694.138533,Rest (Baseline),-0.8641487311106175
1773309694.1395333,Rest (Baseline),-0.8499501021578908
1773309694.1405332,Rest (Baseline),-0.8112265686504543
1773309694.1415331,Rest (Baseline),-0.7595951906405389
1773309694.1425333,Rest (Baseline),-0.7040914592798799
1773309694.1435332,Rest (Baseline),-0.6485877279192209
1773309694.1445332,Rest (Baseline),-0.5995379188098013
1773309694.1455333,Rest (Baseline),-0.5608143853023648
1773309694.1465333,Rest (Baseline),-0.5337079118471593
1773309694.1475332,Rest (Baseline),-0.5220908517949283
1773309694.148533,Rest (Baseline),-0.5246724206954241
1773309694.1495333,Rest (Baseline),-0.5466157563496381
1773309694.1505332,Rest (Baseline),-0.591793212108314
1773309694.1515331,Rest (Baseline),-0.6498785123694688
1773309694.1525333,Rest (Baseline),-0.7105453815311193
1773309694.1535332,Rest (Baseline),-0.769921466242522
1773309694.1545331,Rest (Baseline),-0.8228436287026852
1773309694.1555333,Rest (Baseline),-0.8654395155608654
1773309694.1565332,Rest (Baseline),-0.8938367734663188
1773309694.1575332,Rest (Baseline),-0.9067446179687977
1773309694.158533,Rest (Baseline),-0.9067446179687977
1773309694.1595333,Rest (Baseline),-0.8835104978643358
1773309694.1605332,Rest (Baseline),-0.8396238265559077
1773309694.161533,Rest (Baseline),-0.7841200951952487
1773309694.1625333,Rest (Baseline),-0.7234532260335982
1773309694.1635332,Rest (Baseline),-0.6653679257724434
1773309694.1645331,Rest (Baseline),-0.615027332212776
1773309694.1655333,Rest (Baseline),-0.5750130142550915
1773309694.1665332,Rest (Baseline),-0.5491973252501339
1773309694.1675332,Rest (Baseline),-0.5375802651979029
1773309694.1685333,Rest (Baseline),-0.5440341874491423
1773309694.1695333,Rest (Baseline),-0.5685590920038521
1773309694.1705332,Rest (Baseline),-0.6214812544640154
1773309694.171533,Rest (Baseline),-0.6821481236256659
1773309694.1725333,Rest (Baseline),-0.7466873461380601
1773309694.1735332,Rest (Baseline),-0.8060634308494627
1773309694.1745331,Rest (Baseline),-0.858985593309626
1773309694.1755333,Rest (Baseline),-0.8989999112673104
1773309694.1765332,Rest (Baseline),-0.9261063847225159
1773309694.1775331,Rest (Baseline),-0.936432660324499
1773309694.1785333,Rest (Baseline),-0.9299787380732596
1773309694.1795332,Rest (Baseline),-0.8989999112673104
1773309694.1805332,Rest (Baseline),-0.8499501021578908
1773309694.181533,Rest (Baseline),-0.7905740174464881
1773309694.1825333,Rest (Baseline),-0.7286163638345897
1773309694.1835332,Rest (Baseline),-0.670531063573435
1773309694.184533,Rest (Baseline),-0.6214812544640154
1773309694.1855333,Rest (Baseline),-0.5827577209565789
1773309694.1865332,Rest (Baseline),-0.5582328164018691
1773309694.1875331,Rest (Baseline),-0.5504881097003818
1773309694.1885333,Rest (Baseline),-0.5595236008521169
1773309694.1895332,Rest (Baseline),-0.581466936506331
1773309694.1905332,Rest (Baseline),-0.6434245901182294
1773309694.191533,Rest (Baseline),-0.7053822437301278
1773309694.1925333,Rest (Baseline),-0.7660491128917783
1773309694.1935332,Rest (Baseline),-0.8228436287026852
1773309694.194533,Rest (Baseline),-0.8718934378121048
1773309694.1955333,Rest (Baseline),-0.9106169713195413
1773309694.1965332,Rest (Baseline),-0.936432660324499
1773309694.1975331,Rest (Baseline),-0.9454681514762342
1773309694.1985333,Rest (Baseline),-0.9390142292249948
1773309694.1995332,Rest (Baseline),-0.9067446179687977
1773309694.2005332,Rest (Baseline),-0.8615671622101218
1773309694.2015333,Rest (Baseline),-0.8021910774987191
1773309694.2025332,Rest (Baseline),-0.7453965616878122
1773309694.2035332,Rest (Baseline),-0.6886020458769053
1773309694.204533,Rest (Baseline),-0.6421338056679815
1773309694.2055333,Rest (Baseline),-0.6059918410610408
1773309694.2065332,Rest (Baseline),-0.5840485054068267
1773309694.2075331,Rest (Baseline),-0.5763037987053394
1773309694.2085333,Rest (Baseline),-0.6047010566107929
1773309694.2095332,Rest (Baseline),-0.6240628233645111
1773309694.2105331,Rest (Baseline),-0.6756942013744265
1773309694.2115333,Rest (Baseline),-0.7350702860858291
1773309694.2125332,Rest (Baseline),-0.7944463707972318
1773309694.2135332,Rest (Baseline),-0.8499501021578908
1773309694.214533,Rest (Baseline),-0.8989999112673104
1773309694.2155333,Rest (Baseline),-0.936432660324499
1773309694.2165332,Rest (Baseline),-0.958375995978713
1773309694.2128277,Rest (Baseline),-0.9661207026802003
1773309694.2138276,Rest (Baseline),-0.9557944270782173
1773309694.2148278,Rest (Baseline),-0.9209432469215244
1773309694.2158277,Rest (Baseline),-0.8706026533618569
1773309694.2168276,Rest (Baseline),-0.81380813755095
1773309694.2178278,Rest (Baseline),-0.7570136217400432
1773309694.2188277,Rest (Baseline),-0.7040914592798799
1773309694.2198277,Rest (Baseline),-0.6614955724216998
1773309694.2208276,Rest (Baseline),-0.6292259611655027
1773309694.2218277,Rest (Baseline),-0.6098641944117844
1773309694.2228277,Rest (Baseline),-0.6047010566107929
1773309694.2238276,Rest (Baseline),-0.6188996855635196
1773309694.2248278,Rest (Baseline),-0.6576232190709561
1773309694.2258277,Rest (Baseline),-0.7079638126306236
1773309694.2268276,Rest (Baseline),-0.7608859750907868
1773309694.2278278,Rest (Baseline),-0.8202620598021895
1773309694.2288277,Rest (Baseline),-0.8706026533618569
1773309694.2298276,Rest (Baseline),-0.9119077557697892
1773309694.2308276,Rest (Baseline),-0.9415957981254905
1773309694.2318277,Rest (Baseline),-0.9570852115284652
1773309694.2328277,Rest (Baseline),-0.9570852115284652
1773309694.2338276,Rest (Baseline),-0.9377234447747469
1773309694.2348278,Rest (Baseline),-0.8951275579165667
1773309694.2358277,Rest (Baseline),-0.8422053954564035
1773309694.2368276,Rest (Baseline),-0.7841200951952487
1773309694.2378278,Rest (Baseline),-0.7273255793843418
1773309694.2388277,Rest (Baseline),-0.6782757702749223
1773309694.2398276,Rest (Baseline),-0.6408430212177336
1773309694.2408278,Rest (Baseline),-0.6137365477625281
1773309694.2418277,Rest (Baseline),-0.603410272160545
1773309694.2428277,Rest (Baseline),-0.6072826255112886
1773309694.2438276,Rest (Baseline),-0.6318075300659984
1773309694.2448277,Rest (Baseline),-0.6795665547251701
1773309694.2458277,Rest (Baseline),-0.7466873461380601
1773309694.2468276,Rest (Baseline),-0.7957371552474797
1773309694.2478278,Rest (Baseline),-0.8641487311106175
1773309694.2488277,Rest (Baseline),-0.9131985402200371
1773309694.2498276,Rest (Baseline),-0.9557944270782173
1773309694.2508278,Rest (Baseline),-0.9829009005334228
1773309694.2518277,Rest (Baseline),-0.991936391685158
1773309694.2528276,Rest (Baseline),-0.9854824694339186
1773309694.2538276,Rest (Baseline),-0.9557944270782173
1773309694.2548277,Rest (Baseline),-0.9054538335185498
1773309694.2558277,Rest (Baseline),-0.8409146110061556
1773309694.2568276,Rest (Baseline),-0.7737938195932657
1773309694.2578278,Rest (Baseline),-0.7105453815311193
1773309694.2588277,Rest (Baseline),-0.6550416501704603
1773309694.2598276,Rest (Baseline),-0.6098641944117844
1773309694.2608278,Rest (Baseline),-0.5788853676058352
1773309694.2618277,Rest (Baseline),-0.5646867386531085
1773309694.2628276,Rest (Baseline),-0.5672683075536042
1773309694.2638278,Rest (Baseline),-0.5943747810088098
1773309694.2648277,Rest (Baseline),-0.6408430212177336
1773309694.2658277,Rest (Baseline),-0.6989283214788884
1773309694.2668276,Rest (Baseline),-0.758304406190291
1773309694.2678277,Rest (Baseline),-0.8163897064514458
1773309694.2688277,Rest (Baseline),-0.8680210844613612
1773309694.2698276,Rest (Baseline),-0.9067446179687977
1773309694.2708278,Rest (Baseline),-0.9325603069737554
1773309694.2718277,Rest (Baseline),-0.9415957981254905
1773309694.2728276,Rest (Baseline),-0.9338510914240032
1773309694.2738278,Rest (Baseline),-0.9015814801678061
1773309694.2748277,Rest (Baseline),-0.8538224555086344
1773309694.2758276,Rest (Baseline),-0.7931555863469839
1773309694.2768276,Rest (Baseline),-0.7337795016355813
1773309694.2778277,Rest (Baseline),-0.6769849858246744
1773309694.2788277,Rest (Baseline),-0.6292259611655027
1773309694.2798276,Rest (Baseline),-0.5943747810088098
1773309694.2808278,Rest (Baseline),-0.5737222298048437
1773309694.2818277,Rest (Baseline),-0.5685590920038521
1773309694.2828276,Rest (Baseline),-0.581466936506331
1773309694.2838278,Rest (Baseline),-0.6201904700137675
1773309694.2848277,Rest (Baseline),-0.6744034169241786
1773309694.2858276,Rest (Baseline),-0.736361070536077
1773309694.2868276,Rest (Baseline),-0.7996095085982233
1773309694.2878277,Rest (Baseline),-0.8576948088593781
1773309694.2888277,Rest (Baseline),-0.9054538335185498
1773309694.2898276,Rest (Baseline),-0.9415957981254905
1773309694.2908278,Rest (Baseline),-0.9622483493294567
1773309694.2918277,Rest (Baseline),-0.9648299182299525
1773309694.2928276,Rest (Baseline),-0.9493405048269778
1773309694.2938278,Rest (Baseline),-0.9080354024190456
1773309694.2948277,Rest (Baseline),-0.8512408866081387
1773309694.2958276,Rest (Baseline),-0.7828293107450008
1773309694.2968278,Rest (Baseline),-0.7157085193321109
1773309694.2978277,Rest (Baseline),-0.6550416501704603
1773309694.2988276,Rest (Baseline),-0.603410272160545
1773309694.2998276,Rest (Baseline),-0.5646867386531085
1773309694.3008277,Rest (Baseline),-0.5427434029988945
1773309694.3018277,Rest (Baseline),-0.536289480747655
1773309694.3028276,Rest (Baseline),-0.547906540799886
1773309694.3038278,Rest (Baseline),-0.5853392898570746
1773309694.3048277,Rest (Baseline),-0.6382614523172379
1773309694.3058276,Rest (Baseline),-0.6989283214788884
1773309694.3068278,Rest (Baseline),-0.7608859750907868
1773309694.3078277,Rest (Baseline),-0.8176804909016937
1773309694.3088276,Rest (Baseline),-0.8641487311106175
1773309694.3098276,Rest (Baseline),-0.8989999112673104
1773309694.3108277,Rest (Baseline),-0.9183616780210286
1773309694.3118277,Rest (Baseline),-0.9196524624712765
1773309694.3230908,Rest (Baseline),-0.902872264618054
1773309694.3240907,Rest (Baseline),-0.8615671622101218
1773309694.325091,Rest (Baseline),-0.8060634308494627
1773309694.3260908,Rest (Baseline),-0.7415242083370686
1773309694.3270907,Rest (Baseline),-0.6782757702749223
1773309694.328091,Rest (Baseline),-0.6214812544640154
1773309694.3290908,Rest (Baseline),-0.5724314453545958
1773309694.3300908,Rest (Baseline),-0.536289480747655
1773309694.3310907,Rest (Baseline),-0.5130553606431931
1773309694.3320909,Rest (Baseline),-0.5066014383919537
1773309694.3330908,Rest (Baseline),-0.5182184984441847
1773309694.3340907,Rest (Baseline),-0.5517788941506296
1773309694.3350909,Rest (Baseline),-0.5982471343595535
1773309694.3360908,Rest (Baseline),-0.6511692968197167
1773309694.3370907,Rest (Baseline),-0.702800674829632
1773309694.338091,Rest (Baseline),-0.747978130588308
1773309694.3390908,Rest (Baseline),-0.7841200951952487
1773309694.3400908,Rest (Baseline),-0.8060634308494627
1773309694.3410907,Rest (Baseline),-0.8163897064514458
1773309694.3420908,Rest (Baseline),-0.8099357842002064
1773309694.3430908,Rest (Baseline),-0.7854108796454966
1773309694.3440907,Rest (Baseline),-0.7376518549863249
1773309694.3450909,Rest (Baseline),-0.6782757702749223
1773309694.3460908,Rest (Baseline),-0.6137365477625281
1773309694.3470907,Rest (Baseline),-0.5517788941506296
1773309694.348091,Rest (Baseline),-0.4988567316904664
1773309694.3490908,Rest (Baseline),-0.45367927593179047
1773309694.3500907,Rest (Baseline),-0.42270044912584126
1773309694.351091,Rest (Baseline),-0.40850182017311454
1773309694.3520908,Rest (Baseline),-0.4097926046233624
1773309694.3530908,Rest (Baseline),-0.43302672472782433
1773309694.3540907,Rest (Baseline),-0.4769133960362524
1773309694.3550909,Rest (Baseline),-0.5324171273969114
1773309694.3560908,Rest (Baseline),-0.5905024276580662
1773309694.3570907,Rest (Baseline),-0.647296943468973
1773309694.3580909,Rest (Baseline),-0.6937651836778969
1773309694.3590908,Rest (Baseline),-0.7311979327350855
1773309694.3600907,Rest (Baseline),-0.7557228372897953
1773309694.361091,Rest (Baseline),-0.7647583284415305
1773309694.3620908,Rest (Baseline),-0.7570136217400432
1773309694.3630908,Rest (Baseline),-0.7286163638345897
1773309694.3640907,Rest (Baseline),-0.6795665547251701
1773309694.3650908,Rest (Baseline),-0.625353607814759
1773309694.3660908,Rest (Baseline),-0.5659775231033564
1773309694.3670907,Rest (Baseline),-0.5104737917426974
1773309694.3680909,Rest (Baseline),-0.46400555153377354
1773309694.3690908,Rest (Baseline),-0.4265728024765849
1773309694.3700907,Rest (Baseline),-0.403338682372123
1773309694.371091,Rest (Baseline),-0.3968847601208836
1773309694.3720908,Rest (Baseline),-0.40592025127261877
1773309694.3730907,Rest (Baseline),-0.43818986252881587
1773309694.374091,Rest (Baseline),-0.48723967163823545
1773309694.3750908,Rest (Baseline),-0.5453249718993902
1773309694.3760908,Rest (Baseline),-0.6059918410610408
1773309694.3770907,Rest (Baseline),-0.6614955724216998
1773309694.3780909,Rest (Baseline),-0.7079638126306236
1773309694.3790908,Rest (Baseline),-0.7428149927873164
1773309694.3800907,Rest (Baseline),-0.7621767595410347
1773309694.3810909,Rest (Baseline),-0.7647583284415305
1773309694.3820908,Rest (Baseline),-0.7505596994888037
1773309694.3830907,Rest (Baseline),-0.7105453815311193
1773309694.384091,Rest (Baseline),-0.6537508657202125
1773309694.3850908,Rest (Baseline),-0.5892116432078183
1773309694.3860908,Rest (Baseline),-0.5246724206954241
1773309694.3870907,Rest (Baseline),-0.4652963359840214
1773309694.3880908,Rest (Baseline),-0.41624652687460184
1773309694.3890908,Rest (Baseline),-0.3801045622676611
1773309694.3900907,Rest (Baseline),-0.35945201106369495
1773309694.3910909,Rest (Baseline),-0.3555796577129513
1773309694.3920908,Rest (Baseline),-0.3710690711159259
1773309694.3930907,Rest (Baseline),-0.4123741735238582
1773309694.394091,Rest (Baseline),-0.4691686893347651
1773309694.3950908,Rest (Baseline),-0.5324171273969114
1773309694.3960907,Rest (Baseline),-0.5969563499093056
1773309694.3970907,Rest (Baseline),-0.6550416501704603
1773309694.3980908,Rest (Baseline),-0.7040914592798799
1773309694.3990908,Rest (Baseline),-0.7402334238868207
1773309694.4000907,Rest (Baseline),-0.7595951906405389
1773309694.4010909,Rest (Baseline),-0.7608859750907868
1773309694.4020908,Rest (Baseline),-0.7453965616878122
1773309694.4030907,Rest (Baseline),-0.7040914592798799
1773309694.404091,Rest (Baseline),-0.647296943468973
1773309694.4050908,Rest (Baseline),-0.5879208587575704
1773309694.4060907,Rest (Baseline),-0.5078922228422016
1773309694.407091,Rest (Baseline),-0.4575516292825341
1773309694.4080908,Rest (Baseline),-0.40721103572286665
1773309694.4090908,Rest (Baseline),-0.369778286665678
1773309694.4100907,Rest (Baseline),-0.3465441665612161
1773309694.4110909,Rest (Baseline),-0.3400902443099767
1773309694.4120908,Rest (Baseline),-0.35299808881245553
1773309694.4130907,Rest (Baseline),-0.39043083786964417
1773309694.4140909,Rest (Baseline),-0.44077143142931163
1773309694.4150908,Rest (Baseline),-0.4988567316904664
1773309694.4160907,Rest (Baseline),-0.5543604630511254
1773309694.417091,Rest (Baseline),-0.6047010566107929
1773309694.4180908,Rest (Baseline),-0.6447153745684773
1773309694.4190907,Rest (Baseline),-0.6718218480236828
1773309694.4200907,Rest (Baseline),-0.6834389080759138
1773309694.4210908,Rest (Baseline),-0.6782757702749223
1773309694.4220908,Rest (Baseline),-0.6524600812699646
1773309694.4176831,Rest (Baseline),-0.6047010566107929
1773309694.418683,Rest (Baseline),-0.5440341874491423
1773309694.4196832,Rest (Baseline),-0.4756226115860045
1773309694.4206831,Rest (Baseline),-0.4110833890736103
1773309694.421683,Rest (Baseline),-0.35170730436220765
1773309694.4226832,Rest (Baseline),-0.30394827970303595
1773309694.4236832,Rest (Baseline),-0.27038788399659097
1773309694.424683,Rest (Baseline),-0.2523169016931206
1773309694.425683,Rest (Baseline),-0.2510261172428727
1773309694.4266832,Rest (Baseline),-0.27167866844683886
1773309694.427683,Rest (Baseline),-0.3155653397552669
1773309694.428683,Rest (Baseline),-0.369778286665678
1773309694.4296832,Rest (Baseline),-0.43044515582732856
1773309694.4306831,Rest (Baseline),-0.48853045608848333
1773309694.431683,Rest (Baseline),-0.5401618340983987
1773309694.4326832,Rest (Baseline),-0.5801761520560831
1773309694.4336832,Rest (Baseline),-0.6072826255112886
1773309694.434683,Rest (Baseline),-0.615027332212776
1773309694.435683,Rest (Baseline),-0.6085734099615365
1773309694.4366832,Rest (Baseline),-0.5788853676058352
1773309694.437683,Rest (Baseline),-0.5285447740461677
1773309694.438683,Rest (Baseline),-0.4665871204342693
1773309694.4396832,Rest (Baseline),-0.39946632902137935
1773309694.4406831,Rest (Baseline),-0.33621789095923305
1773309694.441683,Rest (Baseline),-0.2820049440488219
1773309694.4426832,Rest (Baseline),-0.23940905719064176
1773309694.4436831,Rest (Baseline),-0.20972101483494043
1773309694.444683,Rest (Baseline),-0.1968131703324616
1773309694.4456832,Rest (Baseline),-0.20068552368320525
1773309694.4466832,Rest (Baseline),-0.23037356603890657
1773309694.447683,Rest (Baseline),-0.2768418062478304
1773309694.448683,Rest (Baseline),-0.33492710650898516
1773309694.4496832,Rest (Baseline),-0.3968847601208836
1773309694.450683,Rest (Baseline),-0.45626084483228624
1773309694.451683,Rest (Baseline),-0.5053106539417058
1773309694.4526832,Rest (Baseline),-0.5427434029988945
1773309694.4536831,Rest (Baseline),-0.5646867386531085
1773309694.454683,Rest (Baseline),-0.5711406609043479
1773309694.4556832,Rest (Baseline),-0.5595236008521169
1773309694.4566832,Rest (Baseline),-0.5246724206954241
1773309694.457683,Rest (Baseline),-0.4691686893347651
1773309694.458683,Rest (Baseline),-0.40592025127261877
1773309694.4596832,Rest (Baseline),-0.33750867540948093
1773309694.460683,Rest (Baseline),-0.2742602373473346
1773309694.461683,Rest (Baseline),-0.21875650598667562
1773309694.4626832,Rest (Baseline),-0.17486983467824757
1773309694.4636831,Rest (Baseline),-0.14518179232254624
1773309694.464683,Rest (Baseline),-0.1322739478200674
1773309694.4656832,Rest (Baseline),-0.13614630117081106
1773309694.4666831,Rest (Baseline),-0.16325277462601662
1773309694.467683,Rest (Baseline),-0.20972101483494043
1773309694.4686832,Rest (Baseline),-0.26393396174535155
1773309694.4696832,Rest (Baseline),-0.3220192620065063
1773309694.470683,Rest (Baseline),-0.37494142446666956
1773309694.471683,Rest (Baseline),-0.4188280957750976
1773309694.4726832,Rest (Baseline),-0.4498069225810468
1773309694.473683,Rest (Baseline),-0.4665871204342693
1773309694.474683,Rest (Baseline),-0.4665871204342693
1773309694.4756832,Rest (Baseline),-0.4498069225810468
1773309694.4766831,Rest (Baseline),-0.40850182017311454
1773309694.477683,Rest (Baseline),-0.35170730436220765
1773309694.4786832,Rest (Baseline),-0.28845886630006135
1773309694.4796832,Rest (Baseline),-0.22391964378766716
1773309694.480683,Rest (Baseline),-0.16583434352651238
1773309694.481683,Rest (Baseline),-0.11936610331758857
1773309694.4826832,Rest (Baseline),-0.08580570761114359
1773309694.483683,Rest (Baseline),-0.06773472530767322
1773309694.484683,Rest (Baseline),-0.06644394085742533
1773309694.4856832,Rest (Baseline),-0.08580570761114359
1773309694.4866831,Rest (Baseline),-0.12969237891957164
1773309694.487683,Rest (Baseline),-0.19035924808122218
1773309694.4886832,Rest (Baseline),-0.25489847059361637
1773309694.4896832,Rest (Baseline),-0.3168561242055148
1773309694.490683,Rest (Baseline),-0.37623220891691744
1773309694.491683,Rest (Baseline),-0.42270044912584126
1773309694.4926832,Rest (Baseline),-0.45626084483228624
1773309694.493683,Rest (Baseline),-0.47304104268550873
1773309694.494683,Rest (Baseline),-0.47175025823526084
1773309694.4956832,Rest (Baseline),-0.4510977070312947
1773309694.4966831,Rest (Baseline),-0.4046294668223709
1773309694.497683,Rest (Baseline),-0.34267181321047246
1773309694.4986832,Rest (Baseline),-0.2742602373473346
1773309694.4996831,Rest (Baseline),-0.20584866148419678
1773309694.500683,Rest (Baseline),-0.14260022342205048
1773309694.5016832,Rest (Baseline),-0.09096884541213512
1773309694.5026832,Rest (Baseline),-0.05224531190469861
1773309694.503683,Rest (Baseline),-0.029011191800236702
1773309694.504683,Rest (Baseline),-0.02513883844949305
1773309694.5056832,Rest (Baseline),-0.04191903630271554
1773309694.506683,Rest (Baseline),-0.08064256981015205
1773309694.507683,Rest (Baseline),-0.13485551672056317
1773309694.5086832,Rest (Baseline),-0.1955223858822137
1773309694.5096831,Rest (Baseline),-0.25748003949411213
1773309694.510683,Rest (Baseline),-0.3065298486035317
1773309694.5116832,Rest (Baseline),-0.3555796577129513
1773309694.5126832,Rest (Baseline),-0.381395346717909
1773309694.513683,Rest (Baseline),-0.3955939756706357
1773309694.514683,Rest (Baseline),-0.39301240677013993
1773309694.5156832,Rest (Baseline),-0.369778286665678
1773309694.516683,Rest (Baseline),-0.3246008309070021
1773309694.511666,Rest (Baseline),-0.2678063150960952
1773309694.512666,Rest (Baseline),-0.20326709258370101
1773309694.5136662,Rest (Baseline),-0.1413094389718026
1773309694.514666,Rest (Baseline),-0.08580570761114359
1773309694.515666,Rest (Baseline),-0.04191903630271554
1773309694.5166662,Rest (Baseline),-0.010940209496766329
1773309694.517666,Rest (Baseline),0.007130772806704044
1773309694.518666,Rest (Baseline),0.007130772806704044
1773309694.519666,Rest (Baseline),-0.013521778397262096
1773309694.5206661,Rest (Baseline),-0.053536096354946494
1773309694.521666,Rest (Baseline),-0.10645825881510973
1773309694.522666,Rest (Baseline),-0.1645435590762645
1773309694.5236661,Rest (Baseline),-0.21746572153642774
1773309694.524666,Rest (Baseline),-0.26393396174535155
1773309694.525666,Rest (Baseline),-0.3000759263522923
1773309694.5266662,Rest (Baseline),-0.32072847755625844
1773309694.527666,Rest (Baseline),-0.32589161535725
1773309694.528666,Rest (Baseline),-0.314274555305019
1773309694.529666,Rest (Baseline),-0.28071415959857404
1773309694.530666,Rest (Baseline),-0.22650121268816292
1773309694.531666,Rest (Baseline),-0.16325277462601662
1773309694.532666,Rest (Baseline),-0.09484119876287878
1773309694.5336661,Rest (Baseline),-0.030301976250484586
1773309694.534666,Rest (Baseline),0.023910970659926534
1773309694.535666,Rest (Baseline),0.06779764196835458
1773309694.5366662,Rest (Baseline),0.0987764687743038
1773309694.537666,Rest (Baseline),0.11297509772703052
1773309694.538666,Rest (Baseline),0.10910274437628686
1773309694.5396662,Rest (Baseline),0.0819962709210813
1773309694.540666,Rest (Baseline),0.03681881516240537
1773309694.541666,Rest (Baseline),-0.019975700648501515
1773309694.542666,Rest (Baseline),-0.07935178535990417
1773309694.5436661,Rest (Baseline),-0.13485551672056317
1773309694.544666,Rest (Baseline),-0.181323756929487
1773309694.545666,Rest (Baseline),-0.21746572153642774
1773309694.5466661,Rest (Baseline),-0.23811827274039388
1773309694.547666,Rest (Baseline),-0.2432814105413854
1773309694.548666,Rest (Baseline),-0.23037356603890657
1773309694.5496662,Rest (Baseline),-0.19423160143196583
1773309694.550666,Rest (Baseline),-0.1400186545215547
1773309694.551666,Rest (Baseline),-0.08322413871064782
1773309694.552666,Rest (Baseline),-0.010940209496766329
1773309694.553666,Rest (Baseline),0.04714509076438844
1773309694.554666,Rest (Baseline),0.10006725322455168
1773309694.555666,Rest (Baseline),0.1375000022817403
1773309694.5566661,Rest (Baseline),0.15944333793595433
1773309694.557666,Rest (Baseline),0.16460647573694587
1773309694.558666,Rest (Baseline),0.15169863123446703
1773309694.5596662,Rest (Baseline),0.11297509772703052
1773309694.560666,Rest (Baseline),0.058762150816619396
1773309694.561666,Rest (Baseline),-0.003195502795279026
1773309694.5626662,Rest (Baseline),-0.06773472530767322
1773309694.563666,Rest (Baseline),-0.12194767221808434
1773309694.564666,Rest (Baseline),-0.16841591242700815
1773309694.565666,Rest (Baseline),-0.19939473923295736
1773309694.5666661,Rest (Baseline),-0.2123025837354362
1773309694.567666,Rest (Baseline),-0.20713944593444467
1773309694.568666,Rest (Baseline),-0.18261454137973487
1773309694.5696661,Rest (Baseline),-0.12969237891957164
1773309694.570666,Rest (Baseline),-0.0612808030564338
1773309694.571666,Rest (Baseline),0.013584695057943463
1773309694.5726662,Rest (Baseline),0.09361333097331226
1773309694.573666,Rest (Baseline),0.16073412238620222
1773309694.574666,Rest (Baseline),0.22269177599810064
1773309694.575666,Rest (Baseline),0.26786923175677657
1773309694.576666,Rest (Baseline),0.2975572741124779
1773309694.577666,Rest (Baseline),0.30788354971446097
1773309694.578666,Rest (Baseline),0.2975572741124779
1773309694.5796661,Rest (Baseline),0.26141530950553715
1773309694.580666,Rest (Baseline),0.20849314704537392
1773309694.581666,Rest (Baseline),0.14911706233397126
1773309694.5826662,Rest (Baseline),0.08845019317232072
1773309694.583666,Rest (Baseline),0.031655677361413836
1773309694.584666,Rest (Baseline),-0.013521778397262096
1773309694.585666,Rest (Baseline),-0.04579138965345919
1773309694.586666,Rest (Baseline),-0.06386237195692956
1773309694.587666,Rest (Baseline),-0.06386237195692956
1773309694.588666,Rest (Baseline),-0.04450060520321131
1773309694.5896661,Rest (Baseline),-0.0006139338947832584
1773309694.590666,Rest (Baseline),0.05618058191612363
1773309694.591666,Rest (Baseline),0.12071980442851782
1773309694.5926661,Rest (Baseline),0.18267745804041624
1773309694.593666,Rest (Baseline),0.23689040495082736
1773309694.594666,Rest (Baseline),0.2807770762592554
1773309694.5956662,Rest (Baseline),0.3130466875154525
1773309694.596666,Rest (Baseline),0.3285361009184271
1773309694.597666,Rest (Baseline),0.32595453201793134
1773309694.598666,Rest (Baseline),0.3040111963637173
1773309694.599666,Rest (Baseline),0.2575429561547935
1773309694.600666,Rest (Baseline),0.19945765589363873
1773309694.601666,Rest (Baseline),0.13620921783149242
1773309694.6026661,Rest (Baseline),0.074251564219594
1773309694.603666,Rest (Baseline),0.020038617309182882
1773309694.604666,Rest (Baseline),-0.022557269548997283
1773309694.6056662,Rest (Baseline),-0.05224531190469861
1773309694.606666,Rest (Baseline),-0.06515315640717745
1773309694.607666,Rest (Baseline),-0.06257158750668168
1773309694.608666,Rest (Baseline),-0.03804668295197189
1773309694.609666,Rest (Baseline),0.009712341707199812
1773309694.610666,Rest (Baseline),0.06779764196835458
1773309694.6204107,Rest (Baseline),0.129755295580253
1773309694.6214106,Rest (Baseline),0.1865498113911599
1773309694.6224108,Rest (Baseline),0.23818118940107524
1773309694.6234107,Rest (Baseline),0.27690472290851176
1773309694.6244106,Rest (Baseline),0.30272041191346943
1773309694.6254108,Rest (Baseline),0.3130466875154525
1773309694.6264107,Rest (Baseline),0.3065927652642131
1773309694.6274107,Rest (Baseline),0.27690472290851176
1773309694.6284106,Rest (Baseline),0.2252733448985964
1773309694.6294107,Rest (Baseline),0.16589726018719375
1773309694.6304107,Rest (Baseline),0.10006725322455168
1773309694.6314106,Rest (Baseline),0.04327273741364479
1773309694.6324108,Rest (Baseline),-0.010940209496766329
1773309694.6334107,Rest (Baseline),-0.05224531190469861
1773309694.6344106,Rest (Baseline),-0.0767702164594084
1773309694.6354108,Rest (Baseline),-0.08580570761114359
1773309694.6364107,Rest (Baseline),-0.07547943200916052
1773309694.6374106,Rest (Baseline),-0.040628251852467656
1773309694.6384106,Rest (Baseline),0.013584695057943463
1773309694.6394107,Rest (Baseline),0.07941470202058554
1773309694.6404107,Rest (Baseline),0.14782627788372338
1773309694.6414106,Rest (Baseline),0.21494706929661334
1773309694.6424108,Rest (Baseline),0.2730323695577681
1773309694.6434107,Rest (Baseline),0.3195006097666919
1773309694.6444106,Rest (Baseline),0.351770221022889
1773309694.6454108,Rest (Baseline),0.3672596344258636
1773309694.6464107,Rest (Baseline),0.36596884997561574
1773309694.6474106,Rest (Baseline),0.3388623765204102
1773309694.6484108,Rest (Baseline),0.29368492076173425
1773309694.6494107,Rest (Baseline),0.23947197385132313
1773309694.6504107,Rest (Baseline),0.18267745804041624
1773309694.6514106,Rest (Baseline),0.1310460800305009
1773309694.6524107,Rest (Baseline),0.08715940872207284
1773309694.6534107,Rest (Baseline),0.054889797465875745
1773309694.6544106,Rest (Baseline),0.03940038406290114
1773309694.6554108,Rest (Baseline),0.038109599612653255
1773309694.6564107,Rest (Baseline),0.05747136636637151
1773309694.6574106,Rest (Baseline),0.10006725322455168
1773309694.6584108,Rest (Baseline),0.16073412238620222
1773309694.6594107,Rest (Baseline),0.22914569824934006
1773309694.6604106,Rest (Baseline),0.30013884301297367
1773309694.6614106,Rest (Baseline),0.36467806552536786
1773309694.6624107,Rest (Baseline),0.418891012435779
1773309694.6634107,Rest (Baseline),0.46019611484371126
1773309694.6644106,Rest (Baseline),0.48472101939842105
1773309694.6654108,Rest (Baseline),0.49246572609990835
1773309694.6664107,Rest (Baseline),0.4795578815974295
1773309694.6674106,Rest (Baseline),0.440834348089993
1773309694.6684108,Rest (Baseline),0.385330616729334
1773309694.6694107,Rest (Baseline),0.3195006097666919
1773309694.6704106,Rest (Baseline),0.25496138725429773
1773309694.6714108,Rest (Baseline),0.1942945180926472
1773309694.6724107,Rest (Baseline),0.14782627788372338
1773309694.6734107,Rest (Baseline),0.11168431327678263
1773309694.6744106,Rest (Baseline),0.09232254652306437
1773309694.6754107,Rest (Baseline),0.09103176207281649
1773309694.6764107,Rest (Baseline),0.10910274437628686
1773309694.6774106,Rest (Baseline),0.15557098458521068
1773309694.6784108,Rest (Baseline),0.21236550039611757
1773309694.6794107,Rest (Baseline),0.2794862918090075
1773309694.6804106,Rest (Baseline),0.3453162987716496
1773309694.6814108,Rest (Baseline),0.40340159903280437
1773309694.6824107,Rest (Baseline),0.45116062369197607
1773309694.6834106,Rest (Baseline),0.48472101939842105
1773309694.6844106,Rest (Baseline),0.5002104328013957
1773309694.6854107,Rest (Baseline),0.4976288639008999
1773309694.6864107,Rest (Baseline),0.474394743796438
1773309694.6874106,Rest (Baseline),0.42792650358751416
1773309694.6884108,Rest (Baseline),0.3685504188761115
1773309694.6894107,Rest (Baseline),0.3053019808139652
1773309694.6904106,Rest (Baseline),0.24592589610256255
1773309694.6914108,Rest (Baseline),0.19558530254289508
1773309694.6924107,Rest (Baseline),0.16073412238620222
1773309694.6934106,Rest (Baseline),0.14395392453297973
1773309694.6944106,Rest (Baseline),0.1452447089832276
1773309694.6954107,Rest (Baseline),0.16847882908768952
1773309694.6964107,Rest (Baseline),0.21494706929661334
1773309694.6974106,Rest (Baseline),0.28464942960999906
1773309694.6984107,Rest (Baseline),0.37371355667710304
1773309694.6994107,Rest (Baseline),0.4653592526447028
1773309694.7004106,Rest (Baseline),0.5557141641620547
1773309694.7014108,Rest (Baseline),0.6370335845276713
1773309694.7024107,Rest (Baseline),0.7054451603908092
1773309694.7034106,Rest (Baseline),0.7583673228509724
1773309694.7044108,Rest (Baseline),0.7906369341071695
1773309694.7054107,Rest (Baseline),0.8022539941594005
1773309694.7064106,Rest (Baseline),0.7880553652066737
1773309694.7074106,Rest (Baseline),0.7454594783484936
1773309694.7084107,Rest (Baseline),0.6860833936370909
1773309694.7094107,Rest (Baseline),0.6176718177739531
1773309694.7104106,Rest (Baseline),0.5479694574605674
1773309694.7114108,Rest (Baseline),0.48343023494817317
1773309694.7124107,Rest (Baseline),0.4253449346870184
1773309694.7134106,Rest (Baseline),0.38145826337859035
1773309694.7144108,Rest (Baseline),0.35047943657264113
1773309694.7154107,Rest (Baseline),0.3375715920701623
1773309694.7164106,Rest (Baseline),0.3466070832218975
1773309694.7174106,Rest (Baseline),0.3762951255775988
1773309694.7184107,Rest (Baseline),0.4176002279855311
1773309694.7194107,Rest (Baseline),0.4640684681944549
1773309694.713529,Rest (Baseline),0.5092459239531308
1773309694.714529,Rest (Baseline),0.5479694574605674
1773309694.7155292,Rest (Baseline),0.5763667153660208
1773309694.7165291,Rest (Baseline),0.5918561287689954
1773309694.717529,Rest (Baseline),0.5918561287689954
1773309694.7185292,Rest (Baseline),0.5763667153660208
1773309694.7195292,Rest (Baseline),0.5376431818585843
1773309694.720529,Rest (Baseline),0.4808486660476774
1773309694.721529,Rest (Baseline),0.4150186590850353
1773309694.7225292,Rest (Baseline),0.3440255143214017
1773309694.723529,Rest (Baseline),0.27819550735875964
1773309694.724529,Rest (Baseline),0.22140099154785275
1773309694.7255292,Rest (Baseline),0.17493275133892894
1773309694.7265291,Rest (Baseline),0.14395392453297973
1773309694.727529,Rest (Baseline),0.129755295580253
1773309694.7285292,Rest (Baseline),0.13362764893099666
1773309694.7295291,Rest (Baseline),0.1620249068364501
1773309694.730529,Rest (Baseline),0.20849314704537392
1773309694.731529,Rest (Baseline),0.2652876628562808
1773309694.7325292,Rest (Baseline),0.32466374756768346
1773309694.733529,Rest (Baseline),0.3788766944780946
1773309694.734529,Rest (Baseline),0.4253449346870184
1773309694.7355292,Rest (Baseline),0.4576145459432155
1773309694.736529,Rest (Baseline),0.47568552824668586
1773309694.737529,Rest (Baseline),0.47568552824668586
1773309694.7385292,Rest (Baseline),0.4589053303934634
1773309694.7395291,Rest (Baseline),0.41243709018453956
1773309694.740529,Rest (Baseline),0.351770221022889
1773309694.7415292,Rest (Baseline),0.2820678607095033
1773309694.7425292,Rest (Baseline),0.21236550039611757
1773309694.743529,Rest (Baseline),0.14911706233397126
1773309694.744529,Rest (Baseline),0.09361333097331226
1773309694.7455292,Rest (Baseline),0.05359901301562786
1773309694.746529,Rest (Baseline),0.02907410846091807
1773309694.747529,Rest (Baseline),0.023910970659926534
1773309694.7485292,Rest (Baseline),0.03681881516240537
1773309694.7495291,Rest (Baseline),0.07683313312008977
1773309694.750529,Rest (Baseline),0.13362764893099666
1773309694.7515292,Rest (Baseline),0.19816687144339085
1773309694.7525291,Rest (Baseline),0.2652876628562808
1773309694.753529,Rest (Baseline),0.32466374756768346
1773309694.754529,Rest (Baseline),0.3750043411273509
1773309694.7555292,Rest (Baseline),0.4098555212840438
1773309694.756529,Rest (Baseline),0.43050807248800993
1773309694.757529,Rest (Baseline),0.4317988569382578
1773309694.7585292,Rest (Baseline),0.41243709018453956
1773309694.759529,Rest (Baseline),0.3698412033263594
1773309694.760529,Rest (Baseline),0.3130466875154525
1773309694.7615292,Rest (Baseline),0.24463511165231466
1773309694.7625291,Rest (Baseline),0.1710603979881853
1773309694.763529,Rest (Baseline),0.11684745107777417
1773309694.7645292,Rest (Baseline),0.06521607306785882
1773309694.7655292,Rest (Baseline),0.027783324010670185
1773309694.766529,Rest (Baseline),0.007130772806704044
1773309694.767529,Rest (Baseline),0.004549203906208277
1773309694.7685292,Rest (Baseline),0.021329401759430766
1773309694.769529,Rest (Baseline),0.06263450416736305
1773309694.770529,Rest (Baseline),0.12071980442851782
1773309694.7715292,Rest (Baseline),0.18396824249066412
1773309694.7725291,Rest (Baseline),0.24721668055281043
1773309694.773529,Rest (Baseline),0.30272041191346943
1773309694.7745292,Rest (Baseline),0.34918865212239325
1773309694.7755291,Rest (Baseline),0.38016747892834246
1773309694.776529,Rest (Baseline),0.39694767678156495
1773309694.777529,Rest (Baseline),0.3930753234308213
1773309694.7785292,Rest (Baseline),0.3711319877766073
1773309694.779529,Rest (Baseline),0.32466374756768346
1773309694.780529,Rest (Baseline),0.2639968784060329
1773309694.7815292,Rest (Baseline),0.19945765589363873
1773309694.782529,Rest (Baseline),0.13362764893099666
1773309694.783529,Rest (Baseline),0.07812391757033765
1773309694.7845292,Rest (Baseline),0.03681881516240537
1773309694.7855291,Rest (Baseline),0.007130772806704044
1773309694.786529,Rest (Baseline),-0.005777071695774794
1773309694.787529,Rest (Baseline),-0.0006139338947832584
1773309694.7885292,Rest (Baseline),0.027783324010670185
1773309694.789529,Rest (Baseline),0.07812391757033765
1773309694.790529,Rest (Baseline),0.14008157118223608
1773309694.7915292,Rest (Baseline),0.2097839314956218
1773309694.792529,Rest (Baseline),0.27690472290851176
1773309694.793529,Rest (Baseline),0.33369923871941864
1773309694.7945292,Rest (Baseline),0.38016747892834246
1773309694.7955291,Rest (Baseline),0.41243709018453956
1773309694.796529,Rest (Baseline),0.4253449346870184
1773309694.7975292,Rest (Baseline),0.42147258133627474
1773309694.7985291,Rest (Baseline),0.3917845389805734
1773309694.799529,Rest (Baseline),0.34144394542090595
1773309694.800529,Rest (Baseline),0.27819550735875964
1773309694.8015292,Rest (Baseline),0.21236550039611757
1773309694.802529,Rest (Baseline),0.14782627788372338
1773309694.803529,Rest (Baseline),0.09232254652306437
1773309694.8045292,Rest (Baseline),0.048435875214636326
1773309694.805529,Rest (Baseline),0.020038617309182882
1773309694.806529,Rest (Baseline),0.008421557256951928
1773309694.8075292,Rest (Baseline),0.013584695057943463
1773309694.8085291,Rest (Baseline),0.044563521863892674
1773309694.809529,Rest (Baseline),0.09619489987380803
1773309694.810529,Rest (Baseline),0.16073412238620222
1773309694.8115292,Rest (Baseline),0.2252733448985964
1773309694.812529,Rest (Baseline),0.2911033518612385
1773309694.8234913,Rest (Baseline),0.34273472987115383
1773309694.8244913,Rest (Baseline),0.3866214011795819
1773309694.8254914,Rest (Baseline),0.4150186590850353
1773309694.8264914,Rest (Baseline),0.4266357191372663
1773309694.8274913,Rest (Baseline),0.42147258133627474
1773309694.8284914,Rest (Baseline),0.38920297008007765
1773309694.8294914,Rest (Baseline),0.3388623765204102
1773309694.8304913,Rest (Baseline),0.2794862918090075
1773309694.8314912,Rest (Baseline),0.21623785374686122
1773309694.8324914,Rest (Baseline),0.15686176903545856
1773309694.8334913,Rest (Baseline),0.10523039102554321
1773309694.8344913,Rest (Baseline),0.06521607306785882
1773309694.8354914,Rest (Baseline),0.04069116851314902
1773309694.8364913,Rest (Baseline),0.031655677361413836
1773309694.8374913,Rest (Baseline),0.04069116851314902
1773309694.8384914,Rest (Baseline),0.07683313312008977
1773309694.8394914,Rest (Baseline),0.1375000022817403
1773309694.8404913,Rest (Baseline),0.1930037336423993
1773309694.8414912,Rest (Baseline),0.26012452505528927
1773309694.8424914,Rest (Baseline),0.3207913942169398
1773309694.8434913,Rest (Baseline),0.37371355667710304
1773309694.8444912,Rest (Baseline),0.41243709018453956
1773309694.8454914,Rest (Baseline),0.43696199473924935
1773309694.8464913,Rest (Baseline),0.44341591699048877
1773309694.8474913,Rest (Baseline),0.4317988569382578
1773309694.8484914,Rest (Baseline),0.3930753234308213
1773309694.8494914,Rest (Baseline),0.3388623765204102
1773309694.8504913,Rest (Baseline),0.2756139384582639
1773309694.8514915,Rest (Baseline),0.21107471594586968
1773309694.8524914,Rest (Baseline),0.1529894156847149
1773309694.8534913,Rest (Baseline),0.10264882212504745
1773309694.8544912,Rest (Baseline),0.0665068575181067
1773309694.8554914,Rest (Baseline),0.04585430631414056
1773309694.8564913,Rest (Baseline),0.04327273741364479
1773309694.8574913,Rest (Baseline),0.061343719717115164
1773309694.8584914,Rest (Baseline),0.10523039102554321
1773309694.8594913,Rest (Baseline),0.16460647573694587
1773309694.8604913,Rest (Baseline),0.2330180516000837
1773309694.8614914,Rest (Baseline),0.2988480585627258
1773309694.8624914,Rest (Baseline),0.3595149277243763
1773309694.8634913,Rest (Baseline),0.4111463057342917
1773309694.8644912,Rest (Baseline),0.4485790547914803
1773309694.8654914,Rest (Baseline),0.4705223904456943
1773309694.8664913,Rest (Baseline),0.4731039593461901
1773309694.8674912,Rest (Baseline),0.4563237614929676
1773309694.8684914,Rest (Baseline),0.4098555212840438
1773309694.8694913,Rest (Baseline),0.3530610054731369
1773309694.8704913,Rest (Baseline),0.28594021406024694
1773309694.8714914,Rest (Baseline),0.218819422647357
1773309694.8724914,Rest (Baseline),0.16331569128669798
1773309694.8734913,Rest (Baseline),0.1142658821772784
1773309694.8744915,Rest (Baseline),0.08070548647083342
1773309694.8754914,Rest (Baseline),0.061343719717115164
1773309694.8764913,Rest (Baseline),0.061343719717115164
1773309694.8774912,Rest (Baseline),0.0819962709210813
1773309694.8784914,Rest (Baseline),0.12846451113000512
1773309694.8794913,Rest (Baseline),0.1865498113911599
1773309694.8804913,Rest (Baseline),0.25237981835380197
1773309694.8814914,Rest (Baseline),0.31691904086619616
1773309694.8824914,Rest (Baseline),0.37371355667710304
1773309694.8834913,Rest (Baseline),0.42018179688602686
1773309694.8844914,Rest (Baseline),0.45245140814222395
1773309694.8854914,Rest (Baseline),0.46794082154519856
1773309694.8864913,Rest (Baseline),0.4666500370949507
1773309694.8874912,Rest (Baseline),0.440834348089993
1773309694.8884914,Rest (Baseline),0.3943661078810692
1773309694.8894913,Rest (Baseline),0.33369923871941864
1773309694.8904912,Rest (Baseline),0.26916001620702446
1773309694.8914914,Rest (Baseline),0.20591157814487815
1773309694.8924913,Rest (Baseline),0.15169863123446703
1773309694.8934913,Rest (Baseline),0.10781195992603898
1773309694.8944914,Rest (Baseline),0.07941470202058554
1773309694.8954914,Rest (Baseline),0.0665068575181067
1773309694.8964913,Rest (Baseline),0.07166999531909823
1773309694.8974912,Rest (Baseline),0.0987764687743038
1773309694.8984914,Rest (Baseline),0.14911706233397126
1773309694.8994913,Rest (Baseline),0.20849314704537392
1773309694.9004912,Rest (Baseline),0.274323154008016
1773309694.9014914,Rest (Baseline),0.3362808076199144
1773309694.9024913,Rest (Baseline),0.39049375453032553
1773309694.9034913,Rest (Baseline),0.4330896413885057
1773309694.9044914,Rest (Baseline),0.46148689929395914
1773309694.9054914,Rest (Baseline),0.474394743796438
1773309694.9064913,Rest (Baseline),0.4705223904456943
1773309694.9074914,Rest (Baseline),0.440834348089993
1773309694.9084914,Rest (Baseline),0.3930753234308213
1773309694.9094913,Rest (Baseline),0.33240845426917076
1773309694.9104912,Rest (Baseline),0.27045080065727234
1773309694.9114914,Rest (Baseline),0.21107471594586968
1773309694.9124913,Rest (Baseline),0.15944333793595433
1773309694.9134912,Rest (Baseline),0.11942901997826993
1773309694.9144914,Rest (Baseline),0.09490411542356014
1773309694.9154913,Rest (Baseline),0.08586862427182496
1773309694.9164913,Rest (Baseline),0.09490411542356014
1773309694.9174914,Rest (Baseline),0.129755295580253
1773309694.9184914,Rest (Baseline),0.18396824249066412
1773309694.9194913,Rest (Baseline),0.24721668055281043
1773309694.9204912,Rest (Baseline),0.3117559030652046
1773309694.9214914,Rest (Baseline),0.3750043411273509
1773309694.9224913,Rest (Baseline),0.42921728803776205
1773309694.9176512,Rest (Baseline),0.4731039593461901
1773309694.918651,Rest (Baseline),0.5015012172516435
1773309694.9196513,Rest (Baseline),0.5144090617541224
1773309694.9206512,Rest (Baseline),0.48343023494817317
1773309694.9216511,Rest (Baseline),0.47826709714718163
1773309694.9226513,Rest (Baseline),0.43050807248800993
1773309694.9236512,Rest (Baseline),0.37242277222685516
1773309694.9246511,Rest (Baseline),0.31046511861495674
1773309694.925651,Rest (Baseline),0.25367060280404985
1773309694.9266512,Rest (Baseline),0.2020392247941345
1773309694.9276512,Rest (Baseline),0.1620249068364501
1773309694.928651,Rest (Baseline),0.13491843338124454
1773309694.9296513,Rest (Baseline),0.12459215777926147
1773309694.9306512,Rest (Baseline),0.1310460800305009
1773309694.931651,Rest (Baseline),0.16460647573694587
1773309694.9326513,Rest (Baseline),0.21365628484636545
1773309694.9336512,Rest (Baseline),0.2717415851075202
1773309694.9346511,Rest (Baseline),0.33240845426917076
1773309694.935651,Rest (Baseline),0.38920297008007765
1773309694.9366512,Rest (Baseline),0.43825277918949723
1773309694.9376512,Rest (Baseline),0.474394743796438
1773309694.938651,Rest (Baseline),0.4976288639008999
1773309694.9396513,Rest (Baseline),0.5040827861521393
1773309694.9406512,Rest (Baseline),0.49117494164966047
1773309694.941651,Rest (Baseline),0.45374219259247184
1773309694.9426513,Rest (Baseline),0.40598316793330014
1773309694.9436512,Rest (Baseline),0.3207913942169398
1773309694.9446511,Rest (Baseline),0.2833586451597512
1773309694.9456513,Rest (Baseline),0.22914569824934006
1773309694.9466512,Rest (Baseline),0.18396824249066412
1773309694.9476511,Rest (Baseline),0.15040784678421915
1773309694.948651,Rest (Baseline),0.1310460800305009
1773309694.9496512,Rest (Baseline),0.129755295580253
1773309694.9506512,Rest (Baseline),0.1465354934334755
1773309694.951651,Rest (Baseline),0.18784059584140778
1773309694.9526513,Rest (Baseline),0.24463511165231466
1773309694.9536512,Rest (Baseline),0.3040111963637173
1773309694.954651,Rest (Baseline),0.36596884997561574
1773309694.9556513,Rest (Baseline),0.42018179688602686
1773309694.9566512,Rest (Baseline),0.4666500370949507
1773309694.9576511,Rest (Baseline),0.49891964835114777
1773309694.958651,Rest (Baseline),0.5144090617541224
1773309694.9596512,Rest (Baseline),0.5156998462043703
1773309694.9606512,Rest (Baseline),0.4950472950004041
1773309694.961651,Rest (Baseline),0.45116062369197607
1773309694.9626513,Rest (Baseline),0.3943661078810692
1773309694.9636512,Rest (Baseline),0.3311176698189229
1773309694.964651,Rest (Baseline),0.26916001620702446
1773309694.9656513,Rest (Baseline),0.21494706929661334
1773309694.9666512,Rest (Baseline),0.1697696135379374
1773309694.9676511,Rest (Baseline),0.1387907867319882
1773309694.9686513,Rest (Baseline),0.1220105888787657
1773309694.9696512,Rest (Baseline),0.12588294222950935
1773309694.9706511,Rest (Baseline),0.15169863123446703
1773309694.971651,Rest (Baseline),0.2007484403438866
1773309694.9726512,Rest (Baseline),0.2639968784060329
1773309694.9736512,Rest (Baseline),0.3311176698189229
1773309694.974651,Rest (Baseline),0.39694767678156495
1773309694.9756513,Rest (Baseline),0.4563237614929676
1773309694.9766512,Rest (Baseline),0.5040827861521393
1773309694.9776511,Rest (Baseline),0.5363523974083364
1773309694.9786513,Rest (Baseline),0.5505510263610631
1773309694.9796512,Rest (Baseline),0.5479694574605674
1773309694.9806511,Rest (Baseline),0.5195721995551139
1773309694.981651,Rest (Baseline),0.46923160599544644
1773309694.9826512,Rest (Baseline),0.407273952383548
1773309694.9836512,Rest (Baseline),0.34015316097065806
1773309694.984651,Rest (Baseline),0.274323154008016
1773309694.9856513,Rest (Baseline),0.2175286381971091
1773309694.9866512,Rest (Baseline),0.1710603979881853
1773309694.987651,Rest (Baseline),0.1387907867319882
1773309694.9886513,Rest (Baseline),0.12330137332901359
1773309694.9896512,Rest (Baseline),0.12459215777926147
1773309694.9906511,Rest (Baseline),0.15040784678421915
1773309694.991651,Rest (Baseline),0.19816687144339085
1773309694.9926512,Rest (Baseline),0.2562521717045456
1773309694.9936512,Rest (Baseline),0.3195006097666919
1773309694.994651,Rest (Baseline),0.3788766944780946
1773309694.9956512,Rest (Baseline),0.4317988569382578
1773309694.9966512,Rest (Baseline),0.474394743796438
1773309694.997651,Rest (Baseline),0.5015012172516435
1773309694.9986513,Rest (Baseline),0.5118274928536266
1773309694.9996512,Rest (Baseline),0.5053735706023872
1773309695.0006511,Rest (Baseline),0.474394743796438
1773309695.0016513,Rest (Baseline),0.4240541502367705
1773309695.0026512,Rest (Baseline),0.3620964966248721
1773309695.0036511,Rest (Baseline),0.2975572741124779
1773309695.004651,Rest (Baseline),0.23947197385132313
1773309695.0056512,Rest (Baseline),0.18784059584140778
1773309695.0066512,Rest (Baseline),0.15040784678421915
1773309695.007651,Rest (Baseline),0.12846451113000512
1773309695.0086513,Rest (Baseline),0.12330137332901359
1773309695.0096512,Rest (Baseline),0.13491843338124454
1773309695.010651,Rest (Baseline),0.17493275133892894
1773309695.0116513,Rest (Baseline),0.23172726714983582
1773309695.0126512,Rest (Baseline),0.2988480585627258
1773309695.0136511,Rest (Baseline),0.3672596344258636
1773309695.014651,Rest (Baseline),0.43050807248800993
1773309695.0156512,Rest (Baseline),0.48601180384866893
1773309695.0166512,Rest (Baseline),0.529898475157097
1773309695.0124316,Rest (Baseline),0.5582957330625504
1773309695.0134315,Rest (Baseline),0.5699127931147814
1773309695.0144317,Rest (Baseline),0.563458870863542
1773309695.0154316,Rest (Baseline),0.5311892596073449
1773309695.0164316,Rest (Baseline),0.48472101939842105
1773309695.0174317,Rest (Baseline),0.4266357191372663
1773309695.0184317,Rest (Baseline),0.3685504188761115
1773309695.0194316,Rest (Baseline),0.31562825641594827
1773309695.0204315,Rest (Baseline),0.27045080065727234
1773309695.0214317,Rest (Baseline),0.23689040495082736
1773309695.0224316,Rest (Baseline),0.2175286381971091
1773309695.0234315,Rest (Baseline),0.21494706929661334
1773309695.0244317,Rest (Baseline),0.23947197385132313
1773309695.0254316,Rest (Baseline),0.26786923175677657
1773309695.0264316,Rest (Baseline),0.3388623765204102
1773309695.0274317,Rest (Baseline),0.39049375453032553
1773309695.0284317,Rest (Baseline),0.45374219259247184
1773309695.0294316,Rest (Baseline),0.5105367084033787
1773309695.0304315,Rest (Baseline),0.5582957330625504
1773309695.0314317,Rest (Baseline),0.5944376976694912
1773309695.0324316,Rest (Baseline),0.6150902488734573
1773309695.0334315,Rest (Baseline),0.618962602224201
1773309695.0344317,Rest (Baseline),0.6034731888212264
1773309695.0354316,Rest (Baseline),0.563458870863542
1773309695.0364316,Rest (Baseline),0.5118274928536266
1773309695.0374317,Rest (Baseline),0.45374219259247184
1773309695.0384316,Rest (Baseline),0.39565689233131707
1773309695.0394316,Rest (Baseline),0.3440255143214017
1773309695.0404317,Rest (Baseline),0.30272041191346943
1773309695.0414317,Rest (Baseline),0.274323154008016
1773309695.0424316,Rest (Baseline),0.26141530950553715
1773309695.0434315,Rest (Baseline),0.2665784473065287
1773309695.0444317,Rest (Baseline),0.2911033518612385
1773309695.0454316,Rest (Baseline),0.3453162987716496
1773309695.0464315,Rest (Baseline),0.4021108145825565
1773309695.0474317,Rest (Baseline),0.4705223904456943
1773309695.0484316,Rest (Baseline),0.5350616129580885
1773309695.0494316,Rest (Baseline),0.5931469132192433
1773309695.0504317,Rest (Baseline),0.640905937878415
1773309695.0514317,Rest (Baseline),0.67446633358486
1773309695.0524316,Rest (Baseline),0.6899557469878346
1773309695.0534315,Rest (Baseline),0.6899557469878346
1773309695.0544317,Rest (Baseline),0.6654308424331248
1773309695.0554316,Rest (Baseline),0.6202533866744488
1773309695.0564315,Rest (Baseline),0.5621680864132941
1773309695.0574317,Rest (Baseline),0.4976288639008999
1773309695.0584316,Rest (Baseline),0.43567121028900146
1773309695.0594316,Rest (Baseline),0.3840398322790861
1773309695.0604317,Rest (Baseline),0.34144394542090595
1773309695.0614316,Rest (Baseline),0.31562825641594827
1773309695.0624316,Rest (Baseline),0.30788354971446097
1773309695.0634317,Rest (Baseline),0.3195006097666919
1773309695.0644317,Rest (Baseline),0.3543517899233848
1773309695.0654316,Rest (Baseline),0.4111463057342917
1773309695.0664315,Rest (Baseline),0.4808486660476774
1773309695.0674317,Rest (Baseline),0.5544233797118068
1773309695.0684316,Rest (Baseline),0.6254165244754404
1773309695.0694315,Rest (Baseline),0.6873741780873388
1773309695.0704317,Rest (Baseline),0.7377147716470063
1773309695.0714316,Rest (Baseline),0.7751475207041949
1773309695.0724316,Rest (Baseline),0.7932185030076653
1773309695.0734317,Rest (Baseline),0.7945092874579132
1773309695.0744317,Rest (Baseline),0.7725659518036991
1773309695.0754316,Rest (Baseline),0.7273884960450232
1773309695.0764315,Rest (Baseline),0.6718847646843642
1773309695.0774317,Rest (Baseline),0.6125086799729615
1773309695.0784316,Rest (Baseline),0.5557141641620547
1773309695.0794315,Rest (Baseline),0.5066643550526351
1773309695.0804317,Rest (Baseline),0.46923160599544644
1773309695.0814316,Rest (Baseline),0.44470670144073665
1773309695.0824316,Rest (Baseline),0.43567121028900146
1773309695.0834317,Rest (Baseline),0.44341591699048877
1773309695.0844316,Rest (Baseline),0.47568552824668586
1773309695.0854316,Rest (Baseline),0.5286076907068491
1773309695.0864315,Rest (Baseline),0.5905653443187475
1773309695.0874317,Rest (Baseline),0.6563953512813896
1773309695.0884316,Rest (Baseline),0.7093175137415528
1773309695.0894315,Rest (Baseline),0.7725659518036991
1773309695.0904317,Rest (Baseline),0.8112894853111356
1773309695.0914316,Rest (Baseline),0.8371051743160933
1773309695.0924315,Rest (Baseline),0.8461406654678285
1773309695.0934317,Rest (Baseline),0.8371051743160933
1773309695.0944316,Rest (Baseline),0.8009632097091526
1773309695.0954316,Rest (Baseline),0.7467502627987415
1773309695.0964317,Rest (Baseline),0.684792609186843
1773309695.0974317,Rest (Baseline),0.6202533866744488
1773309695.0984316,Rest (Baseline),0.5595865175127983
1773309695.0994315,Rest (Baseline),0.507955139502883
1773309695.1004317,Rest (Baseline),0.46923160599544644
1773309695.1014316,Rest (Baseline),0.44470670144073665
1773309695.1024315,Rest (Baseline),0.43825277918949723
1773309695.1034317,Rest (Baseline),0.4498698392417282
1773309695.1044316,Rest (Baseline),0.4873025882989168
1773309695.1054316,Rest (Baseline),0.54022475075908
1773309695.1064317,Rest (Baseline),0.6034731888212264
1773309695.1074317,Rest (Baseline),0.6680124113336205
1773309695.1084316,Rest (Baseline),0.7260977115947753
1773309695.1094315,Rest (Baseline),0.7751475207041949
1773309695.1104317,Rest (Baseline),0.8099987008608878
1773309695.1114316,Rest (Baseline),0.8319420365151018
1773309695.1211948,Rest (Baseline),0.8371051743160933
1773309695.1221948,Rest (Baseline),0.8229065453633666
1773309695.123195,Rest (Baseline),0.7828922274056822
1773309695.1241949,Rest (Baseline),0.7286792804952711
1773309695.1251948,Rest (Baseline),0.6654308424331248
1773309695.126195,Rest (Baseline),0.6034731888212264
1773309695.127195,Rest (Baseline),0.5453878885600716
1773309695.1281948,Rest (Baseline),0.49891964835114777
1773309695.1291947,Rest (Baseline),0.462777683744207
1773309695.130195,Rest (Baseline),0.44470670144073665
1773309695.1311948,Rest (Baseline),0.4421251325402409
1773309695.1321948,Rest (Baseline),0.46148689929395914
1773309695.133195,Rest (Baseline),0.5027920017018914
1773309695.1341949,Rest (Baseline),0.5621680864132941
1773309695.1351948,Rest (Baseline),0.6267073089256883
1773309695.136195,Rest (Baseline),0.6925373158883303
1773309695.1371949,Rest (Baseline),0.7506226161494851
1773309695.1381948,Rest (Baseline),0.7996724252589047
1773309695.1391947,Rest (Baseline),0.8345236054155976
1773309695.140195,Rest (Baseline),0.8525945877190679
1773309695.1411948,Rest (Baseline),0.8525945877190679
1773309695.1421947,Rest (Baseline),0.8319420365151018
1773309695.143195,Rest (Baseline),0.785473796306178
1773309695.1441948,Rest (Baseline),0.7248069271445274
1773309695.1451948,Rest (Baseline),0.6563953512813896
1773309695.146195,Rest (Baseline),0.5879837754182518
1773309695.1471949,Rest (Baseline),0.5260261218063533
1773309695.1481948,Rest (Baseline),0.4731039593461901
1773309695.149195,Rest (Baseline),0.4343804258387536
1773309695.150195,Rest (Baseline),0.41243709018453956
1773309695.1511948,Rest (Baseline),0.407273952383548
1773309695.1521947,Rest (Baseline),0.4253449346870184
1773309695.153195,Rest (Baseline),0.4653592526447028
1773309695.1541948,Rest (Baseline),0.5195721995551139
1773309695.1551948,Rest (Baseline),0.5802390687167645
1773309695.156195,Rest (Baseline),0.6396151534281671
1773309695.1571949,Rest (Baseline),0.6912465314380825
1773309695.1581948,Rest (Baseline),0.7338424182962626
1773309695.159195,Rest (Baseline),0.7622396762017161
1773309695.1601949,Rest (Baseline),0.7725659518036991
1773309695.1611948,Rest (Baseline),0.7674028140027076
1773309695.1621947,Rest (Baseline),0.740296340547502
1773309695.163195,Rest (Baseline),0.696409669239074
1773309695.1641948,Rest (Baseline),0.6267073089256883
1773309695.1651947,Rest (Baseline),0.5557141641620547
1773309695.166195,Rest (Baseline),0.49117494164966047
1773309695.1671948,Rest (Baseline),0.4343804258387536
1773309695.1681948,Rest (Baseline),0.38791218562982976
1773309695.169195,Rest (Baseline),0.35693335882388055
1773309695.1701949,Rest (Baseline),0.3440255143214017
1773309695.1711948,Rest (Baseline),0.34918865212239325
1773309695.172195,Rest (Baseline),0.3788766944780946
1773309695.173195,Rest (Baseline),0.42921728803776205
1773309695.1741948,Rest (Baseline),0.4898841571994126
1773309695.1751947,Rest (Baseline),0.5544233797118068
1773309695.176195,Rest (Baseline),0.6176718177739531
1773309695.1771948,Rest (Baseline),0.6718847646843642
1773309695.1781948,Rest (Baseline),0.7131898670922965
1773309695.179195,Rest (Baseline),0.740296340547502
1773309695.1801949,Rest (Baseline),0.7493318316992372
1773309695.1811948,Rest (Baseline),0.7415871249977499
1773309695.182195,Rest (Baseline),0.7041543759405613
1773309695.1831949,Rest (Baseline),0.6499414290301502
1773309695.1841948,Rest (Baseline),0.585402206517756
1773309695.1851947,Rest (Baseline),0.5144090617541224
1773309695.186195,Rest (Baseline),0.4485790547914803
1773309695.1871948,Rest (Baseline),0.3917845389805734
1773309695.1881948,Rest (Baseline),0.3466070832218975
1773309695.189195,Rest (Baseline),0.31820982531644404
1773309695.1901948,Rest (Baseline),0.3053019808139652
1773309695.1911948,Rest (Baseline),0.3117559030652046
1773309695.192195,Rest (Baseline),0.3440255143214017
1773309695.1931949,Rest (Baseline),0.3943661078810692
1773309695.1941948,Rest (Baseline),0.4576145459432155
1773309695.1951947,Rest (Baseline),0.5234445529058576
1773309695.196195,Rest (Baseline),0.5841114220675081
1773309695.1971948,Rest (Baseline),0.6357428000774235
1773309695.1981947,Rest (Baseline),0.6783386869356036
1773309695.199195,Rest (Baseline),0.7041543759405613
1773309695.2001948,Rest (Baseline),0.7131898670922965
1773309695.2011948,Rest (Baseline),0.7028635914903134
1773309695.202195,Rest (Baseline),0.6654308424331248
1773309695.2031949,Rest (Baseline),0.6112178955227137
1773309695.2041948,Rest (Baseline),0.5492602419108152
1773309695.205195,Rest (Baseline),0.47697631269693375
1773309695.2061949,Rest (Baseline),0.4176002279855311
1773309695.2071948,Rest (Baseline),0.3608057121746242
1773309695.2081947,Rest (Baseline),0.3195006097666919
1773309695.209195,Rest (Baseline),0.2911033518612385
1773309695.2101948,Rest (Baseline),0.2794862918090075
1773309695.2111948,Rest (Baseline),0.2885217829607427
1773309695.212195,Rest (Baseline),0.3220821786671877
1773309695.2131948,Rest (Baseline),0.3711319877766073
1773309695.2141948,Rest (Baseline),0.4317988569382578
1773309695.215195,Rest (Baseline),0.49117494164966047
1773309695.2161949,Rest (Baseline),0.5479694574605674
1773309695.2171948,Rest (Baseline),0.5944376976694912
1773309695.2181947,Rest (Baseline),0.6305796622764319
1773309695.219195,Rest (Baseline),0.6499414290301502
1773309695.2201948,Rest (Baseline),0.6538137823808938
1773309695.2152188,Rest (Baseline),0.6383243689779192
1773309695.2162187,Rest (Baseline),0.5970192665699869
1773309695.2172189,Rest (Baseline),0.5415155352093279
1773309695.2182188,Rest (Baseline),0.47697631269693375
1773309695.2192187,Rest (Baseline),0.41243709018453956
1773309695.220219,Rest (Baseline),0.3530610054731369
1773309695.2212188,Rest (Baseline),0.30142962746322155
1773309695.2222188,Rest (Baseline),0.26270609395578504
1773309695.2232187,Rest (Baseline),0.23818118940107524
1773309695.2242188,Rest (Baseline),0.23043648269958794
1773309695.2252188,Rest (Baseline),0.24463511165231466
1773309695.2262187,Rest (Baseline),0.2833586451597512
1773309695.2272189,Rest (Baseline),0.33369923871941864
1773309695.2282188,Rest (Baseline),0.3930753234308213
1773309695.2292187,Rest (Baseline),0.45116062369197607
1773309695.230219,Rest (Baseline),0.5027920017018914
1773309695.2312188,Rest (Baseline),0.5440971041098237
1773309695.2322187,Rest (Baseline),0.573785146465525
1773309695.2332187,Rest (Baseline),0.5879837754182518
1773309695.2342188,Rest (Baseline),0.585402206517756
1773309695.2352188,Rest (Baseline),0.5595865175127983
1773309695.2362187,Rest (Baseline),0.5105367084033787
1773309695.2372189,Rest (Baseline),0.4498698392417282
1773309695.2382188,Rest (Baseline),0.38145826337859035
1773309695.2392187,Rest (Baseline),0.31691904086619616
1773309695.2402189,Rest (Baseline),0.2575429561547935
1773309695.2412188,Rest (Baseline),0.20849314704537392
1773309695.2422187,Rest (Baseline),0.17364196688868105
1773309695.243219,Rest (Baseline),0.1542802001349628
1773309695.2442188,Rest (Baseline),0.1542802001349628
1773309695.2452188,Rest (Baseline),0.17493275133892894
1773309695.2462187,Rest (Baseline),0.218819422647357
1773309695.2472188,Rest (Baseline),0.274323154008016
1773309695.2482188,Rest (Baseline),0.33369923871941864
1773309695.2492187,Rest (Baseline),0.3930753234308213
1773309695.2502189,Rest (Baseline),0.44470670144073665
1773309695.2512188,Rest (Baseline),0.48601180384866893
1773309695.2522187,Rest (Baseline),0.5144090617541224
1773309695.253219,Rest (Baseline),0.5247353373561054
1773309695.2542188,Rest (Baseline),0.518281415104866
1773309695.2552187,Rest (Baseline),0.4873025882989168
1773309695.2562187,Rest (Baseline),0.43696199473924935
1773309695.2572188,Rest (Baseline),0.3750043411273509
1773309695.2582188,Rest (Baseline),0.30788354971446097
1773309695.2592187,Rest (Baseline),0.24592589610256255
1773309695.2602189,Rest (Baseline),0.19042216474190354
1773309695.2612188,Rest (Baseline),0.14782627788372338
1773309695.2622187,Rest (Baseline),0.11942901997826993
1773309695.2632189,Rest (Baseline),0.10781195992603898
1773309695.2642188,Rest (Baseline),0.1142658821772784
1773309695.2652187,Rest (Baseline),0.14395392453297973
1773309695.266219,Rest (Baseline),0.1930037336423993
1773309695.2672188,Rest (Baseline),0.25237981835380197
1773309695.2682188,Rest (Baseline),0.31562825641594827
1773309695.2692187,Rest (Baseline),0.37371355667710304
1773309695.2702188,Rest (Baseline),0.4227633657865226
1773309695.2712188,Rest (Baseline),0.46019611484371126
1773309695.2722187,Rest (Baseline),0.48343023494817317
1773309695.2732189,Rest (Baseline),0.4898841571994126
1773309695.2742188,Rest (Baseline),0.47826709714718163
1773309695.2752187,Rest (Baseline),0.4395435636397451
1773309695.276219,Rest (Baseline),0.385330616729334
1773309695.2772188,Rest (Baseline),0.3207913942169398
1773309695.2782187,Rest (Baseline),0.25237981835380197
1773309695.2792187,Rest (Baseline),0.19042216474190354
1773309695.2802188,Rest (Baseline),0.13491843338124454
1773309695.2812188,Rest (Baseline),0.09232254652306437
1773309695.2822187,Rest (Baseline),0.06521607306785882
1773309695.2832189,Rest (Baseline),0.05618058191612363
1773309695.2842188,Rest (Baseline),0.0665068575181067
1773309695.2852187,Rest (Baseline),0.10264882212504745
1773309695.286219,Rest (Baseline),0.15557098458521068
1773309695.2872188,Rest (Baseline),0.2175286381971091
1773309695.2882187,Rest (Baseline),0.2820678607095033
1773309695.2892187,Rest (Baseline),0.34144394542090595
1773309695.2902188,Rest (Baseline),0.3917845389805734
1773309695.2912188,Rest (Baseline),0.42921728803776205
1773309695.2922187,Rest (Baseline),0.45116062369197607
1773309695.2932189,Rest (Baseline),0.4563237614929676
1773309695.2942188,Rest (Baseline),0.440834348089993
1773309695.2952187,Rest (Baseline),0.4008200301323086
1773309695.2962189,Rest (Baseline),0.3440255143214017
1773309695.2972188,Rest (Baseline),0.27819550735875964
1773309695.2982187,Rest (Baseline),0.21236550039611757
1773309695.299219,Rest (Baseline),0.15040784678421915
1773309695.3002188,Rest (Baseline),0.09748568432405591
1773309695.3012187,Rest (Baseline),0.05747136636637151
1773309695.3022187,Rest (Baseline),0.031655677361413836
1773309695.3032188,Rest (Baseline),0.02262018620967865
1773309695.3042188,Rest (Baseline),0.034237246261909604
1773309695.3052187,Rest (Baseline),0.06908842641860247
1773309695.3062189,Rest (Baseline),0.12071980442851782
1773309695.3072188,Rest (Baseline),0.1788051046896726
1773309695.3082187,Rest (Baseline),0.23947197385132313
1773309695.309219,Rest (Baseline),0.29368492076173425
1773309695.3102188,Rest (Baseline),0.34015316097065806
1773309695.3112187,Rest (Baseline),0.37371355667710304
1773309695.3122187,Rest (Baseline),0.3930753234308213
1773309695.3132188,Rest (Baseline),0.39694767678156495
1773309695.3142188,Rest (Baseline),0.38016747892834246
1773309695.308268,Rest (Baseline),0.34015316097065806
1773309695.309268,Rest (Baseline),0.28594021406024694
1773309695.3102682,Rest (Baseline),0.22398256044834852
1773309695.311268,Rest (Baseline),0.1620249068364501
1773309695.312268,Rest (Baseline),0.10393960657529533
1773309695.3132682,Rest (Baseline),0.054889797465875745
1773309695.314268,Rest (Baseline),0.018747832858935
1773309695.315268,Rest (Baseline),-0.003195502795279026
1773309695.316268,Rest (Baseline),-0.008358640596270561
1773309695.3172681,Rest (Baseline),0.007130772806704044
1773309695.318268,Rest (Baseline),0.04714509076438844
1773309695.319268,Rest (Baseline),0.0987764687743038
1773309695.3202682,Rest (Baseline),0.15686176903545856
1773309695.321268,Rest (Baseline),0.21365628484636545
1773309695.322268,Rest (Baseline),0.2652876628562808
1773309695.3232682,Rest (Baseline),0.3065927652642131
1773309695.324268,Rest (Baseline),0.33499002316966653
1773309695.325268,Rest (Baseline),0.34918865212239325
1773309695.326268,Rest (Baseline),0.3466070832218975
1773309695.3272681,Rest (Baseline),0.3220821786671877
1773309695.328268,Rest (Baseline),0.2756139384582639
1773309695.329268,Rest (Baseline),0.21623785374686122
1773309695.3302681,Rest (Baseline),0.15169863123446703
1773309695.331268,Rest (Baseline),0.08974097762256861
1773309695.332268,Rest (Baseline),0.034237246261909604
1773309695.3332682,Rest (Baseline),-0.010940209496766329
1773309695.334268,Rest (Baseline),-0.043209820752963424
1773309695.335268,Rest (Baseline),-0.05999001860618591
1773309695.3362682,Rest (Baseline),-0.05869923415593803
1773309695.337268,Rest (Baseline),-0.03804668295197189
1773309695.338268,Rest (Baseline),0.008421557256951928
1773309695.339268,Rest (Baseline),0.06263450416736305
1773309695.3402681,Rest (Baseline),0.1220105888787657
1773309695.341268,Rest (Baseline),0.1788051046896726
1773309695.342268,Rest (Baseline),0.22914569824934006
1773309695.3432682,Rest (Baseline),0.26786923175677657
1773309695.344268,Rest (Baseline),0.29368492076173425
1773309695.345268,Rest (Baseline),0.30142962746322155
1773309695.3462682,Rest (Baseline),0.29368492076173425
1773309695.347268,Rest (Baseline),0.26141530950553715
1773309695.348268,Rest (Baseline),0.2097839314956218
1773309695.349268,Rest (Baseline),0.1465354934334755
1773309695.3502681,Rest (Baseline),0.0819962709210813
1773309695.351268,Rest (Baseline),0.020038617309182882
1773309695.352268,Rest (Baseline),-0.03417432960122824
1773309695.3532681,Rest (Baseline),-0.07547943200916052
1773309695.354268,Rest (Baseline),-0.10258590546436608
1773309695.355268,Rest (Baseline),-0.11420296551659703
1773309695.3562682,Rest (Baseline),-0.10645825881510973
1773309695.357268,Rest (Baseline),-0.07289786310866475
1773309695.358268,Rest (Baseline),-0.022557269548997283
1773309695.3592682,Rest (Baseline),0.04327273741364479
1773309695.360268,Rest (Baseline),0.10781195992603898
1773309695.361268,Rest (Baseline),0.16718804463744164
1773309695.362268,Rest (Baseline),0.218819422647357
1773309695.3632681,Rest (Baseline),0.2588337406050414
1773309695.364268,Rest (Baseline),0.2820678607095033
1773309695.365268,Rest (Baseline),0.2885217829607427
1773309695.3662682,Rest (Baseline),0.27690472290851176
1773309695.367268,Rest (Baseline),0.23818118940107524
1773309695.368268,Rest (Baseline),0.18396824249066412
1773309695.3692682,Rest (Baseline),0.11942901997826993
1773309695.370268,Rest (Baseline),0.05359901301562786
1773309695.371268,Rest (Baseline),-0.008358640596270561
1773309695.372268,Rest (Baseline),-0.06257158750668168
1773309695.3732681,Rest (Baseline),-0.10516747436486185
1773309695.374268,Rest (Baseline),-0.1322739478200674
1773309695.375268,Rest (Baseline),-0.14389100787229836
1773309695.3762681,Rest (Baseline),-0.13743708562105894
1773309695.377268,Rest (Baseline),-0.10387668991461396
1773309695.378268,Rest (Baseline),-0.05611766525544226
1773309695.3792682,Rest (Baseline),0.004549203906208277
1773309695.380268,Rest (Baseline),0.061343719717115164
1773309695.381268,Rest (Baseline),0.11684745107777417
1773309695.382268,Rest (Baseline),0.16460647573694587
1773309695.383268,Rest (Baseline),0.19945765589363873
1773309695.384268,Rest (Baseline),0.22140099154785275
1773309695.385268,Rest (Baseline),0.22785491379909217
1773309695.3862681,Rest (Baseline),0.21365628484636545
1773309695.387268,Rest (Baseline),0.17622353578917682
1773309695.388268,Rest (Baseline),0.1220105888787657
1773309695.3892682,Rest (Baseline),0.06263450416736305
1773309695.390268,Rest (Baseline),0.0006768505554646254
1773309695.391268,Rest (Baseline),-0.05482688080519438
1773309695.3922682,Rest (Baseline),-0.10387668991461396
1773309695.393268,Rest (Baseline),-0.1400186545215547
1773309695.394268,Rest (Baseline),-0.16067120572552085
1773309695.395268,Rest (Baseline),-0.16583434352651238
1773309695.3962681,Rest (Baseline),-0.15163571457378566
1773309695.397268,Rest (Baseline),-0.11291218106634915
1773309695.398268,Rest (Baseline),-0.05999001860618591
1773309695.3992682,Rest (Baseline),-0.0019047183450311422
1773309695.400268,Rest (Baseline),0.05618058191612363
1773309695.401268,Rest (Baseline),0.1065211754757911
1773309695.4022682,Rest (Baseline),0.14911706233397126
1773309695.403268,Rest (Baseline),0.1775143202394247
1773309695.404268,Rest (Baseline),0.1930037336423993
1773309695.405268,Rest (Baseline),0.19042216474190354
1773309695.4062681,Rest (Baseline),0.16589726018719375
1773309695.407268,Rest (Baseline),0.11942901997826993
1773309695.4171286,Rest (Baseline),0.06005293526686728
1773309695.4181285,Rest (Baseline),-0.005777071695774794
1773309695.4191287,Rest (Baseline),-0.0690255097579211
1773309695.4201286,Rest (Baseline),-0.12711081001907587
1773309695.4211285,Rest (Baseline),-0.17486983467824757
1773309695.4221287,Rest (Baseline),-0.20972101483494043
1773309695.4231286,Rest (Baseline),-0.2290827815886587
1773309695.4241285,Rest (Baseline),-0.23166435048915446
1773309695.4251285,Rest (Baseline),-0.2123025837354362
1773309695.4261286,Rest (Baseline),-0.16970669687725604
1773309695.4271286,Rest (Baseline),-0.1167845344170928
1773309695.4281285,Rest (Baseline),-0.057408449705690145
1773309695.4291286,Rest (Baseline),0.0006768505554646254
1773309695.4301286,Rest (Baseline),0.05230822856537998
1773309695.4311285,Rest (Baseline),0.09361333097331226
1773309695.4321287,Rest (Baseline),0.1220105888787657
1773309695.4331286,Rest (Baseline),0.13233686448074877
1773309695.4341285,Rest (Baseline),0.12717372667975724
1773309695.4351285,Rest (Baseline),0.0987764687743038
1773309695.4361286,Rest (Baseline),0.04972665966488421
1773309695.4371285,Rest (Baseline),-0.009649425046518445
1773309695.4381285,Rest (Baseline),-0.07289786310866475
1773309695.4391286,Rest (Baseline),-0.13485551672056317
1773309695.4401286,Rest (Baseline),-0.1877776791807264
1773309695.4411285,Rest (Baseline),-0.2290827815886587
1773309695.4421287,Rest (Baseline),-0.25748003949411213
1773309695.4431286,Rest (Baseline),-0.27038788399659097
1773309695.4441285,Rest (Baseline),-0.2665155306458473
1773309695.4451287,Rest (Baseline),-0.23811827274039388
1773309695.4461286,Rest (Baseline),-0.19165003253147006
1773309695.4471285,Rest (Baseline),-0.13485551672056317
1773309695.4481285,Rest (Baseline),-0.07418864755891263
1773309695.4491286,Rest (Baseline),-0.01868491619825363
1773309695.4501286,Rest (Baseline),0.02907410846091807
1773309695.4511285,Rest (Baseline),0.0665068575181067
1773309695.4521286,Rest (Baseline),0.08715940872207284
1773309695.4531286,Rest (Baseline),0.09361333097331226
1773309695.4541285,Rest (Baseline),0.08328705537132919
1773309695.4551287,Rest (Baseline),0.04327273741364479
1773309695.4561286,Rest (Baseline),-0.009649425046518445
1773309695.4571285,Rest (Baseline),-0.07289786310866475
1773309695.4581285,Rest (Baseline),-0.1413094389718026
1773309695.4591286,Rest (Baseline),-0.20326709258370101
1773309695.4601285,Rest (Baseline),-0.25748003949411213
1773309695.4611285,Rest (Baseline),-0.3000759263522923
1773309695.4621286,Rest (Baseline),-0.32718239980749786
1773309695.4631286,Rest (Baseline),-0.33621789095923305
1773309695.4641285,Rest (Baseline),-0.3297639687079936
1773309695.4651287,Rest (Baseline),-0.29749435745179653
1773309695.4661286,Rest (Baseline),-0.24715376389212906
1773309695.4671285,Rest (Baseline),-0.1877776791807264
1773309695.4681287,Rest (Baseline),-0.12840159446932375
1773309695.4691286,Rest (Baseline),-0.07289786310866475
1773309695.4701285,Rest (Baseline),-0.029011191800236702
1773309695.4711285,Rest (Baseline),0.004549203906208277
1773309695.4721286,Rest (Baseline),0.02262018620967865
1773309695.4731286,Rest (Baseline),0.02262018620967865
1773309695.4741285,Rest (Baseline),0.004549203906208277
1773309695.4751287,Rest (Baseline),-0.036755898501724005
1773309695.4761286,Rest (Baseline),-0.09613198321312666
1773309695.4771285,Rest (Baseline),-0.16325277462601662
1773309695.4781287,Rest (Baseline),-0.23295513493940234
1773309695.4791286,Rest (Baseline),-0.29491278855130076
1773309695.4801285,Rest (Baseline),-0.347834951011464
1773309695.4811285,Rest (Baseline),-0.3891400534193963
1773309695.4821286,Rest (Baseline),-0.41495574242435396
1773309695.4831285,Rest (Baseline),-0.4214096646755934
1773309695.4841285,Rest (Baseline),-0.40850182017311454
1773309695.4851286,Rest (Baseline),-0.369778286665678
1773309695.4861286,Rest (Baseline),-0.314274555305019
1773309695.4871285,Rest (Baseline),-0.2510261172428727
1773309695.4881287,Rest (Baseline),-0.18519611028023064
1773309695.4891286,Rest (Baseline),-0.12323845666833222
1773309695.4901285,Rest (Baseline),-0.07289786310866475
1773309695.4911284,Rest (Baseline),-0.03288354515098035
1773309695.4921286,Rest (Baseline),-0.010940209496766329
1773309695.4931285,Rest (Baseline),-0.00448628724552691
1773309695.4941285,Rest (Baseline),-0.017394131748005748
1773309695.4951286,Rest (Baseline),-0.057408449705690145
1773309695.4961286,Rest (Baseline),-0.11162139661610126
1773309695.4971285,Rest (Baseline),-0.17099748132750392
1773309695.4981287,Rest (Baseline),-0.23166435048915446
1773309695.4991286,Rest (Baseline),-0.28845886630006135
1773309695.5001285,Rest (Baseline),-0.33492710650898516
1773309695.5011287,Rest (Baseline),-0.36848750221543014
1773309695.5021286,Rest (Baseline),-0.3865584845189005
1773309695.5031285,Rest (Baseline),-0.3878492689691484
1773309695.5041285,Rest (Baseline),-0.36719671776518226
1773309695.5051286,Rest (Baseline),-0.3233100464567542
1773309695.5061285,Rest (Baseline),-0.2665155306458473
1773309695.5071285,Rest (Baseline),-0.20197630813345313
1773309695.5081286,Rest (Baseline),-0.1400186545215547
1773309695.5091286,Rest (Baseline),-0.08580570761114359
1773309695.5101285,Rest (Baseline),-0.040628251852467656
1773309695.5111287,Rest (Baseline),-0.009649425046518445
1773309695.5121286,Rest (Baseline),0.007130772806704044
1773309695.5131285,Rest (Baseline),0.0058399883564561605
1773309695.5141284,Rest (Baseline),-0.019975700648501515
1773309695.5151286,Rest (Baseline),-0.06644394085742533
1773309695.5161285,Rest (Baseline),-0.12711081001907587
1773309695.510472,Rest (Baseline),-0.19165003253147006
1773309695.511472,Rest (Baseline),-0.25748003949411213
1773309695.5124722,Rest (Baseline),-0.3155653397552669
1773309695.513472,Rest (Baseline),-0.3646151488646865
1773309695.514472,Rest (Baseline),-0.40075711347162724
1773309695.5154722,Rest (Baseline),-0.4201188802253455
1773309695.516472,Rest (Baseline),-0.4214096646755934
1773309695.517472,Rest (Baseline),-0.403338682372123
1773309695.518472,Rest (Baseline),-0.35816122661344707
1773309695.5194721,Rest (Baseline),-0.30394827970303595
1773309695.520472,Rest (Baseline),-0.2432814105413854
1773309695.521472,Rest (Baseline),-0.18390532582998276
1773309695.5224721,Rest (Baseline),-0.1322739478200674
1773309695.523472,Rest (Baseline),-0.08967806096188724
1773309695.524472,Rest (Baseline),-0.06257158750668168
1773309695.5254722,Rest (Baseline),-0.04837295855395496
1773309695.526472,Rest (Baseline),-0.050954527454450727
1773309695.527472,Rest (Baseline),-0.07935178535990417
1773309695.528472,Rest (Baseline),-0.125820025568828
1773309695.529472,Rest (Baseline),-0.18261454137973487
1773309695.530472,Rest (Baseline),-0.2432814105413854
1773309695.531472,Rest (Baseline),-0.3000759263522923
1773309695.5324721,Rest (Baseline),-0.347834951011464
1773309695.533472,Rest (Baseline),-0.3865584845189005
1773309695.534472,Rest (Baseline),-0.4097926046233624
1773309695.5354722,Rest (Baseline),-0.41624652687460184
1773309695.536472,Rest (Baseline),-0.40850182017311454
1773309695.537472,Rest (Baseline),-0.37494142446666956
1773309695.5384722,Rest (Baseline),-0.3233100464567542
1773309695.539472,Rest (Baseline),-0.26264317729510367
1773309695.540472,Rest (Baseline),-0.19939473923295736
1773309695.541472,Rest (Baseline),-0.1400186545215547
1773309695.5424721,Rest (Baseline),-0.08967806096188724
1773309695.543472,Rest (Baseline),-0.050954527454450727
1773309695.544472,Rest (Baseline),-0.026429622899740934
1773309695.5454721,Rest (Baseline),-0.017394131748005748
1773309695.546472,Rest (Baseline),-0.026429622899740934
1773309695.547472,Rest (Baseline),-0.0612808030564338
1773309695.5484722,Rest (Baseline),-0.11291218106634915
1773309695.549472,Rest (Baseline),-0.1735790502279997
1773309695.550472,Rest (Baseline),-0.2355367038398981
1773309695.551472,Rest (Baseline),-0.292331219650805
1773309695.552472,Rest (Baseline),-0.3387994598597288
1773309695.553472,Rest (Baseline),-0.3736506400164217
1773309695.554472,Rest (Baseline),-0.39301240677013993
1773309695.5554721,Rest (Baseline),-0.3955939756706357
1773309695.556472,Rest (Baseline),-0.3801045622676611
1773309695.557472,Rest (Baseline),-0.33750867540948093
1773309695.5584722,Rest (Baseline),-0.28071415959857404
1773309695.559472,Rest (Baseline),-0.21617493708617985
1773309695.560472,Rest (Baseline),-0.15163571457378566
1773309695.5614722,Rest (Baseline),-0.09484119876287878
1773309695.562472,Rest (Baseline),-0.047082174103707075
1773309695.563472,Rest (Baseline),-0.012230993947014213
1773309695.564472,Rest (Baseline),0.0058399883564561605
1773309695.5654721,Rest (Baseline),0.0058399883564561605
1773309695.566472,Rest (Baseline),-0.01481256284750998
1773309695.567472,Rest (Baseline),-0.05869923415593803
1773309695.5684721,Rest (Baseline),-0.11807531886734068
1773309695.569472,Rest (Baseline),-0.18519611028023064
1773309695.570472,Rest (Baseline),-0.2510261172428727
1773309695.5714722,Rest (Baseline),-0.31169298640452325
1773309695.572472,Rest (Baseline),-0.3620335799641907
1773309695.573472,Rest (Baseline),-0.39817554457113147
1773309695.574472,Rest (Baseline),-0.4201188802253455
1773309695.575472,Rest (Baseline),-0.42270044912584126
1773309695.576472,Rest (Baseline),-0.40592025127261877
1773309695.577472,Rest (Baseline),-0.3659059333149344
1773309695.5784721,Rest (Baseline),-0.31040220195427537
1773309695.579472,Rest (Baseline),-0.24715376389212906
1773309695.580472,Rest (Baseline),-0.18390532582998276
1773309695.5814722,Rest (Baseline),-0.12840159446932375
1773309695.582472,Rest (Baseline),-0.08064256981015205
1773309695.583472,Rest (Baseline),-0.04579138965345919
1773309695.584472,Rest (Baseline),-0.026429622899740934
1773309695.585472,Rest (Baseline),-0.023848053999245167
1773309695.586472,Rest (Baseline),-0.03804668295197189
1773309695.587472,Rest (Baseline),-0.08322413871064782
1773309695.5884721,Rest (Baseline),-0.13743708562105894
1773309695.589472,Rest (Baseline),-0.19810395478270948
1773309695.590472,Rest (Baseline),-0.25877082394436
1773309695.5914721,Rest (Baseline),-0.31169298640452325
1773309695.592472,Rest (Baseline),-0.3555796577129513
1773309695.593472,Rest (Baseline),-0.3878492689691484
1773309695.5944722,Rest (Baseline),-0.4046294668223709
1773309695.595472,Rest (Baseline),-0.4046294668223709
1773309695.596472,Rest (Baseline),-0.38268613116815686
1773309695.597472,Rest (Baseline),-0.3400902443099767
1773309695.598472,Rest (Baseline),-0.2858772973995656
1773309695.599472,Rest (Baseline),-0.22521042823791504
1773309695.600472,Rest (Baseline),-0.16712512797676027
1773309695.6014721,Rest (Baseline),-0.11549374996684492
1773309695.602472,Rest (Baseline),-0.07418864755891263
1773309695.603472,Rest (Baseline),-0.04450060520321131
1773309695.6044722,Rest (Baseline),-0.030301976250484586
1773309695.605472,Rest (Baseline),-0.03159276070073247
1773309695.606472,Rest (Baseline),-0.05611766525544226
1773309695.607472,Rest (Baseline),-0.09613198321312666
1773309695.608472,Rest (Baseline),-0.15550806792452931
1773309695.609472,Rest (Baseline),-0.2213380748871714
1773309695.6216445,Rest (Baseline),-0.2690970995463431
1773309695.6226444,Rest (Baseline),-0.31943769310601056
1773309695.6236446,Rest (Baseline),-0.36074279551394284
1773309695.6246445,Rest (Baseline),-0.3878492689691484
1773309695.6256444,Rest (Baseline),-0.39817554457113147
1773309695.6266446,Rest (Baseline),-0.3943031912203878
1773309695.6276445,Rest (Baseline),-0.36848750221543014
1773309695.6286445,Rest (Baseline),-0.3220192620065063
1773309695.6296444,Rest (Baseline),-0.2665155306458473
1773309695.6306446,Rest (Baseline),-0.20843023038469255
1773309695.6316445,Rest (Baseline),-0.1567988523747772
1773309695.6326444,Rest (Baseline),-0.11033061216585338
1773309695.6336446,Rest (Baseline),-0.0767702164594084
1773309695.6346445,Rest (Baseline),-0.05482688080519438
1773309695.6356444,Rest (Baseline),-0.050954527454450727
1773309695.6366446,Rest (Baseline),-0.0612808030564338
1773309695.6376445,Rest (Baseline),-0.09613198321312666
1773309695.6386445,Rest (Baseline),-0.147763361223042
1773309695.6396444,Rest (Baseline),-0.20843023038469255
1773309695.6406446,Rest (Baseline),-0.2690970995463431
1773309695.6416445,Rest (Baseline),-0.32589161535725
1773309695.6426444,Rest (Baseline),-0.37494142446666956
1773309695.6436446,Rest (Baseline),-0.4123741735238582
1773309695.6446445,Rest (Baseline),-0.4356082936283201
1773309695.6456444,Rest (Baseline),-0.4446437847800553
1773309695.6466446,Rest (Baseline),-0.4343175091780722
1773309695.6476445,Rest (Baseline),-0.40075711347162724
1773309695.6486444,Rest (Baseline),-0.35041651991195977
1773309695.6496446,Rest (Baseline),-0.292331219650805
1773309695.6506445,Rest (Baseline),-0.23037356603890657
1773309695.6516445,Rest (Baseline),-0.17486983467824757
1773309695.6526444,Rest (Baseline),-0.12969237891957164
1773309695.6536446,Rest (Baseline),-0.09484119876287878
1773309695.6546445,Rest (Baseline),-0.07547943200916052
1773309695.6556444,Rest (Baseline),-0.07160707865841687
1773309695.6566446,Rest (Baseline),-0.08838727651163936
1773309695.6576445,Rest (Baseline),-0.12840159446932375
1773309695.6586444,Rest (Baseline),-0.18261454137973487
1773309695.6596446,Rest (Baseline),-0.24586297944188118
1773309695.6606445,Rest (Baseline),-0.31040220195427537
1773309695.6616445,Rest (Baseline),-0.36848750221543014
1773309695.6626444,Rest (Baseline),-0.41624652687460184
1773309695.6636446,Rest (Baseline),-0.4510977070312947
1773309695.6646445,Rest (Baseline),-0.47045947378501296
1773309695.6656444,Rest (Baseline),-0.47304104268550873
1773309695.6666446,Rest (Baseline),-0.4510977070312947
1773309695.6676445,Rest (Baseline),-0.4136649579741061
1773309695.6686444,Rest (Baseline),-0.35945201106369495
1773309695.6696446,Rest (Baseline),-0.2987851419020444
1773309695.6706445,Rest (Baseline),-0.23811827274039388
1773309695.6716444,Rest (Baseline),-0.18261454137973487
1773309695.6726446,Rest (Baseline),-0.13614630117081106
1773309695.6736445,Rest (Baseline),-0.10258590546436608
1773309695.6746445,Rest (Baseline),-0.08580570761114359
1773309695.6756444,Rest (Baseline),-0.0845149231608957
1773309695.6766446,Rest (Baseline),-0.10258590546436608
1773309695.6776445,Rest (Baseline),-0.14647257677279413
1773309695.6786444,Rest (Baseline),-0.20068552368320525
1773309695.6796446,Rest (Baseline),-0.26264317729510367
1773309695.6806445,Rest (Baseline),-0.3246008309070021
1773309695.6816444,Rest (Baseline),-0.381395346717909
1773309695.6826446,Rest (Baseline),-0.4278635869268328
1773309695.6836445,Rest (Baseline),-0.4601331981830299
1773309695.6846445,Rest (Baseline),-0.47949496493674815
1773309695.6856444,Rest (Baseline),-0.48078574938699603
1773309695.6866446,Rest (Baseline),-0.4614239826332778
1773309695.6876445,Rest (Baseline),-0.4201188802253455
1773309695.6886444,Rest (Baseline),-0.3659059333149344
1773309695.6896446,Rest (Baseline),-0.31169298640452325
1773309695.6906445,Rest (Baseline),-0.23811827274039388
1773309695.6916444,Rest (Baseline),-0.1955223858822137
1773309695.6926446,Rest (Baseline),-0.15292649902403355
1773309695.6936445,Rest (Baseline),-0.125820025568828
1773309695.6946445,Rest (Baseline),-0.11291218106634915
1773309695.6956444,Rest (Baseline),-0.11807531886734068
1773309695.6966445,Rest (Baseline),-0.14389100787229836
1773309695.6976445,Rest (Baseline),-0.19035924808122218
1773309695.6986444,Rest (Baseline),-0.24973533279262483
1773309695.6996446,Rest (Baseline),-0.31298377085477114
1773309695.7006445,Rest (Baseline),-0.37494142446666956
1773309695.7016444,Rest (Baseline),-0.4278635869268328
1773309695.7026446,Rest (Baseline),-0.47175025823526084
1773309695.7036445,Rest (Baseline),-0.5014383005909622
1773309695.7046444,Rest (Baseline),-0.5169277139939368
1773309695.7056446,Rest (Baseline),-0.514346145093441
1773309695.7066445,Rest (Baseline),-0.492402809439227
1773309695.7076445,Rest (Baseline),-0.44851613813079894
1773309695.7086444,Rest (Baseline),-0.3943031912203878
1773309695.7096446,Rest (Baseline),-0.33621789095923305
1773309695.7106445,Rest (Baseline),-0.28071415959857404
1773309695.7116444,Rest (Baseline),-0.23295513493940234
1773309695.7126446,Rest (Baseline),-0.1955223858822137
1773309695.7136445,Rest (Baseline),-0.16970669687725604
1773309695.7146444,Rest (Baseline),-0.15808963682502508
1773309695.7156446,Rest (Baseline),-0.16196199017576873
1773309695.7166445,Rest (Baseline),-0.1890684636309743
1773309695.7176445,Rest (Baseline),-0.2355367038398981
1773309695.7186444,Rest (Baseline),-0.2910404352005571
1773309695.7196445,Rest (Baseline),-0.35041651991195977
1773309695.7206445,Rest (Baseline),-0.40592025127261877
1773309695.715034,Rest (Baseline),-0.45626084483228624
1773309695.716034,Rest (Baseline),-0.49498437833972275
1773309695.717034,Rest (Baseline),-0.5233816362451762
1773309695.718034,Rest (Baseline),-0.536289480747655
1773309695.719034,Rest (Baseline),-0.5337079118471593
1773309695.7200341,Rest (Baseline),-0.5078922228422016
1773309695.721034,Rest (Baseline),-0.46400555153377354
1773309695.722034,Rest (Baseline),-0.4123741735238582
1773309695.723034,Rest (Baseline),-0.3568704421631992
1773309695.724034,Rest (Baseline),-0.3065298486035317
1773309695.725034,Rest (Baseline),-0.26264317729510367
1773309695.726034,Rest (Baseline),-0.23037356603890657
1773309695.727034,Rest (Baseline),-0.21101179928518832
1773309695.728034,Rest (Baseline),-0.20713944593444467
1773309695.729034,Rest (Baseline),-0.2200472904369235
1773309695.730034,Rest (Baseline),-0.2600616083946079
1773309695.731034,Rest (Baseline),-0.3078206330537796
1773309695.732034,Rest (Baseline),-0.369778286665678
1773309695.733034,Rest (Baseline),-0.43302672472782433
1773309695.734034,Rest (Baseline),-0.48853045608848333
1773309695.735034,Rest (Baseline),-0.5349986962974072
1773309695.736034,Rest (Baseline),-0.5685590920038521
1773309695.737034,Rest (Baseline),-0.5905024276580662
1773309695.738034,Rest (Baseline),-0.5943747810088098
1773309695.739034,Rest (Baseline),-0.5801761520560831
1773309695.740034,Rest (Baseline),-0.5427434029988945
1773309695.741034,Rest (Baseline),-0.492402809439227
1773309695.742034,Rest (Baseline),-0.43302672472782433
1773309695.7430341,Rest (Baseline),-0.37494142446666956
1773309695.744034,Rest (Baseline),-0.3233100464567542
1773309695.745034,Rest (Baseline),-0.27942337514832616
1773309695.746034,Rest (Baseline),-0.24844454834237695
1773309695.747034,Rest (Baseline),-0.23166435048915446
1773309695.748034,Rest (Baseline),-0.23037356603890657
1773309695.749034,Rest (Baseline),-0.24715376389212906
1773309695.750034,Rest (Baseline),-0.28974965075030923
1773309695.751034,Rest (Baseline),-0.34267181321047246
1773309695.752034,Rest (Baseline),-0.4046294668223709
1773309695.753034,Rest (Baseline),-0.4601331981830299
1773309695.754034,Rest (Baseline),-0.5130553606431931
1773309695.755034,Rest (Baseline),-0.5621051697526127
1773309695.756034,Rest (Baseline),-0.5930839965585619
1773309695.757034,Rest (Baseline),-0.6111549788620323
1773309695.758034,Rest (Baseline),-0.6111549788620323
1773309695.759034,Rest (Baseline),-0.5930839965585619
1773309695.760034,Rest (Baseline),-0.5517788941506296
1773309695.761034,Rest (Baseline),-0.4975659472402185
1773309695.762034,Rest (Baseline),-0.43818986252881587
1773309695.763034,Rest (Baseline),-0.3788137778174132
1773309695.764034,Rest (Baseline),-0.32847318425774574
1773309695.765034,Rest (Baseline),-0.28716808184981346
1773309695.7660341,Rest (Baseline),-0.25877082394436
1773309695.767034,Rest (Baseline),-0.24715376389212906
1773309695.768034,Rest (Baseline),-0.2510261172428727
1773309695.769034,Rest (Baseline),-0.2755510217975825
1773309695.770034,Rest (Baseline),-0.3233100464567542
1773309695.771034,Rest (Baseline),-0.38397691561840475
1773309695.772034,Rest (Baseline),-0.44851613813079894
1773309695.773034,Rest (Baseline),-0.5117645761929452
1773309695.774034,Rest (Baseline),-0.5672683075536042
1773309695.775034,Rest (Baseline),-0.6124457633122802
1773309695.776034,Rest (Baseline),-0.6434245901182294
1773309695.777034,Rest (Baseline),-0.6602047879714519
1773309695.778034,Rest (Baseline),-0.658914003521204
1773309695.779034,Rest (Baseline),-0.6356798834167421
1773309695.780034,Rest (Baseline),-0.5905024276580662
1773309695.781034,Rest (Baseline),-0.5349986962974072
1773309695.782034,Rest (Baseline),-0.47304104268550873
1773309695.783034,Rest (Baseline),-0.41495574242435396
1773309695.784034,Rest (Baseline),-0.3620335799641907
1773309695.785034,Rest (Baseline),-0.3220192620065063
1773309695.786034,Rest (Baseline),-0.29749435745179653
1773309695.787034,Rest (Baseline),-0.28845886630006135
1773309695.788034,Rest (Baseline),-0.29491278855130076
1773309695.789034,Rest (Baseline),-0.32589161535725
1773309695.790034,Rest (Baseline),-0.37494142446666956
1773309695.791034,Rest (Baseline),-0.4356082936283201
1773309695.792034,Rest (Baseline),-0.4988567316904664
1773309695.793034,Rest (Baseline),-0.5569420319516212
1773309695.794034,Rest (Baseline),-0.6085734099615365
1773309695.795034,Rest (Baseline),-0.6485877279192209
1773309695.796034,Rest (Baseline),-0.6744034169241786
1773309695.797034,Rest (Baseline),-0.6834389080759138
1773309695.798034,Rest (Baseline),-0.6782757702749223
1773309695.799034,Rest (Baseline),-0.6498785123694688
1773309695.800034,Rest (Baseline),-0.6021194877102971
1773309695.801034,Rest (Baseline),-0.5466157563496381
1773309695.802034,Rest (Baseline),-0.48723967163823545
1773309695.803034,Rest (Baseline),-0.43173594027757645
1773309695.804034,Rest (Baseline),-0.38397691561840475
1773309695.805034,Rest (Baseline),-0.3491257354617119
1773309695.806034,Rest (Baseline),-0.32718239980749786
1773309695.807034,Rest (Baseline),-0.32072847755625844
1773309695.808034,Rest (Baseline),-0.3297639687079936
1773309695.809034,Rest (Baseline),-0.3620335799641907
1773309695.810034,Rest (Baseline),-0.4110833890736103
1773309695.811034,Rest (Baseline),-0.47045947378501296
1773309695.812034,Rest (Baseline),-0.5311263429466635
1773309695.813034,Rest (Baseline),-0.5853392898570746
1773309695.814034,Rest (Baseline),-0.6330983145162463
1773309695.8228424,Rest (Baseline),-0.670531063573435
1773309695.8238423,Rest (Baseline),-0.6937651836778969
1773309695.8248425,Rest (Baseline),-0.702800674829632
1773309695.8258424,Rest (Baseline),-0.6963467525783926
1773309695.8268423,Rest (Baseline),-0.6563324346207082
1773309695.8278425,Rest (Baseline),-0.6176089011132717
1773309695.8288424,Rest (Baseline),-0.5569420319516212
1773309695.8298423,Rest (Baseline),-0.5053106539417058
1773309695.8308423,Rest (Baseline),-0.45497006038203835
1773309695.8318424,Rest (Baseline),-0.4123741735238582
1773309695.8328424,Rest (Baseline),-0.38268613116815686
1773309695.8338423,Rest (Baseline),-0.3659059333149344
1773309695.8348424,Rest (Baseline),-0.3646151488646865
1773309695.8358424,Rest (Baseline),-0.3801045622676611
1773309695.8368423,Rest (Baseline),-0.4188280957750976
1773309695.8378425,Rest (Baseline),-0.47045947378501296
1773309695.8388424,Rest (Baseline),-0.5298355584964156
1773309695.8398423,Rest (Baseline),-0.5905024276580662
1773309695.8408422,Rest (Baseline),-0.6447153745684773
1773309695.8418424,Rest (Baseline),-0.6886020458769053
1773309695.8428423,Rest (Baseline),-0.7221624415833503
1773309695.8438423,Rest (Baseline),-0.7402334238868207
1773309695.8448424,Rest (Baseline),-0.7428149927873164
1773309695.8458424,Rest (Baseline),-0.7273255793843418
1773309695.8468423,Rest (Baseline),-0.6886020458769053
1773309695.8478425,Rest (Baseline),-0.6356798834167421
1773309695.8488424,Rest (Baseline),-0.5788853676058352
1773309695.8498423,Rest (Baseline),-0.5104737917426974
1773309695.8508425,Rest (Baseline),-0.4691686893347651
1773309695.8518424,Rest (Baseline),-0.4278635869268328
1773309695.8528423,Rest (Baseline),-0.39817554457113147
1773309695.8538423,Rest (Baseline),-0.38397691561840475
1773309695.8548424,Rest (Baseline),-0.38397691561840475
1773309695.8558424,Rest (Baseline),-0.4020478979218751
1773309695.8568423,Rest (Baseline),-0.4433530003298074
1773309695.8578424,Rest (Baseline),-0.49498437833972275
1773309695.8588424,Rest (Baseline),-0.5530696786008775
1773309695.8598423,Rest (Baseline),-0.6098641944117844
1773309695.8608425,Rest (Baseline),-0.6602047879714519
1773309695.8618424,Rest (Baseline),-0.7002191059291363
1773309695.8628423,Rest (Baseline),-0.7286163638345897
1773309695.8638422,Rest (Baseline),-0.7402334238868207
1773309695.8648424,Rest (Baseline),-0.7376518549863249
1773309695.8658423,Rest (Baseline),-0.7157085193321109
1773309695.8668423,Rest (Baseline),-0.6718218480236828
1773309695.8678424,Rest (Baseline),-0.615027332212776
1773309695.8688424,Rest (Baseline),-0.5543604630511254
1773309695.8698423,Rest (Baseline),-0.49369359388947487
1773309695.8708425,Rest (Baseline),-0.4433530003298074
1773309695.8718424,Rest (Baseline),-0.39946632902137935
1773309695.8728423,Rest (Baseline),-0.36848750221543014
1773309695.8738425,Rest (Baseline),-0.35299808881245553
1773309695.8748424,Rest (Baseline),-0.3542888732627034
1773309695.8758423,Rest (Baseline),-0.37623220891691744
1773309695.8768423,Rest (Baseline),-0.4201188802253455
1773309695.8778424,Rest (Baseline),-0.4756226115860045
1773309695.8788424,Rest (Baseline),-0.5349986962974072
1773309695.8798423,Rest (Baseline),-0.591793212108314
1773309695.8808424,Rest (Baseline),-0.6408430212177336
1773309695.8818424,Rest (Baseline),-0.680857339175418
1773309695.8828423,Rest (Baseline),-0.7079638126306236
1773309695.8838425,Rest (Baseline),-0.7195808726828545
1773309695.8848424,Rest (Baseline),-0.7157085193321109
1773309695.8858423,Rest (Baseline),-0.6911836147774011
1773309695.8868423,Rest (Baseline),-0.6447153745684773
1773309695.8878424,Rest (Baseline),-0.5879208587575704
1773309695.8888423,Rest (Baseline),-0.5285447740461677
1773309695.8898423,Rest (Baseline),-0.47175025823526084
1773309695.8908424,Rest (Baseline),-0.42270044912584126
1773309695.8918424,Rest (Baseline),-0.38397691561840475
1773309695.8928423,Rest (Baseline),-0.3568704421631992
1773309695.8938425,Rest (Baseline),-0.3465441665612161
1773309695.8948424,Rest (Baseline),-0.35299808881245553
1773309695.8958423,Rest (Baseline),-0.38526770006865263
1773309695.8968422,Rest (Baseline),-0.4188280957750976
1773309695.8978424,Rest (Baseline),-0.4820765338372439
1773309695.8988423,Rest (Baseline),-0.5414526185486466
1773309695.8998423,Rest (Baseline),-0.5956655654590577
1773309695.9008424,Rest (Baseline),-0.6421338056679815
1773309695.9018424,Rest (Baseline),-0.6769849858246744
1773309695.9028423,Rest (Baseline),-0.6989283214788884
1773309695.9038424,Rest (Baseline),-0.7079638126306236
1773309695.9048424,Rest (Baseline),-0.7002191059291363
1773309695.9058423,Rest (Baseline),-0.6692402791231871
1773309695.9068425,Rest (Baseline),-0.6214812544640154
1773309695.9078424,Rest (Baseline),-0.5646867386531085
1773309695.9088423,Rest (Baseline),-0.5053106539417058
1773309695.9098423,Rest (Baseline),-0.4523884914815426
1773309695.9108424,Rest (Baseline),-0.40592025127261877
1773309695.9118423,Rest (Baseline),-0.369778286665678
1773309695.9128423,Rest (Baseline),-0.3465441665612161
1773309695.9138424,Rest (Baseline),-0.3400902443099767
1773309695.9148424,Rest (Baseline),-0.3465441665612161
1773309695.9158423,Rest (Baseline),-0.3775229933671653
1773309695.9168425,Rest (Baseline),-0.4265728024765849
1773309695.9178424,Rest (Baseline),-0.47820418048650026
1773309695.9188423,Rest (Baseline),-0.536289480747655
1773309695.9198422,Rest (Baseline),-0.5840485054068267
1773309695.9208424,Rest (Baseline),-0.625353607814759
1773309695.9218423,Rest (Baseline),-0.6550416501704603
1773309695.9170885,Rest (Baseline),-0.6718218480236828
1773309695.9180884,Rest (Baseline),-0.6731126324739307
1773309695.9190886,Rest (Baseline),-0.658914003521204
1773309695.9200885,Rest (Baseline),-0.6214812544640154
1773309695.9210885,Rest (Baseline),-0.5711406609043479
1773309695.9220886,Rest (Baseline),-0.514346145093441
1773309695.9230886,Rest (Baseline),-0.4575516292825341
1773309695.9240885,Rest (Baseline),-0.40850182017311454
1773309695.9250884,Rest (Baseline),-0.36848750221543014
1773309695.9260886,Rest (Baseline),-0.3413810287602246
1773309695.9270885,Rest (Baseline),-0.3297639687079936
1773309695.9280884,Rest (Baseline),-0.3323455376084894
1773309695.9290886,Rest (Baseline),-0.35299808881245553
1773309695.9300885,Rest (Baseline),-0.3955939756706357
1773309695.9310884,Rest (Baseline),-0.4510977070312947
1773309695.9320886,Rest (Baseline),-0.5117645761929452
1773309695.9330885,Rest (Baseline),-0.5698498764541
1773309695.9340885,Rest (Baseline),-0.6240628233645111
1773309695.9350884,Rest (Baseline),-0.6614955724216998
1773309695.9360886,Rest (Baseline),-0.6898928303271532
1773309695.9370885,Rest (Baseline),-0.702800674829632
1773309695.9380884,Rest (Baseline),-0.7002191059291363
1773309695.9390886,Rest (Baseline),-0.6795665547251701
1773309695.9400885,Rest (Baseline),-0.6356798834167421
1773309695.9410884,Rest (Baseline),-0.5788853676058352
1773309695.9420886,Rest (Baseline),-0.5169277139939368
1773309695.9430885,Rest (Baseline),-0.45626084483228624
1773309695.9440885,Rest (Baseline),-0.403338682372123
1773309695.9450886,Rest (Baseline),-0.36074279551394284
1773309695.9460886,Rest (Baseline),-0.3310547531582415
1773309695.9470885,Rest (Baseline),-0.3155653397552669
1773309695.9480884,Rest (Baseline),-0.3168561242055148
1773309695.9490886,Rest (Baseline),-0.3387994598597288
1773309695.9500885,Rest (Baseline),-0.381395346717909
1773309695.9510884,Rest (Baseline),-0.4356082936283201
1773309695.9520886,Rest (Baseline),-0.49498437833972275
1773309695.9530885,Rest (Baseline),-0.5530696786008775
1773309695.9540884,Rest (Baseline),-0.6021194877102971
1773309695.9550886,Rest (Baseline),-0.6421338056679815
1773309695.9560885,Rest (Baseline),-0.6679494946729392
1773309695.9570885,Rest (Baseline),-0.6782757702749223
1773309695.9580884,Rest (Baseline),-0.6718218480236828
1773309695.9590886,Rest (Baseline),-0.6447153745684773
1773309695.9600885,Rest (Baseline),-0.5982471343595535
1773309695.9610884,Rest (Baseline),-0.5388710496481508
1773309695.9620886,Rest (Baseline),-0.47820418048650026
1773309695.9630885,Rest (Baseline),-0.4201188802253455
1773309695.9640884,Rest (Baseline),-0.3710690711159259
1773309695.9650886,Rest (Baseline),-0.3336363220587373
1773309695.9660885,Rest (Baseline),-0.3091114175040275
1773309695.9670885,Rest (Baseline),-0.3013667108025402
1773309695.9680886,Rest (Baseline),-0.31169298640452325
1773309695.9690886,Rest (Baseline),-0.34267181321047246
1773309695.9700885,Rest (Baseline),-0.39172162231989205
1773309695.9710884,Rest (Baseline),-0.4510977070312947
1773309695.9720886,Rest (Baseline),-0.5117645761929452
1773309695.9730885,Rest (Baseline),-0.5685590920038521
1773309695.9740884,Rest (Baseline),-0.6188996855635196
1773309695.9750886,Rest (Baseline),-0.6563324346207082
1773309695.9760885,Rest (Baseline),-0.680857339175418
1773309695.9770885,Rest (Baseline),-0.6898928303271532
1773309695.9780886,Rest (Baseline),-0.6821481236256659
1773309695.9790885,Rest (Baseline),-0.6524600812699646
1773309695.9800885,Rest (Baseline),-0.6047010566107929
1773309695.9810884,Rest (Baseline),-0.5491973252501339
1773309695.9820886,Rest (Baseline),-0.4911120249889791
1773309695.9830885,Rest (Baseline),-0.43948064697906375
1773309695.9840884,Rest (Baseline),-0.3943031912203878
1773309695.9850886,Rest (Baseline),-0.35945201106369495
1773309695.9860885,Rest (Baseline),-0.3400902443099767
1773309695.9870884,Rest (Baseline),-0.33492710650898516
1773309695.9880886,Rest (Baseline),-0.34396259766072035
1773309695.9890885,Rest (Baseline),-0.3775229933671653
1773309695.9900885,Rest (Baseline),-0.4265728024765849
1773309695.9910884,Rest (Baseline),-0.4833673182874918
1773309695.9920886,Rest (Baseline),-0.5414526185486466
1773309695.9930885,Rest (Baseline),-0.5956655654590577
1773309695.9940884,Rest (Baseline),-0.6408430212177336
1773309695.9950886,Rest (Baseline),-0.6731126324739307
1773309695.9960885,Rest (Baseline),-0.692474399227649
1773309695.9970884,Rest (Baseline),-0.6976375370286405
1773309695.9980886,Rest (Baseline),-0.6860204769764096
1773309695.9990885,Rest (Baseline),-0.6563324346207082
1773309696.0000885,Rest (Baseline),-0.5943747810088098
1773309696.0010886,Rest (Baseline),-0.5414526185486466
1773309696.0020885,Rest (Baseline),-0.4820765338372439
1773309696.0030885,Rest (Baseline),-0.43044515582732856
1773309696.0040884,Rest (Baseline),-0.38397691561840475
1773309696.0050886,Rest (Baseline),-0.35041651991195977
1773309696.0060885,Rest (Baseline),-0.32847318425774574
1773309696.0070884,Rest (Baseline),-0.3233100464567542
1773309696.0080886,Rest (Baseline),-0.3323455376084894
1773309696.0090885,Rest (Baseline),-0.3646151488646865
1773309696.0100884,Rest (Baseline),-0.4110833890736103
1773309696.0110886,Rest (Baseline),-0.4652963359840214
1773309696.0120885,Rest (Baseline),-0.5220908517949283
1773309696.0130885,Rest (Baseline),-0.5698498764541
1773309696.0140884,Rest (Baseline),-0.6111549788620323
1773309696.0150886,Rest (Baseline),-0.6421338056679815
1773309696.0160885,Rest (Baseline),-0.658914003521204
1773309696.012013,Rest (Baseline),-0.6602047879714519
1773309696.013013,Rest (Baseline),-0.6460061590187252
1773309696.014013,Rest (Baseline),-0.6047010566107929
1773309696.015013,Rest (Baseline),-0.5582328164018691
1773309696.016013,Rest (Baseline),-0.4988567316904664
1773309696.017013,Rest (Baseline),-0.4446437847800553
1773309696.018013,Rest (Baseline),-0.3943031912203878
1773309696.019013,Rest (Baseline),-0.3542888732627034
1773309696.0200129,Rest (Baseline),-0.32589161535725
1773309696.021013,Rest (Baseline),-0.31169298640452325
1773309696.022013,Rest (Baseline),-0.314274555305019
1773309696.0230129,Rest (Baseline),-0.33492710650898516
1773309696.024013,Rest (Baseline),-0.3775229933671653
1773309696.025013,Rest (Baseline),-0.43173594027757645
1773309696.026013,Rest (Baseline),-0.49369359388947487
1773309696.027013,Rest (Baseline),-0.5504881097003818
1773309696.028013,Rest (Baseline),-0.6008287032600492
1773309696.029013,Rest (Baseline),-0.6408430212177336
1773309696.0300128,Rest (Baseline),-0.6666587102226913
1773309696.031013,Rest (Baseline),-0.6795665547251701
1773309696.032013,Rest (Baseline),-0.6756942013744265
1773309696.0330129,Rest (Baseline),-0.6524600812699646
1773309696.034013,Rest (Baseline),-0.6047010566107929
1773309696.035013,Rest (Baseline),-0.5453249718993902
1773309696.036013,Rest (Baseline),-0.4833673182874918
1773309696.037013,Rest (Baseline),-0.42399123357608914
1773309696.038013,Rest (Baseline),-0.369778286665678
1773309696.039013,Rest (Baseline),-0.32718239980749786
1773309696.040013,Rest (Baseline),-0.2987851419020444
1773309696.041013,Rest (Baseline),-0.2845865129493177
1773309696.042013,Rest (Baseline),-0.28716808184981346
1773309696.0430129,Rest (Baseline),-0.31169298640452325
1773309696.044013,Rest (Baseline),-0.3542888732627034
1773309696.045013,Rest (Baseline),-0.40850182017311454
1773309696.0460129,Rest (Baseline),-0.4678779048845172
1773309696.047013,Rest (Baseline),-0.5220908517949283
1773309696.048013,Rest (Baseline),-0.5724314453545958
1773309696.049013,Rest (Baseline),-0.6111549788620323
1773309696.050013,Rest (Baseline),-0.63697066786699
1773309696.051013,Rest (Baseline),-0.647296943468973
1773309696.052013,Rest (Baseline),-0.6421338056679815
1773309696.0530128,Rest (Baseline),-0.615027332212776
1773309696.054013,Rest (Baseline),-0.5685590920038521
1773309696.055013,Rest (Baseline),-0.5130553606431931
1773309696.0560129,Rest (Baseline),-0.45367927593179047
1773309696.057013,Rest (Baseline),-0.4020478979218751
1773309696.058013,Rest (Baseline),-0.35170730436220765
1773309696.059013,Rest (Baseline),-0.3168561242055148
1773309696.060013,Rest (Baseline),-0.2936220041010529
1773309696.061013,Rest (Baseline),-0.28716808184981346
1773309696.062013,Rest (Baseline),-0.29491278855130076
1773309696.063013,Rest (Baseline),-0.32589161535725
1773309696.064013,Rest (Baseline),-0.3736506400164217
1773309696.065013,Rest (Baseline),-0.43173594027757645
1773309696.0660129,Rest (Baseline),-0.4911120249889791
1773309696.067013,Rest (Baseline),-0.5466157563496381
1773309696.068013,Rest (Baseline),-0.591793212108314
1773309696.0690129,Rest (Baseline),-0.6266443922650069
1773309696.070013,Rest (Baseline),-0.6485877279192209
1773309696.071013,Rest (Baseline),-0.6550416501704603
1773309696.072013,Rest (Baseline),-0.6460061590187252
1773309696.073013,Rest (Baseline),-0.6111549788620323
1773309696.074013,Rest (Baseline),-0.5608143853023648
1773309696.075013,Rest (Baseline),-0.50272908504121
1773309696.0760128,Rest (Baseline),-0.4420622158795595
1773309696.077013,Rest (Baseline),-0.3865584845189005
1773309696.078013,Rest (Baseline),-0.3387994598597288
1773309696.0790129,Rest (Baseline),-0.30394827970303595
1773309696.080013,Rest (Baseline),-0.2820049440488219
1773309696.081013,Rest (Baseline),-0.2755510217975825
1773309696.082013,Rest (Baseline),-0.2845865129493177
1773309696.083013,Rest (Baseline),-0.31943769310601056
1773309696.084013,Rest (Baseline),-0.3659059333149344
1773309696.085013,Rest (Baseline),-0.4214096646755934
1773309696.0860128,Rest (Baseline),-0.47820418048650026
1773309696.087013,Rest (Baseline),-0.5285447740461677
1773309696.088013,Rest (Baseline),-0.5711406609043479
1773309696.0890129,Rest (Baseline),-0.6021194877102971
1773309696.090013,Rest (Baseline),-0.6188996855635196
1773309696.091013,Rest (Baseline),-0.6201904700137675
1773309696.092013,Rest (Baseline),-0.6047010566107929
1773309696.093013,Rest (Baseline),-0.5685590920038521
1773309696.094013,Rest (Baseline),-0.5169277139939368
1773309696.095013,Rest (Baseline),-0.458842413732782
1773309696.096013,Rest (Baseline),-0.40075711347162724
1773309696.097013,Rest (Baseline),-0.35041651991195977
1773309696.098013,Rest (Baseline),-0.3078206330537796
1773309696.0990129,Rest (Baseline),-0.2781325906980783
1773309696.100013,Rest (Baseline),-0.2613523928448558
1773309696.101013,Rest (Baseline),-0.25877082394436
1773309696.1020129,Rest (Baseline),-0.2742602373473346
1773309696.103013,Rest (Baseline),-0.31169298640452325
1773309696.104013,Rest (Baseline),-0.3633243644144386
1773309696.105013,Rest (Baseline),-0.4188280957750976
1773309696.106013,Rest (Baseline),-0.4743318271357566
1773309696.107013,Rest (Baseline),-0.5220908517949283
1773309696.108013,Rest (Baseline),-0.5608143853023648
1773309696.1090128,Rest (Baseline),-0.5866300743073225
1773309696.110013,Rest (Baseline),-0.5995379188098013
1773309696.111013,Rest (Baseline),-0.5969563499093056
1773309696.1193368,Rest (Baseline),-0.5763037987053394
1773309696.1203368,Rest (Baseline),-0.5337079118471593
1773309696.121337,Rest (Baseline),-0.4769133960362524
1773309696.1223369,Rest (Baseline),-0.41624652687460184
1773309696.1233368,Rest (Baseline),-0.3568704421631992
1773309696.124337,Rest (Baseline),-0.30523906415328383
1773309696.125337,Rest (Baseline),-0.26393396174535155
1773309696.1263368,Rest (Baseline),-0.23424591938965023
1773309696.1273367,Rest (Baseline),-0.2200472904369235
1773309696.128337,Rest (Baseline),-0.2213380748871714
1773309696.1293368,Rest (Baseline),-0.2445721949916333
1773309696.1303368,Rest (Baseline),-0.2845865129493177
1773309696.131337,Rest (Baseline),-0.3387994598597288
1773309696.1323369,Rest (Baseline),-0.3968847601208836
1773309696.1333368,Rest (Baseline),-0.4523884914815426
1773309696.134337,Rest (Baseline),-0.5014383005909622
1773309696.1353369,Rest (Baseline),-0.5375802651979029
1773309696.1363368,Rest (Baseline),-0.5633959542028606
1773309696.1373367,Rest (Baseline),-0.5737222298048437
1773309696.138337,Rest (Baseline),-0.5672683075536042
1773309696.1393368,Rest (Baseline),-0.5414526185486466
1773309696.1403368,Rest (Baseline),-0.49627516278997064
1773309696.141337,Rest (Baseline),-0.44077143142931163
1773309696.1423368,Rest (Baseline),-0.381395346717909
1773309696.1433368,Rest (Baseline),-0.32589161535725
1773309696.144337,Rest (Baseline),-0.2768418062478304
1773309696.1453369,Rest (Baseline),-0.23940905719064176
1773309696.1463368,Rest (Baseline),-0.21488415263593197
1773309696.147337,Rest (Baseline),-0.20326709258370101
1773309696.148337,Rest (Baseline),-0.20713944593444467
1773309696.1493368,Rest (Baseline),-0.23295513493940234
1773309696.1503367,Rest (Baseline),-0.2781325906980783
1773309696.151337,Rest (Baseline),-0.3323455376084894
1773309696.1523368,Rest (Baseline),-0.3891400534193963
1773309696.1533368,Rest (Baseline),-0.4420622158795595
1773309696.154337,Rest (Baseline),-0.48853045608848333
1773309696.1553369,Rest (Baseline),-0.5220908517949283
1773309696.1563368,Rest (Baseline),-0.5414526185486466
1773309696.157337,Rest (Baseline),-0.5440341874491423
1773309696.1583369,Rest (Baseline),-0.5324171273969114
1773309696.1593368,Rest (Baseline),-0.4988567316904664
1773309696.1603367,Rest (Baseline),-0.4446437847800553
1773309696.161337,Rest (Baseline),-0.38397691561840475
1773309696.1623368,Rest (Baseline),-0.32072847755625844
1773309696.1633368,Rest (Baseline),-0.26264317729510367
1773309696.164337,Rest (Baseline),-0.21488415263593197
1773309696.1653368,Rest (Baseline),-0.17874218802899122
1773309696.1663368,Rest (Baseline),-0.15808963682502508
1773309696.167337,Rest (Baseline),-0.15292649902403355
1773309696.1683369,Rest (Baseline),-0.16325277462601662
1773309696.1693368,Rest (Baseline),-0.19810395478270948
1773309696.170337,Rest (Baseline),-0.2510261172428727
1773309696.171337,Rest (Baseline),-0.3091114175040275
1773309696.1723368,Rest (Baseline),-0.3723598555661738
1773309696.1733367,Rest (Baseline),-0.4278635869268328
1773309696.174337,Rest (Baseline),-0.4756226115860045
1773309696.1753368,Rest (Baseline),-0.5104737917426974
1773309696.1763368,Rest (Baseline),-0.5298355584964156
1773309696.177337,Rest (Baseline),-0.5324171273969114
1773309696.1783369,Rest (Baseline),-0.5182184984441847
1773309696.1793368,Rest (Baseline),-0.47949496493674815
1773309696.180337,Rest (Baseline),-0.42270044912584126
1773309696.1813369,Rest (Baseline),-0.3568704421631992
1773309696.1823368,Rest (Baseline),-0.28974965075030923
1773309696.1833367,Rest (Baseline),-0.23037356603890657
1773309696.184337,Rest (Baseline),-0.17745140357874334
1773309696.1853368,Rest (Baseline),-0.1400186545215547
1773309696.1863368,Rest (Baseline),-0.11420296551659703
1773309696.187337,Rest (Baseline),-0.10645825881510973
1773309696.1883368,Rest (Baseline),-0.11549374996684492
1773309696.1893368,Rest (Baseline),-0.15421728347428143
1773309696.190337,Rest (Baseline),-0.20068552368320525
1773309696.1913369,Rest (Baseline),-0.26393396174535155
1773309696.1923368,Rest (Baseline),-0.3246008309070021
1773309696.1933367,Rest (Baseline),-0.3775229933671653
1773309696.194337,Rest (Baseline),-0.42399123357608914
1773309696.1953368,Rest (Baseline),-0.4575516292825341
1773309696.1963367,Rest (Baseline),-0.4769133960362524
1773309696.197337,Rest (Baseline),-0.47949496493674815
1773309696.1983368,Rest (Baseline),-0.46271476708352566
1773309696.1993368,Rest (Baseline),-0.42399123357608914
1773309696.200337,Rest (Baseline),-0.369778286665678
1773309696.2013369,Rest (Baseline),-0.3091114175040275
1773309696.2023368,Rest (Baseline),-0.24973533279262483
1773309696.203337,Rest (Baseline),-0.19423160143196583
1773309696.204337,Rest (Baseline),-0.1490541456732899
1773309696.2053368,Rest (Baseline),-0.11420296551659703
1773309696.2063367,Rest (Baseline),-0.09484119876287878
1773309696.207337,Rest (Baseline),-0.08967806096188724
1773309696.2083368,Rest (Baseline),-0.10258590546436608
1773309696.2093368,Rest (Baseline),-0.13614630117081106
1773309696.210337,Rest (Baseline),-0.19035924808122218
1773309696.2113369,Rest (Baseline),-0.23166435048915446
1773309696.2123368,Rest (Baseline),-0.28974965075030923
1773309696.213337,Rest (Baseline),-0.33492710650898516
1773309696.2143369,Rest (Baseline),-0.3710690711159259
1773309696.2153368,Rest (Baseline),-0.3955939756706357
1773309696.2163367,Rest (Baseline),-0.40592025127261877
1773309696.217337,Rest (Baseline),-0.4020478979218751
1773309696.2183368,Rest (Baseline),-0.3801045622676611
1773309696.2136257,Rest (Baseline),-0.33621789095923305
1773309696.2146256,Rest (Baseline),-0.2820049440488219
1773309696.2156258,Rest (Baseline),-0.2213380748871714
1773309696.2166257,Rest (Baseline),-0.16196199017576873
1773309696.2176256,Rest (Baseline),-0.11162139661610126
1773309696.2186258,Rest (Baseline),-0.07160707865841687
1773309696.2196257,Rest (Baseline),-0.043209820752963424
1773309696.2206256,Rest (Baseline),-0.030301976250484586
1773309696.2216256,Rest (Baseline),-0.03288354515098035
1773309696.2226257,Rest (Baseline),-0.05611766525544226
1773309696.2236257,Rest (Baseline),-0.10000433656387031
1773309696.2246256,Rest (Baseline),-0.1567988523747772
1773309696.2256258,Rest (Baseline),-0.21359336818568408
1773309696.2266257,Rest (Baseline),-0.26264317729510367
1773309696.2276256,Rest (Baseline),-0.3091114175040275
1773309696.2286258,Rest (Baseline),-0.34396259766072035
1773309696.2296257,Rest (Baseline),-0.3659059333149344
1773309696.2306256,Rest (Baseline),-0.369778286665678
1773309696.2316256,Rest (Baseline),-0.36074279551394284
1773309696.2326257,Rest (Baseline),-0.32847318425774574
1773309696.2336257,Rest (Baseline),-0.27942337514832616
1773309696.2346256,Rest (Baseline),-0.21617493708617985
1773309696.2356257,Rest (Baseline),-0.15292649902403355
1773309696.2366257,Rest (Baseline),-0.09355041431263089
1773309696.2376256,Rest (Baseline),-0.040628251852467656
1773309696.2386258,Rest (Baseline),-0.0006139338947832584
1773309696.2396257,Rest (Baseline),0.025201755110174417
1773309696.2406256,Rest (Baseline),0.034237246261909604
1773309696.2416258,Rest (Baseline),0.027783324010670185
1773309696.2426257,Rest (Baseline),-0.0019047183450311422
1773309696.2436256,Rest (Baseline),-0.04966374300420284
1773309696.2446256,Rest (Baseline),-0.1090398277156055
1773309696.2456257,Rest (Baseline),-0.16970669687725604
1773309696.2466257,Rest (Baseline),-0.23037356603890657
1773309696.2476256,Rest (Baseline),-0.2742602373473346
1773309696.2486258,Rest (Baseline),-0.31040220195427537
1773309696.2496257,Rest (Baseline),-0.3323455376084894
1773309696.2506256,Rest (Baseline),-0.33621789095923305
1773309696.2516258,Rest (Baseline),-0.32589161535725
1773309696.2526257,Rest (Baseline),-0.292331219650805
1773309696.2536256,Rest (Baseline),-0.24069984164088964
1773309696.2546256,Rest (Baseline),-0.17745140357874334
1773309696.2556257,Rest (Baseline),-0.11936610331758857
1773309696.2566257,Rest (Baseline),-0.06386237195692956
1773309696.2576256,Rest (Baseline),-0.017394131748005748
1773309696.2586257,Rest (Baseline),0.014875479508191347
1773309696.2596257,Rest (Baseline),0.031655677361413836
1773309696.2606256,Rest (Baseline),0.034237246261909604
1773309696.2616258,Rest (Baseline),0.018747832858935
1773309696.2626257,Rest (Baseline),-0.0212664850987494
1773309696.2636256,Rest (Baseline),-0.0767702164594084
1773309696.2646258,Rest (Baseline),-0.13872787007130682
1773309696.2656257,Rest (Baseline),-0.20068552368320525
1773309696.2666256,Rest (Baseline),-0.25618925504386425
1773309696.2676256,Rest (Baseline),-0.3013667108025402
1773309696.2686257,Rest (Baseline),-0.3400902443099767
1773309696.2696257,Rest (Baseline),-0.35945201106369495
1773309696.2706256,Rest (Baseline),-0.3633243644144386
1773309696.2716258,Rest (Baseline),-0.3491257354617119
1773309696.2726257,Rest (Baseline),-0.31169298640452325
1773309696.2736256,Rest (Baseline),-0.25748003949411213
1773309696.2746258,Rest (Baseline),-0.1968131703324616
1773309696.2756257,Rest (Baseline),-0.13614630117081106
1773309696.2766256,Rest (Baseline),-0.08193335426039994
1773309696.2776256,Rest (Baseline),-0.03546511405147612
1773309696.2786257,Rest (Baseline),-0.003195502795279026
1773309696.2796257,Rest (Baseline),0.01616626395843923
1773309696.2806256,Rest (Baseline),0.020038617309182882
1773309696.2816257,Rest (Baseline),0.004549203906208277
1773309696.2826257,Rest (Baseline),-0.03288354515098035
1773309696.2836256,Rest (Baseline),-0.0845149231608957
1773309696.2846258,Rest (Baseline),-0.1413094389718026
1773309696.2856257,Rest (Baseline),-0.19810395478270948
1773309696.2866256,Rest (Baseline),-0.24973533279262483
1773309696.2876256,Rest (Baseline),-0.2910404352005571
1773309696.2886257,Rest (Baseline),-0.31943769310601056
1773309696.2896256,Rest (Baseline),-0.3336363220587373
1773309696.2906256,Rest (Baseline),-0.3310547531582415
1773309696.2916257,Rest (Baseline),-0.31169298640452325
1773309696.2926257,Rest (Baseline),-0.27038788399659097
1773309696.2936256,Rest (Baseline),-0.21617493708617985
1773309696.2946258,Rest (Baseline),-0.15550806792452931
1773309696.2956257,Rest (Baseline),-0.09613198321312666
1773309696.2966256,Rest (Baseline),-0.04450060520321131
1773309696.2976258,Rest (Baseline),-0.0019047183450311422
1773309696.2986257,Rest (Baseline),0.027783324010670185
1773309696.2996256,Rest (Baseline),0.044563521863892674
1773309696.3006256,Rest (Baseline),0.04585430631414056
1773309696.3016257,Rest (Baseline),0.025201755110174417
1773309696.3026257,Rest (Baseline),-0.016103347297757864
1773309696.3036256,Rest (Baseline),-0.06773472530767322
1773309696.3046257,Rest (Baseline),-0.125820025568828
1773309696.3056257,Rest (Baseline),-0.181323756929487
1773309696.3066256,Rest (Baseline),-0.23037356603890657
1773309696.3076258,Rest (Baseline),-0.2690970995463431
1773309696.3086257,Rest (Baseline),-0.29491278855130076
1773309696.3096256,Rest (Baseline),-0.30523906415328383
1773309696.3106256,Rest (Baseline),-0.3000759263522923
1773309696.3116257,Rest (Baseline),-0.2742602373473346
1773309696.3126256,Rest (Baseline),-0.2290827815886587
1773309696.3231976,Rest (Baseline),-0.1722882657777518
1773309696.3241975,Rest (Baseline),-0.11291218106634915
1773309696.3251977,Rest (Baseline),-0.057408449705690145
1773309696.3261976,Rest (Baseline),-0.009649425046518445
1773309696.3271976,Rest (Baseline),0.027783324010670185
1773309696.3281977,Rest (Baseline),0.05101744411513209
1773309696.3291976,Rest (Baseline),0.06005293526686728
1773309696.3301976,Rest (Baseline),0.05230822856537998
1773309696.3311975,Rest (Baseline),0.025201755110174417
1773309696.3321977,Rest (Baseline),-0.0212664850987494
1773309696.3331976,Rest (Baseline),-0.07806100090965629
1773309696.3341975,Rest (Baseline),-0.13743708562105894
1773309696.3351977,Rest (Baseline),-0.19165003253147006
1773309696.3361976,Rest (Baseline),-0.23940905719064176
1773309696.3371975,Rest (Baseline),-0.2742602373473346
1773309696.3381977,Rest (Baseline),-0.29620357300154865
1773309696.3391976,Rest (Baseline),-0.3013667108025402
1773309696.3401976,Rest (Baseline),-0.2936220041010529
1773309696.3411975,Rest (Baseline),-0.2613523928448558
1773309696.3421977,Rest (Baseline),-0.2123025837354362
1773309696.3431976,Rest (Baseline),-0.1567988523747772
1773309696.3441975,Rest (Baseline),-0.09613198321312666
1773309696.3451977,Rest (Baseline),-0.043209820752963424
1773309696.3461976,Rest (Baseline),0.004549203906208277
1773309696.3471975,Rest (Baseline),0.03940038406290114
1773309696.3481977,Rest (Baseline),0.06005293526686728
1773309696.3491976,Rest (Baseline),0.06521607306785882
1773309696.3501976,Rest (Baseline),0.05747136636637151
1773309696.3511977,Rest (Baseline),0.023910970659926534
1773309696.3521976,Rest (Baseline),-0.023848053999245167
1773309696.3531976,Rest (Baseline),-0.07935178535990417
1773309696.3541975,Rest (Baseline),-0.13743708562105894
1773309696.3551977,Rest (Baseline),-0.18519611028023064
1773309696.3561976,Rest (Baseline),-0.23037356603890657
1773309696.3571975,Rest (Baseline),-0.2600616083946079
1773309696.3581977,Rest (Baseline),-0.2742602373473346
1773309696.3591976,Rest (Baseline),-0.2755510217975825
1773309696.3601975,Rest (Baseline),-0.25877082394436
1773309696.3611977,Rest (Baseline),-0.21746572153642774
1773309696.3621976,Rest (Baseline),-0.16067120572552085
1773309696.3631976,Rest (Baseline),-0.09871355211362243
1773309696.3641975,Rest (Baseline),-0.03417432960122824
1773309696.3651977,Rest (Baseline),0.02262018620967865
1773309696.3661976,Rest (Baseline),0.06908842641860247
1773309696.3671975,Rest (Baseline),0.10393960657529533
1773309696.3681977,Rest (Baseline),0.12330137332901359
1773309696.3691976,Rest (Baseline),0.12588294222950935
1773309696.3701975,Rest (Baseline),0.11168431327678263
1773309696.3711977,Rest (Baseline),0.07166999531909823
1773309696.3721976,Rest (Baseline),0.018747832858935
1773309696.3731976,Rest (Baseline),-0.043209820752963424
1773309696.3741977,Rest (Baseline),-0.10387668991461396
1773309696.3751976,Rest (Baseline),-0.15808963682502508
1773309696.3761976,Rest (Baseline),-0.20326709258370101
1773309696.3771975,Rest (Baseline),-0.23811827274039388
1773309696.3781977,Rest (Baseline),-0.25748003949411213
1773309696.3791976,Rest (Baseline),-0.25877082394436
1773309696.3801975,Rest (Baseline),-0.2432814105413854
1773309696.3811977,Rest (Baseline),-0.20326709258370101
1773309696.3821976,Rest (Baseline),-0.15034493012353778
1773309696.3831975,Rest (Baseline),-0.09096884541213512
1773309696.3841977,Rest (Baseline),-0.03288354515098035
1773309696.3851976,Rest (Baseline),0.021329401759430766
1773309696.3861976,Rest (Baseline),0.06392528861761093
1773309696.3871975,Rest (Baseline),0.09490411542356014
1773309696.3881977,Rest (Baseline),0.11168431327678263
1773309696.3891976,Rest (Baseline),0.11297509772703052
1773309696.3901975,Rest (Baseline),0.09490411542356014
1773309696.3911977,Rest (Baseline),0.05618058191612363
1773309696.3921976,Rest (Baseline),0.004549203906208277
1773309696.3931975,Rest (Baseline),-0.053536096354946494
1773309696.3941977,Rest (Baseline),-0.11033061216585338
1773309696.3951976,Rest (Baseline),-0.15808963682502508
1773309696.3961976,Rest (Baseline),-0.1968131703324616
1773309696.3971975,Rest (Baseline),-0.22521042823791504
1773309696.3981977,Rest (Baseline),-0.236827488290146
1773309696.3991976,Rest (Baseline),-0.23424591938965023
1773309696.4001975,Rest (Baseline),-0.2123025837354362
1773309696.4011977,Rest (Baseline),-0.16841591242700815
1773309696.4021976,Rest (Baseline),-0.11549374996684492
1773309696.4031975,Rest (Baseline),-0.05224531190469861
1773309696.4041977,Rest (Baseline),0.008421557256951928
1773309696.4051976,Rest (Baseline),0.06005293526686728
1773309696.4061975,Rest (Baseline),0.10264882212504745
1773309696.4071977,Rest (Baseline),0.13233686448074877
1773309696.4081976,Rest (Baseline),0.1465354934334755
1773309696.4091976,Rest (Baseline),0.1452447089832276
1773309696.4101975,Rest (Baseline),0.12459215777926147
1773309696.4111977,Rest (Baseline),0.08070548647083342
1773309696.4121976,Rest (Baseline),0.0264925395604223
1773309696.4131975,Rest (Baseline),-0.030301976250484586
1773309696.4141977,Rest (Baseline),-0.08709649206139147
1773309696.4151976,Rest (Baseline),-0.13485551672056317
1773309696.4161975,Rest (Baseline),-0.1735790502279997
1773309696.4171977,Rest (Baseline),-0.20068552368320525
1773309696.4181976,Rest (Baseline),-0.21488415263593197
1773309696.4191976,Rest (Baseline),-0.2123025837354362
1773309696.4201975,Rest (Baseline),-0.19035924808122218
1773309696.4211977,Rest (Baseline),-0.14647257677279413
1773309696.4221976,Rest (Baseline),-0.09484119876287878
1773309696.4156234,Rest (Baseline),-0.03933746740221977
1773309696.4166234,Rest (Baseline),0.031655677361413836
1773309696.4176235,Rest (Baseline),0.05618058191612363
1773309696.4186234,Rest (Baseline),0.08845019317232072
1773309696.4196234,Rest (Baseline),0.10781195992603898
1773309696.4206235,Rest (Baseline),0.11297509772703052
1773309696.4216235,Rest (Baseline),0.10264882212504745
1773309696.4226234,Rest (Baseline),0.06908842641860247
1773309696.4236233,Rest (Baseline),0.018747832858935
1773309696.4246235,Rest (Baseline),-0.03933746740221977
1773309696.4256234,Rest (Baseline),-0.10000433656387031
1773309696.4266233,Rest (Baseline),-0.1567988523747772
1773309696.4276235,Rest (Baseline),-0.20326709258370101
1773309696.4286234,Rest (Baseline),-0.23940905719064176
1773309696.4296234,Rest (Baseline),-0.26264317729510367
1773309696.4306235,Rest (Baseline),-0.27038788399659097
1773309696.4316235,Rest (Baseline),-0.26264317729510367
1773309696.4326234,Rest (Baseline),-0.23037356603890657
1773309696.4336233,Rest (Baseline),-0.18390532582998276
1773309696.4346235,Rest (Baseline),-0.12711081001907587
1773309696.4356234,Rest (Baseline),-0.06644394085742533
1773309696.4366233,Rest (Baseline),-0.01481256284750998
1773309696.4376235,Rest (Baseline),0.031655677361413836
1773309696.4386234,Rest (Baseline),0.05618058191612363
1773309696.4396234,Rest (Baseline),0.08457783982157707
1773309696.4406235,Rest (Baseline),0.08845019317232072
1773309696.4416234,Rest (Baseline),0.07683313312008977
1773309696.4426234,Rest (Baseline),0.04069116851314902
1773309696.4436235,Rest (Baseline),-0.010940209496766329
1773309696.4446235,Rest (Baseline),-0.0690255097579211
1773309696.4456234,Rest (Baseline),-0.12711081001907587
1773309696.4466233,Rest (Baseline),-0.18261454137973487
1773309696.4476235,Rest (Baseline),-0.22521042823791504
1773309696.4486234,Rest (Baseline),-0.25748003949411213
1773309696.4496233,Rest (Baseline),-0.2742602373473346
1773309696.4506235,Rest (Baseline),-0.2755510217975825
1773309696.4516234,Rest (Baseline),-0.2613523928448558
1773309696.4526234,Rest (Baseline),-0.22391964378766716
1773309696.4536235,Rest (Baseline),-0.17099748132750392
1773309696.4546235,Rest (Baseline),-0.11162139661610126
1773309696.4556234,Rest (Baseline),-0.05482688080519438
1773309696.4566233,Rest (Baseline),-0.003195502795279026
1773309696.4576235,Rest (Baseline),0.03681881516240537
1773309696.4586234,Rest (Baseline),0.06263450416736305
1773309696.4596233,Rest (Baseline),0.07554234866984189
1773309696.4606235,Rest (Baseline),0.07037921086885035
1773309696.4616234,Rest (Baseline),0.05101744411513209
1773309696.4626234,Rest (Baseline),0.0006768505554646254
1773309696.4636235,Rest (Baseline),-0.05999001860618591
1773309696.4646235,Rest (Baseline),-0.12323845666833222
1773309696.4656234,Rest (Baseline),-0.1877776791807264
1773309696.4666235,Rest (Baseline),-0.2445721949916333
1773309696.4676235,Rest (Baseline),-0.2910404352005571
1773309696.4686234,Rest (Baseline),-0.3233100464567542
1773309696.4696233,Rest (Baseline),-0.3400902443099767
1773309696.4706235,Rest (Baseline),-0.3400902443099767
1773309696.4716234,Rest (Baseline),-0.31943769310601056
1773309696.4726233,Rest (Baseline),-0.2768418062478304
1773309696.4736235,Rest (Baseline),-0.2200472904369235
1773309696.4746234,Rest (Baseline),-0.15808963682502508
1773309696.4756234,Rest (Baseline),-0.09742276766337454
1773309696.4766235,Rest (Baseline),-0.04450060520321131
1773309696.4776235,Rest (Baseline),-0.0006139338947832584
1773309696.4786234,Rest (Baseline),0.031655677361413836
1773309696.4796233,Rest (Baseline),0.04972665966488421
1773309696.4806235,Rest (Baseline),0.05101744411513209
1773309696.4816234,Rest (Baseline),0.031655677361413836
1773309696.4826233,Rest (Baseline),-0.008358640596270561
1773309696.4836235,Rest (Baseline),-0.057408449705690145
1773309696.4846234,Rest (Baseline),-0.11549374996684492
1773309696.4856234,Rest (Baseline),-0.16841591242700815
1773309696.4866235,Rest (Baseline),-0.21488415263593197
1773309696.4876235,Rest (Baseline),-0.2523169016931206
1773309696.4886234,Rest (Baseline),-0.2755510217975825
1773309696.4896233,Rest (Baseline),-0.2832957284990698
1773309696.4906235,Rest (Baseline),-0.2768418062478304
1773309696.4916234,Rest (Baseline),-0.2510261172428727
1773309696.4926233,Rest (Baseline),-0.20584866148419678
1773309696.4936235,Rest (Baseline),-0.14647257677279413
1773309696.4946234,Rest (Baseline),-0.08580570761114359
1773309696.4956234,Rest (Baseline),-0.030301976250484586
1773309696.4966235,Rest (Baseline),0.020038617309182882
1773309696.4976234,Rest (Baseline),0.058762150816619396
1773309696.4986234,Rest (Baseline),0.0819962709210813
1773309696.4996235,Rest (Baseline),0.09232254652306437
1773309696.5006235,Rest (Baseline),0.08715940872207284
1773309696.5016234,Rest (Baseline),0.06005293526686728
1773309696.5026233,Rest (Baseline),0.014875479508191347
1773309696.5036235,Rest (Baseline),-0.040628251852467656
1773309696.5046234,Rest (Baseline),-0.1012951210141182
1773309696.5056233,Rest (Baseline),-0.15550806792452931
1773309696.5066235,Rest (Baseline),-0.20197630813345313
1773309696.5076234,Rest (Baseline),-0.24069984164088964
1773309696.5086234,Rest (Baseline),-0.26393396174535155
1773309696.5096235,Rest (Baseline),-0.27296945289708674
1773309696.5106235,Rest (Baseline),-0.2665155306458473
1773309696.5116234,Rest (Baseline),-0.23811827274039388
1773309696.5126233,Rest (Baseline),-0.19035924808122218
1773309696.5136235,Rest (Baseline),-0.1335647322703153
1773309696.5146234,Rest (Baseline),-0.07418864755891263
1773309696.510866,Rest (Baseline),-0.0212664850987494
1773309696.5118659,Rest (Baseline),0.025201755110174417
1773309696.512866,Rest (Baseline),0.058762150816619396
1773309696.513866,Rest (Baseline),0.07812391757033765
1773309696.5148659,Rest (Baseline),0.0819962709210813
1773309696.515866,Rest (Baseline),0.06908842641860247
1773309696.516866,Rest (Baseline),0.030364892911165953
1773309696.517866,Rest (Baseline),-0.023848053999245167
1773309696.5188658,Rest (Baseline),-0.08838727651163936
1773309696.519866,Rest (Baseline),-0.15292649902403355
1773309696.520866,Rest (Baseline),-0.2123025837354362
1773309696.5218658,Rest (Baseline),-0.2613523928448558
1773309696.522866,Rest (Baseline),-0.3000759263522923
1773309696.523866,Rest (Baseline),-0.3233100464567542
1773309696.5248659,Rest (Baseline),-0.3297639687079936
1773309696.525866,Rest (Baseline),-0.31943769310601056
1773309696.526866,Rest (Baseline),-0.2845865129493177
1773309696.527866,Rest (Baseline),-0.23037356603890657
1773309696.5288658,Rest (Baseline),-0.1722882657777518
1773309696.529866,Rest (Baseline),-0.1090398277156055
1773309696.530866,Rest (Baseline),-0.053536096354946494
1773309696.5318658,Rest (Baseline),-0.007067856146022677
1773309696.532866,Rest (Baseline),0.02907410846091807
1773309696.533866,Rest (Baseline),0.048435875214636326
1773309696.5348659,Rest (Baseline),0.05359901301562786
1773309696.535866,Rest (Baseline),0.04069116851314902
1773309696.536866,Rest (Baseline),0.001967635005712509
1773309696.5378659,Rest (Baseline),-0.050954527454450727
1773309696.538866,Rest (Baseline),-0.11033061216585338
1773309696.539866,Rest (Baseline),-0.1722882657777518
1773309696.540866,Rest (Baseline),-0.22650121268816292
1773309696.5418658,Rest (Baseline),-0.27167866844683886
1773309696.542866,Rest (Baseline),-0.30394827970303595
1773309696.543866,Rest (Baseline),-0.3220192620065063
1773309696.5448658,Rest (Baseline),-0.3233100464567542
1773309696.545866,Rest (Baseline),-0.30523906415328383
1773309696.546866,Rest (Baseline),-0.26393396174535155
1773309696.5478659,Rest (Baseline),-0.20972101483494043
1773309696.548866,Rest (Baseline),-0.1490541456732899
1773309696.549866,Rest (Baseline),-0.07935178535990417
1773309696.550866,Rest (Baseline),-0.03546511405147612
1773309696.5518658,Rest (Baseline),0.0058399883564561605
1773309696.552866,Rest (Baseline),0.03552803071215749
1773309696.553866,Rest (Baseline),0.048435875214636326
1773309696.5548658,Rest (Baseline),0.04585430631414056
1773309696.555866,Rest (Baseline),0.023910970659926534
1773309696.556866,Rest (Baseline),-0.0212664850987494
1773309696.5578659,Rest (Baseline),-0.07806100090965629
1773309696.558866,Rest (Baseline),-0.1413094389718026
1773309696.559866,Rest (Baseline),-0.20197630813345313
1773309696.5608659,Rest (Baseline),-0.25489847059361637
1773309696.561866,Rest (Baseline),-0.2987851419020444
1773309696.562866,Rest (Baseline),-0.3297639687079936
1773309696.563866,Rest (Baseline),-0.34396259766072035
1773309696.5648658,Rest (Baseline),-0.34267181321047246
1773309696.565866,Rest (Baseline),-0.32072847755625844
1773309696.566866,Rest (Baseline),-0.2768418062478304
1773309696.5678658,Rest (Baseline),-0.21875650598667562
1773309696.568866,Rest (Baseline),-0.15808963682502508
1773309696.569866,Rest (Baseline),-0.09742276766337454
1773309696.5708659,Rest (Baseline),-0.04579138965345919
1773309696.571866,Rest (Baseline),-0.003195502795279026
1773309696.572866,Rest (Baseline),0.023910970659926534
1773309696.573866,Rest (Baseline),0.03552803071215749
1773309696.5748658,Rest (Baseline),0.03294646181166172
1773309696.575866,Rest (Baseline),0.009712341707199812
1773309696.576866,Rest (Baseline),-0.03804668295197189
1773309696.5778658,Rest (Baseline),-0.09484119876287878
1773309696.578866,Rest (Baseline),-0.1567988523747772
1773309696.579866,Rest (Baseline),-0.21617493708617985
1773309696.5808659,Rest (Baseline),-0.2678063150960952
1773309696.581866,Rest (Baseline),-0.3091114175040275
1773309696.582866,Rest (Baseline),-0.33621789095923305
1773309696.583866,Rest (Baseline),-0.347834951011464
1773309696.5848658,Rest (Baseline),-0.34396259766072035
1773309696.585866,Rest (Baseline),-0.3181469086557627
1773309696.586866,Rest (Baseline),-0.27167866844683886
1773309696.5878658,Rest (Baseline),-0.21488415263593197
1773309696.588866,Rest (Baseline),-0.15421728347428143
1773309696.589866,Rest (Baseline),-0.09871355211362243
1773309696.5908659,Rest (Baseline),-0.04966374300420284
1773309696.591866,Rest (Baseline),-0.012230993947014213
1773309696.592866,Rest (Baseline),0.01229391060769558
1773309696.5938659,Rest (Baseline),0.02262018620967865
1773309696.594866,Rest (Baseline),0.01616626395843923
1773309696.595866,Rest (Baseline),-0.010940209496766329
1773309696.596866,Rest (Baseline),-0.05611766525544226
1773309696.5978658,Rest (Baseline),-0.11549374996684492
1773309696.598866,Rest (Baseline),-0.16841591242700815
1773309696.599866,Rest (Baseline),-0.2536076861433685
1773309696.6008658,Rest (Baseline),-0.27167866844683886
1773309696.601866,Rest (Baseline),-0.3091114175040275
1773309696.602866,Rest (Baseline),-0.3323455376084894
1773309696.6038659,Rest (Baseline),-0.3413810287602246
1773309696.604866,Rest (Baseline),-0.33621789095923305
1773309696.605866,Rest (Baseline),-0.3065298486035317
1773309696.606866,Rest (Baseline),-0.2600616083946079
1773309696.6078658,Rest (Baseline),-0.20326709258370101
1773309696.608866,Rest (Baseline),-0.14518179232254624
1773309696.609866,Rest (Baseline),-0.09225962986238301
1773309696.6208823,Fist,-0.04837295855395496
1773309696.6218822,Fist,-0.013521778397262096
1773309696.6228824,Fist,0.007130772806704044
1773309696.6238823,Fist,0.01229391060769558
1773309696.6248822,Fist,0.003258419455960393
1773309696.6258824,Fist,-0.03159276070073247
1773309696.6268823,Fist,-0.08064256981015205
1773309696.6278822,Fist,-0.13743708562105894
1773309696.6288822,Fist,-0.19423160143196583
1773309696.6298823,Fist,-0.2600616083946079
1773309696.6308823,Fist,-0.2910404352005571
1773309696.6318822,Fist,-0.3233100464567542
1773309696.6328824,Fist,-0.3413810287602246
1773309696.6338823,Fist,-0.34396259766072035
1773309696.6348822,Fist,-0.3297639687079936
1773309696.6358824,Fist,-0.292331219650805
1773309696.6368823,Fist,-0.24069984164088964
1773309696.6378822,Fist,-0.181323756929487
1773309696.6388822,Fist,-0.12194767221808434
1773309696.6398823,Fist,-0.0690255097579211
1773309696.6408823,Fist,-0.02513883844949305
1773309696.6418822,Fist,0.0058399883564561605
1773309696.6428823,Fist,0.02262018620967865
1773309696.6438823,Fist,0.023910970659926534
1773309696.6448822,Fist,0.007130772806704044
1773309696.6458824,Fist,-0.03417432960122824
1773309696.6468823,Fist,-0.08838727651163936
1773309696.6478822,Fist,-0.15163571457378566
1773309696.6488824,Fist,-0.21101179928518832
1773309696.6498823,Fist,-0.26393396174535155
1773309696.6508822,Fist,-0.3065298486035317
1773309696.6518822,Fist,-0.33621789095923305
1773309696.6528823,Fist,-0.35041651991195977
1773309696.6538823,Fist,-0.347834951011464
1773309696.6548822,Fist,-0.32589161535725
1773309696.6558824,Fist,-0.27942337514832616
1773309696.6568823,Fist,-0.21875650598667562
1773309696.6578822,Fist,-0.15550806792452931
1773309696.6588824,Fist,-0.09225962986238301
1773309696.6598823,Fist,-0.03546511405147612
1773309696.6608822,Fist,0.008421557256951928
1773309696.6618822,Fist,0.04069116851314902
1773309696.6628823,Fist,0.05747136636637151
1773309696.6638823,Fist,0.05618058191612363
1773309696.6648822,Fist,0.03552803071215749
1773309696.6658823,Fist,-0.008358640596270561
1773309696.6668823,Fist,-0.06386237195692956
1773309696.6678822,Fist,-0.125820025568828
1773309696.6688824,Fist,-0.18519611028023064
1773309696.6698823,Fist,-0.236827488290146
1773309696.6708822,Fist,-0.27942337514832616
1773309696.6718824,Fist,-0.3065298486035317
1773309696.6728823,Fist,-0.31943769310601056
1773309696.6738822,Fist,-0.3168561242055148
1773309696.6748822,Fist,-0.292331219650805
1773309696.6758823,Fist,-0.24715376389212906
1773309696.6768823,Fist,-0.19294081698171794
1773309696.6778822,Fist,-0.12969237891957164
1773309696.6788824,Fist,-0.0690255097579211
1773309696.6798823,Fist,-0.017394131748005748
1773309696.6808822,Fist,0.025201755110174417
1773309696.6818824,Fist,0.054889797465875745
1773309696.6828823,Fist,0.06908842641860247
1773309696.6838822,Fist,0.06779764196835458
1773309696.6848822,Fist,0.044563521863892674
1773309696.6858823,Fist,0.003258419455960393
1773309696.6868823,Fist,-0.050954527454450727
1773309696.6878822,Fist,-0.10774904326535761
1773309696.6888824,Fist,-0.16196199017576873
1773309696.6898823,Fist,-0.20972101483494043
1773309696.6908822,Fist,-0.24715376389212906
1773309696.6918824,Fist,-0.27167866844683886
1773309696.6928823,Fist,-0.27942337514832616
1773309696.6938822,Fist,-0.27296945289708674
1773309696.6948822,Fist,-0.2432814105413854
1773309696.6958823,Fist,-0.19423160143196583
1773309696.6968822,Fist,-0.13485551672056317
1773309696.6978822,Fist,-0.07289786310866475
1773309696.6988823,Fist,-0.01481256284750998
1773309696.6998823,Fist,0.03681881516240537
1773309696.7008822,Fist,0.07812391757033765
1773309696.7018824,Fist,0.1065211754757911
1773309696.7028823,Fist,0.12071980442851782
1773309696.7038822,Fist,0.11813823552802205
1773309696.7048824,Fist,0.09232254652306437
1773309696.7058823,Fist,0.04972665966488421
1773309696.7068822,Fist,-0.003195502795279026
1773309696.7078822,Fist,-0.05999001860618591
1773309696.7088823,Fist,-0.11291218106634915
1773309696.7098823,Fist,-0.15808963682502508
1773309696.7108822,Fist,-0.19423160143196583
1773309696.7118824,Fist,-0.21617493708617985
1773309696.7128823,Fist,-0.22521042823791504
1773309696.7138822,Fist,-0.21875650598667562
1773309696.7148824,Fist,-0.1877776791807264
1773309696.7158823,Fist,-0.13872787007130682
1773309696.7168822,Fist,-0.08322413871064782
1773309696.7178822,Fist,-0.027720407349988818
1773309696.7188823,Fist,0.023910970659926534
1773309696.7198822,Fist,0.06779764196835458
1773309696.7148476,Fist,0.10006725322455168
1773309696.7158475,Fist,0.11942901997826993
1773309696.7168477,Fist,0.12330137332901359
1773309696.7178476,Fist,0.11039352882653475
1773309696.7188475,Fist,0.074251564219594
1773309696.7198477,Fist,0.023910970659926534
1773309696.7208476,Fist,-0.03417432960122824
1773309696.7218475,Fist,-0.09355041431263089
1773309696.7228475,Fist,-0.14647257677279413
1773309696.7238476,Fist,-0.19165003253147006
1773309696.7248476,Fist,-0.22262885933741927
1773309696.7258475,Fist,-0.23940905719064176
1773309696.7268476,Fist,-0.23811827274039388
1773309696.7278476,Fist,-0.2213380748871714
1773309696.7288475,Fist,-0.1800329724792391
1773309696.7298477,Fist,-0.125820025568828
1773309696.7308476,Fist,-0.06386237195692956
1773309696.7318475,Fist,-0.003195502795279026
1773309696.7328475,Fist,0.04972665966488421
1773309696.7338476,Fist,0.09361333097331226
1773309696.7348475,Fist,0.1220105888787657
1773309696.7358475,Fist,0.1375000022817403
1773309696.7368476,Fist,0.13362764893099666
1773309696.7378476,Fist,0.10781195992603898
1773309696.7388475,Fist,0.07037921086885035
1773309696.7398477,Fist,0.0058399883564561605
1773309696.7408476,Fist,-0.057408449705690145
1773309696.7418475,Fist,-0.12194767221808434
1773309696.7428477,Fist,-0.1800329724792391
1773309696.7438476,Fist,-0.2277919971384108
1773309696.7448475,Fist,-0.26393396174535155
1773309696.7458475,Fist,-0.28716808184981346
1773309696.7468476,Fist,-0.292331219650805
1773309696.7478476,Fist,-0.27942337514832616
1773309696.7488475,Fist,-0.2432814105413854
1773309696.7498477,Fist,-0.1955223858822137
1773309696.7508476,Fist,-0.1413094389718026
1773309696.7518475,Fist,-0.08838727651163936
1773309696.7528477,Fist,-0.043209820752963424
1773309696.7538476,Fist,-0.007067856146022677
1773309696.7548475,Fist,0.018747832858935
1773309696.7558475,Fist,0.031655677361413836
1773309696.7568476,Fist,0.03294646181166172
1773309696.7578475,Fist,0.013584695057943463
1773309696.7588475,Fist,-0.026429622899740934
1773309696.7598476,Fist,-0.0767702164594084
1773309696.7608476,Fist,-0.13614630117081106
1773309696.7618475,Fist,-0.18648689473047853
1773309696.7628477,Fist,-0.236827488290146
1773309696.7638476,Fist,-0.2781325906980783
1773309696.7648475,Fist,-0.3065298486035317
1773309696.7658477,Fist,-0.3220192620065063
1773309696.7668476,Fist,-0.3220192620065063
1773309696.7678475,Fist,-0.30265749525278807
1773309696.7688475,Fist,-0.2613523928448558
1773309696.7698476,Fist,-0.21101179928518832
1773309696.7708476,Fist,-0.1567988523747772
1773309696.7718475,Fist,-0.10516747436486185
1773309696.7728477,Fist,-0.06257158750668168
1773309696.7738476,Fist,-0.029011191800236702
1773309696.7748475,Fist,-0.009649425046518445
1773309696.7758477,Fist,-0.005777071695774794
1773309696.7768476,Fist,-0.017394131748005748
1773309696.7778475,Fist,-0.050954527454450727
1773309696.7788475,Fist,-0.10516747436486185
1773309696.7798476,Fist,-0.16841591242700815
1773309696.7808475,Fist,-0.23295513493940234
1773309696.7818475,Fist,-0.29491278855130076
1773309696.7828476,Fist,-0.3465441665612161
1773309696.7838476,Fist,-0.3865584845189005
1773309696.7848475,Fist,-0.4110833890736103
1773309696.7858477,Fist,-0.4201188802253455
1773309696.7868476,Fist,-0.4110833890736103
1773309696.7878475,Fist,-0.3775229933671653
1773309696.7888474,Fist,-0.32718239980749786
1773309696.7898476,Fist,-0.26393396174535155
1773309696.7908475,Fist,-0.20068552368320525
1773309696.7918475,Fist,-0.1413094389718026
1773309696.7928476,Fist,-0.08838727651163936
1773309696.7938476,Fist,-0.04579138965345919
1773309696.7948475,Fist,-0.01868491619825363
1773309696.7958477,Fist,-0.005777071695774794
1773309696.7968476,Fist,-0.008358640596270561
1773309696.7978475,Fist,-0.036755898501724005
1773309696.7988477,Fist,-0.08064256981015205
1773309696.7998476,Fist,-0.1335647322703153
1773309696.8008475,Fist,-0.1890684636309743
1773309696.8018475,Fist,-0.24199062609113753
1773309696.8028476,Fist,-0.28845886630006135
1773309696.8038476,Fist,-0.3220192620065063
1773309696.8048475,Fist,-0.34396259766072035
1773309696.8058476,Fist,-0.35041651991195977
1773309696.8068476,Fist,-0.34396259766072035
1773309696.8078475,Fist,-0.30523906415328383
1773309696.8088477,Fist,-0.25618925504386425
1773309696.8098476,Fist,-0.19939473923295736
1773309696.8108475,Fist,-0.1413094389718026
1773309696.8118474,Fist,-0.08709649206139147
1773309696.8128476,Fist,-0.040628251852467656
1773309696.8138475,Fist,-0.005777071695774794
1773309696.8084595,Fist,0.01616626395843923
1773309696.8094594,Fist,0.023910970659926534
1773309696.8104596,Fist,0.014875479508191347
1773309696.8114595,Fist,-0.017394131748005748
1773309696.8124595,Fist,-0.06386237195692956
1773309696.8134596,Fist,-0.1167845344170928
1773309696.8144596,Fist,-0.16970669687725604
1773309696.8154595,Fist,-0.21746572153642774
1773309696.8164594,Fist,-0.25748003949411213
1773309696.8174596,Fist,-0.2845865129493177
1773309696.8184595,Fist,-0.2987851419020444
1773309696.8194594,Fist,-0.29749435745179653
1773309696.8204596,Fist,-0.28071415959857404
1773309696.8214595,Fist,-0.236827488290146
1773309696.8224595,Fist,-0.18648689473047853
1773309696.8234596,Fist,-0.12711081001907587
1773309696.8244596,Fist,-0.0690255097579211
1773309696.8254595,Fist,-0.01868491619825363
1773309696.8264594,Fist,0.02262018620967865
1773309696.8274596,Fist,0.05101744411513209
1773309696.8284595,Fist,0.06521607306785882
1773309696.8294594,Fist,0.06521607306785882
1773309696.8304596,Fist,0.044563521863892674
1773309696.8314595,Fist,0.003258419455960393
1773309696.8324594,Fist,-0.04966374300420284
1773309696.8334596,Fist,-0.1090398277156055
1773309696.8344595,Fist,-0.1645435590762645
1773309696.8354595,Fist,-0.21359336818568408
1773309696.8364596,Fist,-0.2523169016931206
1773309696.8374596,Fist,-0.2755510217975825
1773309696.8384595,Fist,-0.2832957284990698
1773309696.8394594,Fist,-0.2755510217975825
1773309696.8404596,Fist,-0.24715376389212906
1773309696.8414595,Fist,-0.19810395478270948
1773309696.8424594,Fist,-0.13614630117081106
1773309696.8434596,Fist,-0.07160707865841687
1773309696.8444595,Fist,-0.008358640596270561
1773309696.8454595,Fist,0.04585430631414056
1773309696.8464596,Fist,0.08845019317232072
1773309696.8474596,Fist,0.11684745107777417
1773309696.8484595,Fist,0.12717372667975724
1773309696.8494594,Fist,0.1220105888787657
1773309696.8504596,Fist,0.09232254652306437
1773309696.8514595,Fist,0.044563521863892674
1773309696.8524594,Fist,-0.016103347297757864
1773309696.8534596,Fist,-0.07935178535990417
1773309696.8544595,Fist,-0.13872787007130682
1773309696.8554595,Fist,-0.19165003253147006
1773309696.8564596,Fist,-0.23295513493940234
1773309696.8574595,Fist,-0.2600616083946079
1773309696.8584595,Fist,-0.27167866844683886
1773309696.8594596,Fist,-0.2678063150960952
1773309696.8604596,Fist,-0.24069984164088964
1773309696.8614595,Fist,-0.19423160143196583
1773309696.8624594,Fist,-0.13485551672056317
1773309696.8634596,Fist,-0.07160707865841687
1773309696.8644595,Fist,0.0058399883564561605
1773309696.8654594,Fist,0.04198195296339691
1773309696.8664596,Fist,0.08586862427182496
1773309696.8674595,Fist,0.11555666662752628
1773309696.8684595,Fist,0.1310460800305009
1773309696.8694596,Fist,0.129755295580253
1773309696.8704596,Fist,0.10523039102554321
1773309696.8714595,Fist,0.06263450416736305
1773309696.8724594,Fist,0.009712341707199812
1773309696.8734596,Fist,-0.047082174103707075
1773309696.8744595,Fist,-0.09742276766337454
1773309696.8754594,Fist,-0.1413094389718026
1773309696.8764596,Fist,-0.1735790502279997
1773309696.8774595,Fist,-0.19423160143196583
1773309696.8784595,Fist,-0.1968131703324616
1773309696.8794596,Fist,-0.18519611028023064
1773309696.8804595,Fist,-0.147763361223042
1773309696.8814595,Fist,-0.09613198321312666
1773309696.8824594,Fist,-0.03546511405147612
1773309696.8834596,Fist,0.027783324010670185
1773309696.8844595,Fist,0.08457783982157707
1773309696.8854594,Fist,0.13233686448074877
1773309696.8864596,Fist,0.16847882908768952
1773309696.8874595,Fist,0.19171294919215143
1773309696.8884594,Fist,0.19816687144339085
1773309696.8894596,Fist,0.18913138029165566
1773309696.8904595,Fist,0.15557098458521068
1773309696.8914595,Fist,0.1065211754757911
1773309696.8924596,Fist,0.05101744411513209
1773309696.8934596,Fist,-0.005777071695774794
1773309696.8944595,Fist,-0.057408449705690145
1773309696.8954594,Fist,-0.1012951210141182
1773309696.8964596,Fist,-0.1322739478200674
1773309696.8974595,Fist,-0.1490541456732899
1773309696.8984594,Fist,-0.15034493012353778
1773309696.8994596,Fist,-0.13485551672056317
1773309696.9004595,Fist,-0.09613198321312666
1773309696.9014595,Fist,-0.04191903630271554
1773309696.9024596,Fist,0.018747832858935
1773309696.9034595,Fist,0.08070548647083342
1773309696.9044595,Fist,0.13620921783149242
1773309696.9054594,Fist,0.18138667359016836
1773309696.9064596,Fist,0.21623785374686122
1773309696.9074595,Fist,0.23559962050057948
1773309696.9183652,Fist,0.240762758301571
1773309696.9193652,Fist,0.22914569824934006
1773309696.9203653,Fist,0.19042216474190354
1773309696.9213653,Fist,0.14008157118223608
1773309696.9223652,Fist,0.08328705537132919
1773309696.9233654,Fist,0.027783324010670185
1773309696.9243653,Fist,-0.019975700648501515
1773309696.9253652,Fist,-0.05611766525544226
1773309696.9263651,Fist,-0.08193335426039994
1773309696.9273653,Fist,-0.09096884541213512
1773309696.9283652,Fist,-0.0845149231608957
1773309696.9293652,Fist,-0.05999001860618591
1773309696.9303653,Fist,-0.010940209496766329
1773309696.9313653,Fist,0.04972665966488421
1773309696.9323652,Fist,0.11813823552802205
1773309696.9333653,Fist,0.18396824249066412
1773309696.9343653,Fist,0.2420535427518189
1773309696.9353652,Fist,0.2885217829607427
1773309696.9363651,Fist,0.3233729631174356
1773309696.9373653,Fist,0.3440255143214017
1773309696.9383652,Fist,0.34789786767214537
1773309696.9393651,Fist,0.3311176698189229
1773309696.9403653,Fist,0.29239413631148636
1773309696.9413652,Fist,0.240762758301571
1773309696.9423652,Fist,0.1865498113911599
1773309696.9433653,Fist,0.13362764893099666
1773309696.9443653,Fist,0.08586862427182496
1773309696.9453652,Fist,0.04972665966488421
1773309696.9463654,Fist,0.0264925395604223
1773309696.9473653,Fist,0.017457048408687115
1773309696.9483652,Fist,0.025201755110174417
1773309696.9493651,Fist,0.054889797465875745
1773309696.9503653,Fist,0.10393960657529533
1773309696.9513652,Fist,0.1620249068364501
1773309696.9523652,Fist,0.22398256044834852
1773309696.9533653,Fist,0.2807770762592554
1773309696.9543653,Fist,0.3311176698189229
1773309696.9553652,Fist,0.3685504188761115
1773309696.9563653,Fist,0.3917845389805734
1773309696.9573653,Fist,0.4008200301323086
1773309696.9583652,Fist,0.3943661078810692
1773309696.9593651,Fist,0.36338728107511997
1773309696.9603653,Fist,0.31691904086619616
1773309696.9613652,Fist,0.26012452505528927
1773309696.9623652,Fist,0.2007484403438866
1773309696.9633653,Fist,0.14008157118223608
1773309696.9643652,Fist,0.0987764687743038
1773309696.9653652,Fist,0.06392528861761093
1773309696.9663653,Fist,0.04327273741364479
1773309696.9673653,Fist,0.038109599612653255
1773309696.9683652,Fist,0.04972665966488421
1773309696.9693654,Fist,0.08586862427182496
1773309696.9703653,Fist,0.1375000022817403
1773309696.9713652,Fist,0.19816687144339085
1773309696.9723651,Fist,0.26141530950553715
1773309696.9733653,Fist,0.31820982531644404
1773309696.9743652,Fist,0.36338728107511997
1773309696.9753652,Fist,0.3995292456820607
1773309696.9763653,Fist,0.42147258133627474
1773309696.9773653,Fist,0.4266357191372663
1773309696.9783652,Fist,0.4163094435352832
1773309696.9793653,Fist,0.38016747892834246
1773309696.9803653,Fist,0.3272453164681792
1773309696.9813652,Fist,0.26786923175677657
1773309696.9823651,Fist,0.20333000924438238
1773309696.9833653,Fist,0.1465354934334755
1773309696.9843652,Fist,0.09748568432405591
1773309696.9853652,Fist,0.06005293526686728
1773309696.9863653,Fist,0.038109599612653255
1773309696.9873652,Fist,0.031655677361413836
1773309696.9883652,Fist,0.04069116851314902
1773309696.9893653,Fist,0.07554234866984189
1773309696.9903653,Fist,0.12459215777926147
1773309696.9913652,Fist,0.18267745804041624
1773309696.9923651,Fist,0.2420535427518189
1773309696.9933653,Fist,0.29368492076173425
1773309696.9943652,Fist,0.3375715920701623
1773309696.9953651,Fist,0.3711319877766073
1773309696.9963653,Fist,0.38791218562982976
1773309696.9973652,Fist,0.3917845389805734
1773309696.9983652,Fist,0.3788766944780946
1773309696.9993653,Fist,0.34015316097065806
1773309697.0003653,Fist,0.2898125674109906
1773309697.0013652,Fist,0.23172726714983582
1773309697.0023654,Fist,0.17364196688868105
1773309697.0033653,Fist,0.12071980442851782
1773309697.0043652,Fist,0.07812391757033765
1773309697.0053651,Fist,0.044563521863892674
1773309697.0063653,Fist,0.027783324010670185
1773309697.0073652,Fist,0.023910970659926534
1773309697.0083652,Fist,0.034237246261909604
1773309697.0093653,Fist,0.07812391757033765
1773309697.0103652,Fist,0.12846451113000512
1773309697.0113652,Fist,0.185259026940912
1773309697.0123653,Fist,0.24334432720206678
1773309697.0133653,Fist,0.29239413631148636
1773309697.0143652,Fist,0.33369923871941864
1773309697.0153651,Fist,0.36467806552536786
1773309697.0163653,Fist,0.38016747892834246
1773309697.0173652,Fist,0.38145826337859035
1773309697.0129895,Fist,0.3620964966248721
1773309697.0139894,Fist,0.3207913942169398
1773309697.0149896,Fist,0.26786923175677657
1773309697.0159895,Fist,0.2097839314956218
1773309697.0169895,Fist,0.15169863123446703
1773309697.0179896,Fist,0.10006725322455168
1773309697.0189896,Fist,0.058762150816619396
1773309697.0199895,Fist,0.02907410846091807
1773309697.0209894,Fist,0.01229391060769558
1773309697.0219896,Fist,0.013584695057943463
1773309697.0229895,Fist,0.03294646181166172
1773309697.0239894,Fist,0.08457783982157707
1773309697.0249896,Fist,0.13362764893099666
1773309697.0259895,Fist,0.19042216474190354
1773309697.0269895,Fist,0.24721668055281043
1773309697.0279896,Fist,0.2975572741124779
1773309697.0289896,Fist,0.3375715920701623
1773309697.0299895,Fist,0.3672596344258636
1773309697.0309894,Fist,0.38145826337859035
1773309697.0319896,Fist,0.38016747892834246
1773309697.0329895,Fist,0.35564257437363267
1773309697.0339894,Fist,0.3130466875154525
1773309697.0349896,Fist,0.2588337406050414
1773309697.0359895,Fist,0.19945765589363873
1773309697.0369895,Fist,0.1452447089832276
1773309697.0379896,Fist,0.09490411542356014
1773309697.0389895,Fist,0.05618058191612363
1773309697.0399895,Fist,0.031655677361413836
1773309697.0409896,Fist,0.020038617309182882
1773309697.0419896,Fist,0.025201755110174417
1773309697.0429895,Fist,0.05359901301562786
1773309697.0439894,Fist,0.0987764687743038
1773309697.0449896,Fist,0.16331569128669798
1773309697.0459895,Fist,0.21623785374686122
1773309697.0469894,Fist,0.26786923175677657
1773309697.0479896,Fist,0.3143374719657004
1773309697.0489895,Fist,0.35047943657264113
1773309697.0499895,Fist,0.3711319877766073
1773309697.0509896,Fist,0.3788766944780946
1773309697.0519896,Fist,0.3698412033263594
1773309697.0529895,Fist,0.3375715920701623
1773309697.0539894,Fist,0.2885217829607427
1773309697.0549896,Fist,0.22914569824934006
1773309697.0559895,Fist,0.1697696135379374
1773309697.0569894,Fist,0.1142658821772784
1773309697.0579896,Fist,0.0665068575181067
1773309697.0589895,Fist,0.030364892911165953
1773309697.0599895,Fist,0.008421557256951928
1773309697.0609896,Fist,0.001967635005712509
1773309697.0619895,Fist,0.011003126157447696
1773309697.0629895,Fist,0.04585430631414056
1773309697.0639896,Fist,0.09619489987380803
1773309697.0649896,Fist,0.15557098458521068
1773309697.0659895,Fist,0.21623785374686122
1773309697.0669894,Fist,0.2730323695577681
1773309697.0679896,Fist,0.32466374756768346
1773309697.0689895,Fist,0.36338728107511997
1773309697.0699894,Fist,0.38920297008007765
1773309697.0709896,Fist,0.3995292456820607
1773309697.0719895,Fist,0.3930753234308213
1773309697.0729895,Fist,0.3608057121746242
1773309697.0739896,Fist,0.3143374719657004
1773309697.0749896,Fist,0.2575429561547935
1773309697.0759895,Fist,0.19816687144339085
1773309697.0769894,Fist,0.14137235563248396
1773309697.0779896,Fist,0.09232254652306437
1773309697.0789895,Fist,0.05359901301562786
1773309697.0799894,Fist,0.027783324010670185
1773309697.0809896,Fist,0.01616626395843923
1773309697.0819895,Fist,0.02262018620967865
1773309697.0829895,Fist,0.05230822856537998
1773309697.0839896,Fist,0.09619489987380803
1773309697.0849895,Fist,0.15040784678421915
1773309697.0859895,Fist,0.20333000924438238
1773309697.0869894,Fist,0.25367060280404985
1773309697.0879896,Fist,0.29497570521198213
1773309697.0889895,Fist,0.3285361009184271
1773309697.0899894,Fist,0.34789786767214537
1773309697.0909896,Fist,0.3543517899233848
1773309697.0919895,Fist,0.34273472987115383
1773309697.0929894,Fist,0.31046511861495674
1773309697.0939896,Fist,0.2639968784060329
1773309697.0949895,Fist,0.21107471594586968
1773309697.0959895,Fist,0.15686176903545856
1773309697.0969896,Fist,0.10910274437628686
1773309697.0979896,Fist,0.06779764196835458
1773309697.0989895,Fist,0.038109599612653255
1773309697.0999894,Fist,0.020038617309182882
1773309697.1009896,Fist,0.017457048408687115
1773309697.1019895,Fist,0.031655677361413836
1773309697.1029894,Fist,0.06779764196835458
1773309697.1039896,Fist,0.11684745107777417
1773309697.1049895,Fist,0.1710603979881853
1773309697.1059895,Fist,0.22398256044834852
1773309697.1069896,Fist,0.2717415851075202
1773309697.1079895,Fist,0.3117559030652046
1773309697.1089895,Fist,0.3375715920701623
1773309697.1099894,Fist,0.3530610054731369
1773309697.1109896,Fist,0.351770221022889
1773309697.1119895,Fist,0.3311176698189229
1773309697.1232986,Fist,0.29368492076173425
1773309697.1242986,Fist,0.24334432720206678
1773309697.1252987,Fist,0.18784059584140778
1773309697.1262987,Fist,0.13620921783149242
1773309697.1272986,Fist,0.08974097762256861
1773309697.1282988,Fist,0.05359901301562786
1773309697.1292987,Fist,0.027783324010670185
1773309697.1302986,Fist,0.018747832858935
1773309697.1312985,Fist,0.021329401759430766
1773309697.1322987,Fist,0.044563521863892674
1773309697.1332986,Fist,0.08586862427182496
1773309697.1342986,Fist,0.1387907867319882
1773309697.1352987,Fist,0.1930037336423993
1773309697.1362987,Fist,0.24334432720206678
1773309697.1372986,Fist,0.28464942960999906
1773309697.1382987,Fist,0.31820982531644404
1773309697.1392987,Fist,0.3388623765204102
1773309697.1402986,Fist,0.3453162987716496
1773309697.1412985,Fist,0.3375715920701623
1773309697.1422987,Fist,0.30142962746322155
1773309697.1432986,Fist,0.26012452505528927
1773309697.1442986,Fist,0.20333000924438238
1773309697.1452987,Fist,0.14266314008273184
1773309697.1462986,Fist,0.08845019317232072
1773309697.1472986,Fist,0.04069116851314902
1773309697.1482987,Fist,0.004549203906208277
1773309697.1492987,Fist,-0.017394131748005748
1773309697.1502986,Fist,-0.02513883844949305
1773309697.1512988,Fist,-0.016103347297757864
1773309697.1522987,Fist,0.014875479508191347
1773309697.1532986,Fist,0.061343719717115164
1773309697.1542985,Fist,0.11942901997826993
1773309697.1552987,Fist,0.1775143202394247
1773309697.1562986,Fist,0.23172726714983582
1773309697.1572986,Fist,0.2756139384582639
1773309697.1582987,Fist,0.30917433416470885
1773309697.1592987,Fist,0.3285361009184271
1773309697.1602986,Fist,0.33499002316966653
1773309697.1612988,Fist,0.3233729631174356
1773309697.1622987,Fist,0.2885217829607427
1773309697.1632986,Fist,0.23818118940107524
1773309697.1642985,Fist,0.1775143202394247
1773309697.1652987,Fist,0.11555666662752628
1773309697.1662986,Fist,0.06005293526686728
1773309697.1672986,Fist,0.011003126157447696
1773309697.1682987,Fist,-0.02513883844949305
1773309697.1692986,Fist,-0.04579138965345919
1773309697.1702986,Fist,-0.05224531190469861
1773309697.1712987,Fist,-0.04191903630271554
1773309697.1722987,Fist,-0.008358640596270561
1773309697.1732986,Fist,0.04069116851314902
1773309697.1742988,Fist,0.09748568432405591
1773309697.1752987,Fist,0.15557098458521068
1773309697.1762986,Fist,0.2097839314956218
1773309697.1772985,Fist,0.25367060280404985
1773309697.1782987,Fist,0.28723099851049483
1773309697.1792986,Fist,0.3065927652642131
1773309697.1802986,Fist,0.3117559030652046
1773309697.1812987,Fist,0.2988480585627258
1773309697.1822987,Fist,0.2652876628562808
1773309697.1832986,Fist,0.21365628484636545
1773309697.1842988,Fist,0.15557098458521068
1773309697.1852987,Fist,0.0987764687743038
1773309697.1862986,Fist,0.04714509076438844
1773309697.1872985,Fist,0.004549203906208277
1773309697.1882987,Fist,-0.027720407349988818
1773309697.1892986,Fist,-0.04579138965345919
1773309697.1902986,Fist,-0.04966374300420284
1773309697.1912987,Fist,-0.03804668295197189
1773309697.1922987,Fist,-0.0006139338947832584
1773309697.1932986,Fist,0.04714509076438844
1773309697.1942987,Fist,0.10393960657529533
1773309697.1952987,Fist,0.15815255348570645
1773309697.1962986,Fist,0.20591157814487815
1773309697.1972985,Fist,0.24463511165231466
1773309697.1982987,Fist,0.274323154008016
1773309697.1992986,Fist,0.2885217829607427
1773309697.2002985,Fist,0.2911033518612385
1773309697.2012987,Fist,0.274323154008016
1773309697.2022986,Fist,0.23559962050057948
1773309697.2032986,Fist,0.1930037336423993
1773309697.2042987,Fist,0.13491843338124454
1773309697.2052987,Fist,0.07941470202058554
1773309697.2062986,Fist,0.03294646181166172
1773309697.2072988,Fist,-0.005777071695774794
1773309697.2082987,Fist,-0.03288354515098035
1773309697.2092986,Fist,-0.047082174103707075
1773309697.2102985,Fist,-0.047082174103707075
1773309697.2112987,Fist,-0.027720407349988818
1773309697.2122986,Fist,0.011003126157447696
1773309697.2132986,Fist,0.061343719717115164
1773309697.2142987,Fist,0.11684745107777417
1773309697.2152987,Fist,0.16718804463744164
1773309697.2162986,Fist,0.21365628484636545
1773309697.2172987,Fist,0.2510890339035541
1773309697.2182987,Fist,0.274323154008016
1773309697.2192986,Fist,0.28594021406024694
1773309697.2202985,Fist,0.2807770762592554
1773309697.2212987,Fist,0.2575429561547935
1773309697.2222986,Fist,0.21365628484636545
1773309697.2160735,Fist,0.15944333793595433
1773309697.2170734,Fist,0.09619489987380803
1773309697.2180736,Fist,0.027783324010670185
1773309697.2190735,Fist,-0.0019047183450311422
1773309697.2200735,Fist,-0.03804668295197189
1773309697.2210736,Fist,-0.06257158750668168
1773309697.2220736,Fist,-0.07160707865841687
1773309697.2230735,Fist,-0.06515315640717745
1773309697.2240734,Fist,-0.036755898501724005
1773309697.2250736,Fist,0.008421557256951928
1773309697.2260735,Fist,0.06521607306785882
1773309697.2270734,Fist,0.12330137332901359
1773309697.2280736,Fist,0.1788051046896726
1773309697.2290735,Fist,0.2252733448985964
1773309697.2300735,Fist,0.26141530950553715
1773309697.2310736,Fist,0.28594021406024694
1773309697.2320735,Fist,0.29497570521198213
1773309697.2330735,Fist,0.2885217829607427
1773309697.2340734,Fist,0.2588337406050414
1773309697.2350736,Fist,0.21236550039611757
1773309697.2360735,Fist,0.15686176903545856
1773309697.2370734,Fist,0.09490411542356014
1773309697.2380736,Fist,0.04585430631414056
1773309697.2390735,Fist,0.0006768505554646254
1773309697.2400734,Fist,-0.03288354515098035
1773309697.2410736,Fist,-0.050954527454450727
1773309697.2420735,Fist,-0.05611766525544226
1773309697.2430735,Fist,-0.04450060520321131
1773309697.2440736,Fist,-0.008358640596270561
1773309697.2450736,Fist,0.04327273741364479
1773309697.2460735,Fist,0.10393960657529533
1773309697.2470734,Fist,0.16589726018719375
1773309697.2480736,Fist,0.218819422647357
1773309697.2490735,Fist,0.2665784473065287
1773309697.2500734,Fist,0.30272041191346943
1773309697.2510736,Fist,0.32466374756768346
1773309697.2520735,Fist,0.329826885368675
1773309697.2530735,Fist,0.3195006097666919
1773309697.2540736,Fist,0.2833586451597512
1773309697.2550735,Fist,0.2343088360503316
1773309697.2560735,Fist,0.17622353578917682
1773309697.2570734,Fist,0.11813823552802205
1773309697.2580736,Fist,0.06263450416736305
1773309697.2590735,Fist,0.018747832858935
1773309697.2600734,Fist,-0.01481256284750998
1773309697.2610736,Fist,-0.03417432960122824
1773309697.2620735,Fist,-0.03804668295197189
1773309697.2630734,Fist,-0.026429622899740934
1773309697.2640736,Fist,0.009712341707199812
1773309697.2650735,Fist,0.06005293526686728
1773309697.2660735,Fist,0.11813823552802205
1773309697.2670736,Fist,0.1775143202394247
1773309697.2680736,Fist,0.23043648269958794
1773309697.2690735,Fist,0.2717415851075202
1773309697.2700734,Fist,0.3040111963637173
1773309697.2710736,Fist,0.3195006097666919
1773309697.2720735,Fist,0.3207913942169398
1773309697.2730734,Fist,0.3053019808139652
1773309697.2740736,Fist,0.2652876628562808
1773309697.2750735,Fist,0.21107471594586968
1773309697.2760735,Fist,0.15169863123446703
1773309697.2770736,Fist,0.09232254652306437
1773309697.2780735,Fist,0.03940038406290114
1773309697.2790735,Fist,-0.005777071695774794
1773309697.2800734,Fist,-0.03804668295197189
1773309697.2810736,Fist,-0.05611766525544226
1773309697.2820735,Fist,-0.05869923415593803
1773309697.2830734,Fist,-0.04191903630271554
1773309697.2840736,Fist,-0.00448628724552691
1773309697.2850735,Fist,0.04714509076438844
1773309697.2860734,Fist,0.10393960657529533
1773309697.2870736,Fist,0.15944333793595433
1773309697.2880735,Fist,0.20720236259512603
1773309697.2890735,Fist,0.24592589610256255
1773309697.2900734,Fist,0.274323154008016
1773309697.2910736,Fist,0.2885217829607427
1773309697.2920735,Fist,0.2885217829607427
1773309697.2930734,Fist,0.26916001620702446
1773309697.2940736,Fist,0.23172726714983582
1773309697.2950735,Fist,0.18138667359016836
1773309697.2960734,Fist,0.12717372667975724
1773309697.2970736,Fist,0.07554234866984189
1773309697.2980735,Fist,0.02907410846091807
1773309697.2990735,Fist,-0.007067856146022677
1773309697.3000736,Fist,-0.03288354515098035
1773309697.3010736,Fist,-0.043209820752963424
1773309697.3020735,Fist,-0.03933746740221977
1773309697.3030734,Fist,-0.016103347297757864
1773309697.3040736,Fist,0.027783324010670185
1773309697.3050735,Fist,0.08328705537132919
1773309697.3060734,Fist,0.14008157118223608
1773309697.3070736,Fist,0.19558530254289508
1773309697.3080735,Fist,0.24334432720206678
1773309697.3090734,Fist,0.2794862918090075
1773309697.3100736,Fist,0.3053019808139652
1773309697.3110735,Fist,0.3143374719657004
1773309697.3120735,Fist,0.31046511861495674
1773309697.3130734,Fist,0.2833586451597512
1773309697.3140736,Fist,0.23947197385132313
1773309697.3150735,Fist,0.185259026940912
1773309697.308724,Fist,0.12717372667975724
1773309697.3097239,Fist,0.074251564219594
1773309697.310724,Fist,0.0264925395604223
1773309697.311724,Fist,-0.009649425046518445
1773309697.3127239,Fist,-0.03288354515098035
1773309697.313724,Fist,-0.04191903630271554
1773309697.314724,Fist,-0.036755898501724005
1773309697.315724,Fist,-0.009649425046518445
1773309697.3167238,Fist,0.03552803071215749
1773309697.317724,Fist,0.08974097762256861
1773309697.318724,Fist,0.14911706233397126
1773309697.3197238,Fist,0.20333000924438238
1773309697.320724,Fist,0.2510890339035541
1773309697.321724,Fist,0.2885217829607427
1773309697.3227239,Fist,0.3130466875154525
1773309697.323724,Fist,0.3233729631174356
1773309697.324724,Fist,0.31820982531644404
1773309697.325724,Fist,0.2885217829607427
1773309697.3267238,Fist,0.24334432720206678
1773309697.327724,Fist,0.18784059584140778
1773309697.328724,Fist,0.1310460800305009
1773309697.3297238,Fist,0.08070548647083342
1773309697.330724,Fist,0.034237246261909604
1773309697.331724,Fist,-0.0006139338947832584
1773309697.3327239,Fist,-0.019975700648501515
1773309697.333724,Fist,-0.026429622899740934
1773309697.334724,Fist,-0.013521778397262096
1773309697.3357239,Fist,0.017457048408687115
1773309697.336724,Fist,0.06263450416736305
1773309697.337724,Fist,0.11684745107777417
1773309697.338724,Fist,0.17235118243843317
1773309697.3397238,Fist,0.22011020709760487
1773309697.340724,Fist,0.2588337406050414
1773309697.341724,Fist,0.28594021406024694
1773309697.3427238,Fist,0.2988480585627258
1773309697.343724,Fist,0.29626648966223
1773309697.344724,Fist,0.27690472290851176
1773309697.3457239,Fist,0.23172726714983582
1773309697.346724,Fist,0.17493275133892894
1773309697.347724,Fist,0.11039352882653475
1773309697.348724,Fist,0.04585430631414056
1773309697.3497238,Fist,-0.012230993947014213
1773309697.350724,Fist,-0.05869923415593803
1773309697.351724,Fist,-0.09484119876287878
1773309697.3527238,Fist,-0.11420296551659703
1773309697.353724,Fist,-0.11936610331758857
1773309697.354724,Fist,-0.10645825881510973
1773309697.3557239,Fist,-0.07031629420816898
1773309697.356724,Fist,-0.0212664850987494
1773309697.357724,Fist,0.03294646181166172
1773309697.3587239,Fist,0.08715940872207284
1773309697.359724,Fist,0.1375000022817403
1773309697.360724,Fist,0.1788051046896726
1773309697.361724,Fist,0.2097839314956218
1773309697.3627238,Fist,0.2265641293488443
1773309697.363724,Fist,0.23043648269958794
1773309697.364724,Fist,0.21494706929661334
1773309697.3657238,Fist,0.1775143202394247
1773309697.366724,Fist,0.12846451113000512
1773309697.367724,Fist,0.07166999531909823
1773309697.3687239,Fist,0.01616626395843923
1773309697.369724,Fist,-0.03417432960122824
1773309697.370724,Fist,-0.0767702164594084
1773309697.371724,Fist,-0.10645825881510973
1773309697.3727238,Fist,-0.12323845666833222
1773309697.373724,Fist,-0.1245292411185801
1773309697.374724,Fist,-0.10774904326535761
1773309697.3757238,Fist,-0.0690255097579211
1773309697.376724,Fist,-0.013521778397262096
1773309697.377724,Fist,0.038109599612653255
1773309697.3787239,Fist,0.09232254652306437
1773309697.379724,Fist,0.14395392453297973
1773309697.380724,Fist,0.18396824249066412
1773309697.3817239,Fist,0.21494706929661334
1773309697.3827238,Fist,0.23043648269958794
1773309697.383724,Fist,0.23172726714983582
1773309697.384724,Fist,0.21236550039611757
1773309697.3857238,Fist,0.17235118243843317
1773309697.386724,Fist,0.12071980442851782
1773309697.387724,Fist,0.0665068575181067
1773309697.3887239,Fist,0.01229391060769558
1773309697.389724,Fist,-0.03417432960122824
1773309697.390724,Fist,-0.07289786310866475
1773309697.3917239,Fist,-0.09871355211362243
1773309697.392724,Fist,-0.11291218106634915
1773309697.393724,Fist,-0.11291218106634915
1773309697.394724,Fist,-0.09225962986238301
1773309697.3957238,Fist,-0.05224531190469861
1773309697.396724,Fist,-0.0019047183450311422
1773309697.397724,Fist,0.05230822856537998
1773309697.3987238,Fist,0.10393960657529533
1773309697.399724,Fist,0.14911706233397126
1773309697.400724,Fist,0.18396824249066412
1773309697.4017239,Fist,0.20720236259512603
1773309697.402724,Fist,0.2175286381971091
1773309697.403724,Fist,0.21365628484636545
1773309697.404724,Fist,0.185259026940912
1773309697.4057238,Fist,0.14137235563248396
1773309697.406724,Fist,0.08586862427182496
1773309697.407724,Fist,0.02907410846091807
1773309697.4178045,Fist,-0.023848053999245167
1773309697.4188044,Fist,-0.0690255097579211
1773309697.4198046,Fist,-0.10516747436486185
1773309697.4208045,Fist,-0.12840159446932375
1773309697.4218044,Fist,-0.13743708562105894
1773309697.4228046,Fist,-0.1322739478200674
1773309697.4238045,Fist,-0.10387668991461396
1773309697.4248044,Fist,-0.05611766525544226
1773309697.4258044,Fist,-0.0019047183450311422
1773309697.4268045,Fist,0.05359901301562786
1773309697.4278045,Fist,0.10264882212504745
1773309697.4288044,Fist,0.1465354934334755
1773309697.4298046,Fist,0.1788051046896726
1773309697.4308045,Fist,0.19816687144339085
1773309697.4318044,Fist,0.20462079369463027
1773309697.4328046,Fist,0.1942945180926472
1773309697.4338045,Fist,0.16331569128669798
1773309697.4348044,Fist,0.11684745107777417
1773309697.4358044,Fist,0.06392528861761093
1773309697.4368045,Fist,0.009712341707199812
1773309697.4378045,Fist,-0.036755898501724005
1773309697.4388044,Fist,-0.0767702164594084
1773309697.4398046,Fist,-0.10387668991461396
1773309697.4408045,Fist,-0.11936610331758857
1773309697.4418044,Fist,-0.11936610331758857
1773309697.4428046,Fist,-0.10387668991461396
1773309697.4438045,Fist,-0.06515315640717745
1773309697.4448044,Fist,-0.013521778397262096
1773309697.4458046,Fist,0.04327273741364479
1773309697.4468045,Fist,0.10006725322455168
1773309697.4478045,Fist,0.14782627788372338
1773309697.4488044,Fist,0.1865498113911599
1773309697.4498045,Fist,0.21236550039611757
1773309697.4508045,Fist,0.22398256044834852
1773309697.4518044,Fist,0.218819422647357
1773309697.4528046,Fist,0.19687608699314296
1773309697.4538045,Fist,0.16331569128669798
1773309697.4548044,Fist,0.10523039102554321
1773309697.4558046,Fist,0.02907410846091807
1773309697.4568045,Fist,-0.030301976250484586
1773309697.4578044,Fist,-0.08580570761114359
1773309697.4588044,Fist,-0.13098316336981952
1773309697.4598045,Fist,-0.1645435590762645
1773309697.4608045,Fist,-0.18390532582998276
1773309697.4618044,Fist,-0.18648689473047853
1773309697.4628046,Fist,-0.17099748132750392
1773309697.4638045,Fist,-0.1322739478200674
1773309697.4648044,Fist,-0.07935178535990417
1773309697.4658046,Fist,-0.019975700648501515
1773309697.4668045,Fist,0.038109599612653255
1773309697.4678044,Fist,0.08974097762256861
1773309697.4688046,Fist,0.13362764893099666
1773309697.4698045,Fist,0.16460647573694587
1773309697.4708045,Fist,0.18267745804041624
1773309697.4718044,Fist,0.1865498113911599
1773309697.4728045,Fist,0.1697696135379374
1773309697.4738045,Fist,0.129755295580253
1773309697.4748044,Fist,0.07941470202058554
1773309697.4758046,Fist,0.014875479508191347
1773309697.4768045,Fist,-0.030301976250484586
1773309697.4778044,Fist,-0.08322413871064782
1773309697.4788046,Fist,-0.1245292411185801
1773309697.4798045,Fist,-0.15292649902403355
1773309697.4808044,Fist,-0.16970669687725604
1773309697.4818044,Fist,-0.17099748132750392
1773309697.4828045,Fist,-0.15163571457378566
1773309697.4838045,Fist,-0.11291218106634915
1773309697.4848044,Fist,-0.06257158750668168
1773309697.4858046,Fist,-0.009649425046518445
1773309697.4868045,Fist,0.04327273741364479
1773309697.4878044,Fist,0.08845019317232072
1773309697.4888046,Fist,0.12459215777926147
1773309697.4898045,Fist,0.15169863123446703
1773309697.4908044,Fist,0.16460647573694587
1773309697.4918044,Fist,0.16460647573694587
1773309697.4928045,Fist,0.14266314008273184
1773309697.4938045,Fist,0.10393960657529533
1773309697.4948044,Fist,0.054889797465875745
1773309697.4958045,Fist,0.0006768505554646254
1773309697.4968045,Fist,-0.04837295855395496
1773309697.4978044,Fist,-0.09225962986238301
1773309697.4988046,Fist,-0.12711081001907587
1773309697.4998045,Fist,-0.15034493012353778
1773309697.5008044,Fist,-0.16067120572552085
1773309697.5018046,Fist,-0.15550806792452931
1773309697.5028045,Fist,-0.13098316336981952
1773309697.5038044,Fist,-0.08709649206139147
1773309697.5048044,Fist,-0.036755898501724005
1773309697.5058045,Fist,0.018747832858935
1773309697.5068045,Fist,0.07037921086885035
1773309697.5078044,Fist,0.11297509772703052
1773309697.5088046,Fist,0.1465354934334755
1773309697.5098045,Fist,0.16589726018719375
1773309697.5108044,Fist,0.17364196688868105
1773309697.5118046,Fist,0.16589726018719375
1773309697.5128045,Fist,0.13362764893099666
1773309697.5138044,Fist,0.08715940872207284
1773309697.5148044,Fist,0.031655677361413836
1773309697.5158045,Fist,-0.023848053999245167
1773309697.5168045,Fist,-0.07806100090965629
1773309697.510709,Fist,-0.12065688776783645
1773309697.511709,Fist,-0.15292649902403355
1773309697.5127091,Fist,-0.1722882657777518
1773309697.513709,Fist,-0.17745140357874334
1773309697.514709,Fist,-0.16712512797676027
1773309697.5157092,Fist,-0.1335647322703153
1773309697.516709,Fist,-0.08709649206139147
1773309697.517709,Fist,-0.030301976250484586
1773309697.518709,Fist,0.023910970659926534
1773309697.519709,Fist,0.074251564219594
1773309697.520709,Fist,0.11555666662752628
1773309697.521709,Fist,0.1452447089832276
1773309697.5227091,Fist,0.1620249068364501
1773309697.523709,Fist,0.16460647573694587
1773309697.524709,Fist,0.14911706233397126
1773309697.5257092,Fist,0.11168431327678263
1773309697.526709,Fist,0.061343719717115164
1773309697.527709,Fist,0.001967635005712509
1773309697.528709,Fist,-0.057408449705690145
1773309697.529709,Fist,-0.1090398277156055
1773309697.530709,Fist,-0.15292649902403355
1773309697.531709,Fist,-0.18519611028023064
1773309697.5327091,Fist,-0.20326709258370101
1773309697.533709,Fist,-0.20584866148419678
1773309697.534709,Fist,-0.19294081698171794
1773309697.5357091,Fist,-0.15421728347428143
1773309697.536709,Fist,-0.10387668991461396
1773309697.537709,Fist,-0.047082174103707075
1773309697.5387092,Fist,0.0006768505554646254
1773309697.539709,Fist,0.06779764196835458
1773309697.540709,Fist,0.1065211754757911
1773309697.541709,Fist,0.1387907867319882
1773309697.542709,Fist,0.15815255348570645
1773309697.543709,Fist,0.1620249068364501
1773309697.544709,Fist,0.14782627788372338
1773309697.5457091,Fist,0.11168431327678263
1773309697.546709,Fist,0.061343719717115164
1773309697.547709,Fist,0.0058399883564561605
1773309697.5487092,Fist,-0.050954527454450727
1773309697.549709,Fist,-0.1012951210141182
1773309697.550709,Fist,-0.14260022342205048
1773309697.551709,Fist,-0.1735790502279997
1773309697.552709,Fist,-0.1890684636309743
1773309697.553709,Fist,-0.19035924808122218
1773309697.554709,Fist,-0.1722882657777518
1773309697.5557091,Fist,-0.1335647322703153
1773309697.556709,Fist,-0.08064256981015205
1773309697.557709,Fist,-0.023848053999245167
1773309697.5587091,Fist,0.030364892911165953
1773309697.559709,Fist,0.07812391757033765
1773309697.560709,Fist,0.11813823552802205
1773309697.5617092,Fist,0.1452447089832276
1773309697.562709,Fist,0.15815255348570645
1773309697.563709,Fist,0.15557098458521068
1773309697.564709,Fist,0.13491843338124454
1773309697.565709,Fist,0.09361333097331226
1773309697.566709,Fist,0.034237246261909604
1773309697.567709,Fist,-0.016103347297757864
1773309697.5687091,Fist,-0.0690255097579211
1773309697.569709,Fist,-0.11549374996684492
1773309697.570709,Fist,-0.15163571457378566
1773309697.5717092,Fist,-0.17486983467824757
1773309697.572709,Fist,-0.18390532582998276
1773309697.573709,Fist,-0.17745140357874334
1773309697.574709,Fist,-0.15292649902403355
1773309697.575709,Fist,-0.10645825881510973
1773309697.576709,Fist,-0.05224531190469861
1773309697.577709,Fist,0.007130772806704044
1773309697.5787091,Fist,0.061343719717115164
1773309697.579709,Fist,0.10910274437628686
1773309697.580709,Fist,0.1465354934334755
1773309697.5817091,Fist,0.1710603979881853
1773309697.582709,Fist,0.18138667359016836
1773309697.583709,Fist,0.1788051046896726
1773309697.584709,Fist,0.15169863123446703
1773309697.585709,Fist,0.10781195992603898
1773309697.586709,Fist,0.05618058191612363
1773309697.587709,Fist,0.003258419455960393
1773309697.588709,Fist,-0.05999001860618591
1773309697.589709,Fist,-0.10000433656387031
1773309697.590709,Fist,-0.13485551672056317
1773309697.5917091,Fist,-0.15808963682502508
1773309697.592709,Fist,-0.16712512797676027
1773309697.593709,Fist,-0.16067120572552085
1773309697.5947092,Fist,-0.1322739478200674
1773309697.595709,Fist,-0.08709649206139147
1773309697.596709,Fist,-0.03288354515098035
1773309697.597709,Fist,0.02262018620967865
1773309697.598709,Fist,0.07296077976934612
1773309697.599709,Fist,0.1142658821772784
1773309697.600709,Fist,0.1465354934334755
1773309697.6017091,Fist,0.16460647573694587
1773309697.602709,Fist,0.1697696135379374
1773309697.603709,Fist,0.15944333793595433
1773309697.6047091,Fist,0.12459215777926147
1773309697.605709,Fist,0.07683313312008977
1773309697.606709,Fist,0.02262018620967865
1773309697.607709,Fist,-0.03417432960122824
1773309697.608709,Fist,-0.0845149231608957
1773309697.609709,Fist,-0.1245292411185801
1773309697.6192372,Fist,-0.1567988523747772
1773309697.620237,Fist,-0.1735790502279997
1773309697.6212373,Fist,-0.17745140357874334
1773309697.6222372,Fist,-0.1645435590762645
1773309697.6232371,Fist,-0.12969237891957164
1773309697.6242373,Fist,-0.08064256981015205
1773309697.6252372,Fist,-0.02513883844949305
1773309697.6262372,Fist,0.030364892911165953
1773309697.627237,Fist,0.0819962709210813
1773309697.6282372,Fist,0.12588294222950935
1773309697.6292372,Fist,0.15815255348570645
1773309697.630237,Fist,0.17622353578917682
1773309697.6312373,Fist,0.18009588913992047
1773309697.6322372,Fist,0.16847882908768952
1773309697.6332371,Fist,0.1310460800305009
1773309697.6342373,Fist,0.08070548647083342
1773309697.6352372,Fist,0.025201755110174417
1773309697.6362371,Fist,-0.03159276070073247
1773309697.637237,Fist,-0.07935178535990417
1773309697.6382372,Fist,-0.12065688776783645
1773309697.6392372,Fist,-0.15034493012353778
1773309697.640237,Fist,-0.1645435590762645
1773309697.6412373,Fist,-0.16583434352651238
1773309697.6422372,Fist,-0.15163571457378566
1773309697.643237,Fist,-0.11033061216585338
1773309697.6442373,Fist,-0.06515315640717745
1773309697.6452372,Fist,-0.008358640596270561
1773309697.6462371,Fist,0.044563521863892674
1773309697.6472373,Fist,0.08974097762256861
1773309697.6482372,Fist,0.12459215777926147
1773309697.6492372,Fist,0.14911706233397126
1773309697.650237,Fist,0.15815255348570645
1773309697.6512372,Fist,0.1529894156847149
1773309697.6522372,Fist,0.129755295580253
1773309697.653237,Fist,0.08457783982157707
1773309697.6542373,Fist,0.02907410846091807
1773309697.6552372,Fist,-0.03159276070073247
1773309697.6562371,Fist,-0.08838727651163936
1773309697.6572373,Fist,-0.1400186545215547
1773309697.6582372,Fist,-0.181323756929487
1773309697.6592371,Fist,-0.20972101483494043
1773309697.660237,Fist,-0.22262885933741927
1773309697.6612372,Fist,-0.22262885933741927
1773309697.6622372,Fist,-0.20197630813345313
1773309697.663237,Fist,-0.16067120572552085
1773309697.6642373,Fist,-0.11549374996684492
1773309697.6652372,Fist,-0.05224531190469861
1773309697.666237,Fist,-0.008358640596270561
1773309697.6672373,Fist,0.04585430631414056
1773309697.6682372,Fist,0.08070548647083342
1773309697.6692371,Fist,0.10393960657529533
1773309697.6702373,Fist,0.11297509772703052
1773309697.6712372,Fist,0.10523039102554321
1773309697.6722372,Fist,0.08070548647083342
1773309697.673237,Fist,0.034237246261909604
1773309697.6742373,Fist,-0.019975700648501515
1773309697.6752372,Fist,-0.0767702164594084
1773309697.676237,Fist,-0.12969237891957164
1773309697.6772373,Fist,-0.1735790502279997
1773309697.6782372,Fist,-0.20843023038469255
1773309697.6792371,Fist,-0.23037356603890657
1773309697.6802373,Fist,-0.236827488290146
1773309697.6812372,Fist,-0.23166435048915446
1773309697.6822371,Fist,-0.2045578770339489
1773309697.683237,Fist,-0.15938042127527297
1773309697.6842372,Fist,-0.10516747436486185
1773309697.6852372,Fist,-0.04966374300420284
1773309697.686237,Fist,0.003258419455960393
1773309697.6872373,Fist,0.048435875214636326
1773309697.6882372,Fist,0.08328705537132919
1773309697.689237,Fist,0.1065211754757911
1773309697.6902373,Fist,0.11684745107777417
1773309697.6912372,Fist,0.11039352882653475
1773309697.6922371,Fist,0.08328705537132919
1773309697.693237,Fist,0.038109599612653255
1773309697.6942372,Fist,-0.01481256284750998
1773309697.6952372,Fist,-0.07031629420816898
1773309697.696237,Fist,-0.12194767221808434
1773309697.6972373,Fist,-0.16712512797676027
1773309697.6982372,Fist,-0.20326709258370101
1773309697.699237,Fist,-0.22521042823791504
1773309697.7002373,Fist,-0.2355367038398981
1773309697.7012372,Fist,-0.23037356603890657
1773309697.7022371,Fist,-0.20326709258370101
1773309697.7032373,Fist,-0.15938042127527297
1773309697.7042372,Fist,-0.10774904326535761
1773309697.7052372,Fist,-0.057408449705690145
1773309697.706237,Fist,-0.010940209496766329
1773309697.7072372,Fist,0.0264925395604223
1773309697.7082372,Fist,0.05618058191612363
1773309697.709237,Fist,0.07037921086885035
1773309697.7102373,Fist,0.07166999531909823
1773309697.7112372,Fist,0.05747136636637151
1773309697.7122371,Fist,0.020038617309182882
1773309697.7132373,Fist,-0.03417432960122824
1773309697.7142372,Fist,-0.09355041431263089
1773309697.7152371,Fist,-0.15292649902403355
1773309697.716237,Fist,-0.20713944593444467
1773309697.7172372,Fist,-0.2523169016931206
1773309697.7182372,Fist,-0.28716808184981346
1773309697.7129533,Fist,-0.3091114175040275
1773309697.7139533,Fist,-0.3155653397552669
1773309697.7149534,Fist,-0.30523906415328383
1773309697.7159534,Fist,-0.27296945289708674
1773309697.7169533,Fist,-0.22650121268816292
1773309697.7179534,Fist,-0.1735790502279997
1773309697.7189534,Fist,-0.12065688776783645
1773309697.7199533,Fist,-0.07289786310866475
1773309697.7209532,Fist,-0.03288354515098035
1773309697.7219534,Fist,-0.00448628724552691
1773309697.7229533,Fist,0.011003126157447696
1773309697.7239532,Fist,0.01229391060769558
1773309697.7249534,Fist,-0.003195502795279026
1773309697.7259533,Fist,-0.040628251852467656
1773309697.7269533,Fist,-0.09225962986238301
1773309697.7279534,Fist,-0.1490541456732899
1773309697.7289534,Fist,-0.20584866148419678
1773309697.7299533,Fist,-0.2536076861433685
1773309697.7309532,Fist,-0.29749435745179653
1773309697.7319534,Fist,-0.32718239980749786
1773309697.7329533,Fist,-0.34267181321047246
1773309697.7339532,Fist,-0.34396259766072035
1773309697.7349534,Fist,-0.32718239980749786
1773309697.7359533,Fist,-0.28974965075030923
1773309697.7369533,Fist,-0.2432814105413854
1773309697.7379534,Fist,-0.19294081698171794
1773309697.7389534,Fist,-0.147763361223042
1773309697.7399533,Fist,-0.11033061216585338
1773309697.7409534,Fist,-0.0845149231608957
1773309697.7419534,Fist,-0.07031629420816898
1773309697.7429533,Fist,-0.0690255097579211
1773309697.7439532,Fist,-0.08322413871064782
1773309697.7449534,Fist,-0.11291218106634915
1773309697.7459533,Fist,-0.15938042127527297
1773309697.7469532,Fist,-0.21101179928518832
1773309697.7479534,Fist,-0.26393396174535155
1773309697.7489533,Fist,-0.31040220195427537
1773309697.7499533,Fist,-0.34525338211096823
1773309697.7509534,Fist,-0.36719671776518226
1773309697.7519534,Fist,-0.37494142446666956
1773309697.7529533,Fist,-0.369778286665678
1773309697.7539532,Fist,-0.35170730436220765
1773309697.7549534,Fist,-0.3168561242055148
1773309697.7559533,Fist,-0.2665155306458473
1773309697.7569532,Fist,-0.21101179928518832
1773309697.7579534,Fist,-0.15808963682502508
1773309697.7589533,Fist,-0.11420296551659703
1773309697.7599533,Fist,-0.08193335426039994
1773309697.7609534,Fist,-0.06386237195692956
1773309697.7619534,Fist,-0.05999001860618591
1773309697.7629533,Fist,-0.0690255097579211
1773309697.7639534,Fist,-0.09225962986238301
1773309697.7649534,Fist,-0.13485551672056317
1773309697.7659533,Fist,-0.19165003253147006
1773309697.7669532,Fist,-0.25618925504386425
1773309697.7679534,Fist,-0.3181469086557627
1773309697.7689533,Fist,-0.3736506400164217
1773309697.7699533,Fist,-0.4175373113248497
1773309697.7709534,Fist,-0.4510977070312947
1773309697.7719533,Fist,-0.47045947378501296
1773309697.7729533,Fist,-0.4756226115860045
1773309697.7739534,Fist,-0.4665871204342693
1773309697.7749534,Fist,-0.436899078078568
1773309697.7759533,Fist,-0.39172162231989205
1773309697.7769532,Fist,-0.3387994598597288
1773309697.7779534,Fist,-0.2845865129493177
1773309697.7789533,Fist,-0.23811827274039388
1773309697.7799532,Fist,-0.19939473923295736
1773309697.7809534,Fist,-0.16841591242700815
1773309697.7819533,Fist,-0.1490541456732899
1773309697.7829533,Fist,-0.1413094389718026
1773309697.7839534,Fist,-0.14260022342205048
1773309697.7849534,Fist,-0.16196199017576873
1773309697.7859533,Fist,-0.19035924808122218
1773309697.7869532,Fist,-0.22391964378766716
1773309697.7879534,Fist,-0.2600616083946079
1773309697.7889533,Fist,-0.292331219650805
1773309697.7899532,Fist,-0.3233100464567542
1773309697.7909534,Fist,-0.35041651991195977
1773309697.7919533,Fist,-0.3710690711159259
1773309697.7929533,Fist,-0.38526770006865263
1773309697.7939534,Fist,-0.39043083786964417
1773309697.7949533,Fist,-0.3775229933671653
1773309697.7959533,Fist,-0.3568704421631992
1773309697.7969534,Fist,-0.3310547531582415
1773309697.7979534,Fist,-0.30394827970303595
1773309697.7989533,Fist,-0.2820049440488219
1773309697.7999532,Fist,-0.2678063150960952
1773309697.8009534,Fist,-0.26393396174535155
1773309697.8019533,Fist,-0.2678063150960952
1773309697.8029532,Fist,-0.2820049440488219
1773309697.8039534,Fist,-0.3078206330537796
1773309697.8049533,Fist,-0.35170730436220765
1773309697.8059533,Fist,-0.403338682372123
1773309697.8069534,Fist,-0.458842413732782
1773309697.8079534,Fist,-0.5091830072924495
1773309697.8089533,Fist,-0.5517788941506296
1773309697.8099532,Fist,-0.5827577209565789
1773309697.8109534,Fist,-0.6008287032600492
1773309697.8119533,Fist,-0.6008287032600492
1773309697.8209114,Fist,-0.5840485054068267
1773309697.8219113,Fist,-0.5491973252501339
1773309697.8229115,Fist,-0.4911120249889791
1773309697.8239114,Fist,-0.42399123357608914
1773309697.8249114,Fist,-0.35299808881245553
1773309697.8259115,Fist,-0.2820049440488219
1773309697.8269114,Fist,-0.23037356603890657
1773309697.8279114,Fist,-0.18261454137973487
1773309697.8289113,Fist,-0.15034493012353778
1773309697.8299115,Fist,-0.1322739478200674
1773309697.8309114,Fist,-0.13098316336981952
1773309697.8319113,Fist,-0.14647257677279413
1773309697.8329115,Fist,-0.1800329724792391
1773309697.8339114,Fist,-0.22262885933741927
1773309697.8349113,Fist,-0.26264317729510367
1773309697.8359115,Fist,-0.2936220041010529
1773309697.8369114,Fist,-0.31040220195427537
1773309697.8379114,Fist,-0.314274555305019
1773309697.8389113,Fist,-0.30265749525278807
1773309697.8399115,Fist,-0.2742602373473346
1773309697.8409114,Fist,-0.23037356603890657
1773309697.8419113,Fist,-0.17099748132750392
1773309697.8429115,Fist,-0.09225962986238301
1773309697.8439114,Fist,-0.010940209496766329
1773309697.8449113,Fist,0.07037921086885035
1773309697.8459115,Fist,0.14008157118223608
1773309697.8469114,Fist,0.1942945180926472
1773309697.8479114,Fist,0.22785491379909217
1773309697.8489115,Fist,0.240762758301571
1773309697.8499115,Fist,0.2265641293488443
1773309697.8509114,Fist,0.19042216474190354
1773309697.8519113,Fist,0.1220105888787657
1773309697.8529115,Fist,0.0264925395604223
1773309697.8539114,Fist,-0.08580570761114359
1773309697.8549113,Fist,-0.2045578770339489
1773309697.8559115,Fist,-0.3233100464567542
1773309697.8569114,Fist,-0.4343175091780722
1773309697.8579113,Fist,-0.5337079118471593
1773309697.8589115,Fist,-0.6163181166630238
1773309697.8599114,Fist,-0.680857339175418
1773309697.8609114,Fist,-0.7247440104838461
1773309697.8619113,Fist,-0.7402334238868207
1773309697.8629115,Fist,-0.7311979327350855
1773309697.8639114,Fist,-0.7066730281803757
1773309697.8649113,Fist,-0.6692402791231871
1773309697.8659115,Fist,-0.625353607814759
1773309697.8669114,Fist,-0.5788853676058352
1773309697.8679113,Fist,-0.5337079118471593
1773309697.8689115,Fist,-0.48853045608848333
1773309697.8699114,Fist,-0.4510977070312947
1773309697.8709114,Fist,-0.4175373113248497
1773309697.8719115,Fist,-0.4020478979218751
1773309697.8729115,Fist,-0.39946632902137935
1773309697.8739114,Fist,-0.40721103572286665
1773309697.8749113,Fist,-0.4214096646755934
1773309697.8759115,Fist,-0.44077143142931163
1773309697.8769114,Fist,-0.46400555153377354
1773309697.8779113,Fist,-0.48853045608848333
1773309697.8789115,Fist,-0.5104737917426974
1773309697.8799114,Fist,-0.5246724206954241
1773309697.8809114,Fist,-0.5324171273969114
1773309697.8819115,Fist,-0.514346145093441
1773309697.8829114,Fist,-0.47820418048650026
1773309697.8839114,Fist,-0.4291543713770807
1773309697.8849113,Fist,-0.369778286665678
1773309697.8859115,Fist,-0.3065298486035317
1773309697.8869114,Fist,-0.2445721949916333
1773309697.8879113,Fist,-0.18390532582998276
1773309697.8889115,Fist,-0.1335647322703153
1773309697.8899114,Fist,-0.09355041431263089
1773309697.8909113,Fist,-0.07160707865841687
1773309697.8919115,Fist,-0.08322413871064782
1773309697.8929114,Fist,-0.13485551672056317
1773309697.8939114,Fist,-0.1735790502279997
1773309697.8949113,Fist,-0.24069984164088964
1773309697.8959115,Fist,-0.31040220195427537
1773309697.8969114,Fist,-0.3723598555661738
1773309697.8979113,Fist,-0.42399123357608914
1773309697.8989115,Fist,-0.4575516292825341
1773309697.8999114,Fist,-0.47175025823526084
1773309697.9009113,Fist,-0.4614239826332778
1773309697.9019115,Fist,-0.4188280957750976
1773309697.9029114,Fist,-0.35816122661344707
1773309697.9039114,Fist,-0.28716808184981346
1773309697.9049115,Fist,-0.21359336818568408
1773309697.9059114,Fist,-0.15034493012353778
1773309697.9069114,Fist,-0.10000433656387031
1773309697.9079113,Fist,-0.06644394085742533
1773309697.9089115,Fist,-0.053536096354946494
1773309697.9099114,Fist,-0.06257158750668168
1773309697.9109113,Fist,-0.09484119876287878
1773309697.9119115,Fist,-0.15163571457378566
1773309697.9129114,Fist,-0.2200472904369235
1773309697.9139113,Fist,-0.28845886630006135
1773309697.9149115,Fist,-0.35170730436220765
1773309697.9159114,Fist,-0.4188280957750976
1773309697.9169114,Fist,-0.44851613813079894
1773309697.9179113,Fist,-0.48078574938699603
1773309697.9189115,Fist,-0.5040198694914579
1773309697.9199114,Fist,-0.5169277139939368
1773309697.9135897,Fist,-0.5182184984441847
1773309697.9145896,Fist,-0.5014383005909622
1773309697.9155898,Fist,-0.47820418048650026
1773309697.9165897,Fist,-0.45626084483228624
1773309697.9175897,Fist,-0.4420622158795595
1773309697.9185898,Fist,-0.4356082936283201
1773309697.9195898,Fist,-0.44077143142931163
1773309697.9205897,Fist,-0.45626084483228624
1773309697.9215896,Fist,-0.48078574938699603
1773309697.9225898,Fist,-0.5169277139939368
1773309697.9235897,Fist,-0.5685590920038521
1773309697.9245896,Fist,-0.6330983145162463
1773309697.9255898,Fist,-0.7079638126306236
1773309697.9265897,Fist,-0.7789569573942572
1773309697.9275897,Fist,-0.8422053954564035
1773309697.9285898,Fist,-0.8951275579165667
1773309697.9295897,Fist,-0.9312695225235075
1773309697.9305897,Fist,-0.94804972037673
1773309697.9315896,Fist,-0.9467589359264821
1773309697.9325898,Fist,-0.9222340313717723
1773309697.9335897,Fist,-0.8731842222623527
1773309697.9345896,Fist,-0.803481861948967
1773309697.9355898,Fist,-0.7208716571331024
1773309697.9365897,Fist,-0.6318075300659984
1773309697.9375896,Fist,-0.5440341874491423
1773309697.9385898,Fist,-0.46400555153377354
1773309697.9395897,Fist,-0.3943031912203878
1773309697.9405897,Fist,-0.3400902443099767
1773309697.9415898,Fist,-0.3065298486035317
1773309697.9425898,Fist,-0.292331219650805
1773309697.9435897,Fist,-0.3065298486035317
1773309697.9445896,Fist,-0.3413810287602246
1773309697.9455898,Fist,-0.39301240677013993
1773309697.9465897,Fist,-0.4510977070312947
1773309697.9475896,Fist,-0.5066014383919537
1773309697.9485898,Fist,-0.5582328164018691
1773309697.9495897,Fist,-0.6047010566107929
1773309697.9505897,Fist,-0.6408430212177336
1773309697.9515898,Fist,-0.6627863568719476
1773309697.9525898,Fist,-0.670531063573435
1773309697.9535897,Fist,-0.6550416501704603
1773309697.9545896,Fist,-0.615027332212776
1773309697.9555898,Fist,-0.5633959542028606
1773309697.9565897,Fist,-0.5014383005909622
1773309697.9575896,Fist,-0.4356082936283201
1773309697.9585898,Fist,-0.369778286665678
1773309697.9595897,Fist,-0.3065298486035317
1773309697.9605896,Fist,-0.2523169016931206
1773309697.9615898,Fist,-0.21359336818568408
1773309697.9625897,Fist,-0.19423160143196583
1773309697.9635897,Fist,-0.20584866148419678
1773309697.9645898,Fist,-0.23940905719064176
1773309697.9655898,Fist,-0.28974965075030923
1773309697.9665897,Fist,-0.35041651991195977
1773309697.9675896,Fist,-0.4136649579741061
1773309697.9685898,Fist,-0.4769133960362524
1773309697.9695897,Fist,-0.536289480747655
1773309697.9705896,Fist,-0.5866300743073225
1773309697.9715898,Fist,-0.6279351767152548
1773309697.9725897,Fist,-0.6524600812699646
1773309697.9735897,Fist,-0.6498785123694688
1773309697.9745898,Fist,-0.6434245901182294
1773309697.9755898,Fist,-0.6176089011132717
1773309697.9765897,Fist,-0.5801761520560831
1773309697.9775896,Fist,-0.5375802651979029
1773309697.9785898,Fist,-0.48853045608848333
1773309697.9795897,Fist,-0.436899078078568
1773309697.9805896,Fist,-0.38397691561840475
1773309697.9815898,Fist,-0.3336363220587373
1773309697.9825897,Fist,-0.292331219650805
1773309697.9835896,Fist,-0.2678063150960952
1773309697.9845898,Fist,-0.25748003949411213
1773309697.9855897,Fist,-0.2613523928448558
1773309697.9865897,Fist,-0.2755510217975825
1773309697.9875896,Fist,-0.29620357300154865
1773309697.9885898,Fist,-0.3246008309070021
1773309697.9895897,Fist,-0.3542888732627034
1773309697.9905896,Fist,-0.3801045622676611
1773309697.9915898,Fist,-0.39817554457113147
1773309697.9925897,Fist,-0.403338682372123
1773309697.9935896,Fist,-0.3878492689691484
1773309697.9945898,Fist,-0.3659059333149344
1773309697.9955897,Fist,-0.34525338211096823
1773309697.9965897,Fist,-0.32847318425774574
1773309697.9975898,Fist,-0.32718239980749786
1773309697.9985898,Fist,-0.33750867540948093
1773309697.9995897,Fist,-0.36074279551394284
1773309698.0005896,Fist,-0.3955939756706357
1773309698.0015898,Fist,-0.43948064697906375
1773309698.0025897,Fist,-0.49627516278997064
1773309698.0035896,Fist,-0.5646867386531085
1773309698.0045898,Fist,-0.6356798834167421
1773309698.0055897,Fist,-0.6976375370286405
1773309698.0065897,Fist,-0.7453965616878122
1773309698.0075898,Fist,-0.7750846040435135
1773309698.0085897,Fist,-0.7854108796454966
1773309698.0095897,Fist,-0.7776661729440093
1773309698.0105896,Fist,-0.747978130588308
1773309698.0115898,Fist,-0.6976375370286405
1773309698.0125897,Fist,-0.6240628233645111
1773309698.0082734,Fist,-0.525963205145672
1773309698.0092733,Fist,-0.4175373113248497
1773309698.0102735,Fist,-0.3078206330537796
1773309698.0112734,Fist,-0.20713944593444467
1773309698.0122733,Fist,-0.11807531886734068
1773309698.0132735,Fist,-0.05611766525544226
1773309698.0142734,Fist,-0.022557269548997283
1773309698.0152733,Fist,-0.023848053999245167
1773309698.0162733,Fist,-0.06515315640717745
1773309698.0172734,Fist,-0.15034493012353778
1773309698.0182734,Fist,-0.27038788399659097
1773309698.0192733,Fist,-0.40850182017311454
1773309698.0202734,Fist,-0.5491973252501339
1773309698.0212734,Fist,-0.6756942013744265
1773309698.0222733,Fist,-0.7789569573942572
1773309698.0232735,Fist,-0.8486593177076429
1773309698.0242734,Fist,-0.8835104978643358
1773309698.0252733,Fist,-0.8796381445135921
1773309698.0262733,Fist,-0.8331699043046683
1773309698.0272734,Fist,-0.7402334238868207
1773309698.0282733,Fist,-0.6085734099615365
1773309698.0292733,Fist,-0.4510977070312947
1773309698.0302734,Fist,-0.2832957284990698
1773309698.0312734,Fist,-0.13614630117081106
1773309698.0322733,Fist,-0.008358640596270561
1773309698.0332735,Fist,0.0819962709210813
1773309698.0342734,Fist,0.13233686448074877
1773309698.0352733,Fist,0.1452447089832276
1773309698.0362735,Fist,0.12846451113000512
1773309698.0372734,Fist,0.07554234866984189
1773309698.0382733,Fist,0.001967635005712509
1773309698.0392733,Fist,-0.0845149231608957
1773309698.0402734,Fist,-0.1735790502279997
1773309698.0412734,Fist,-0.2600616083946079
1773309698.0422733,Fist,-0.34267181321047246
1773309698.0432734,Fist,-0.4201188802253455
1773309698.0442734,Fist,-0.492402809439227
1773309698.0452733,Fist,-0.5543604630511254
1773309698.0462735,Fist,-0.5969563499093056
1773309698.0472734,Fist,-0.6072826255112886
1773309698.0482733,Fist,-0.5853392898570746
1773309698.0492733,Fist,-0.5337079118471593
1773309698.0502734,Fist,-0.458842413732782
1773309698.0512733,Fist,-0.3710690711159259
1773309698.0522733,Fist,-0.2755510217975825
1773309698.0532734,Fist,-0.18261454137973487
1773309698.0542734,Fist,-0.10387668991461396
1773309698.0552733,Fist,-0.040628251852467656
1773309698.0562735,Fist,-0.0019047183450311422
1773309698.0572734,Fist,0.0058399883564561605
1773309698.0582733,Fist,-0.010940209496766329
1773309698.0592735,Fist,-0.047082174103707075
1773309698.0602734,Fist,-0.10258590546436608
1773309698.0612733,Fist,-0.16841591242700815
1773309698.0622733,Fist,-0.24199062609113753
1773309698.0632734,Fist,-0.31169298640452325
1773309698.0642734,Fist,-0.36848750221543014
1773309698.0652733,Fist,-0.403338682372123
1773309698.0662735,Fist,-0.4136649579741061
1773309698.0672734,Fist,-0.39172162231989205
1773309698.0682733,Fist,-0.35041651991195977
1773309698.0692735,Fist,-0.2987851419020444
1773309698.0702734,Fist,-0.24844454834237695
1773309698.0712733,Fist,-0.20584866148419678
1773309698.0722733,Fist,-0.17486983467824757
1773309698.0732734,Fist,-0.15938042127527297
1773309698.0742733,Fist,-0.16325277462601662
1773309698.0752733,Fist,-0.1877776791807264
1773309698.0762734,Fist,-0.23166435048915446
1773309698.0772734,Fist,-0.30265749525278807
1773309698.0782733,Fist,-0.3801045622676611
1773309698.0792735,Fist,-0.45626084483228624
1773309698.0802734,Fist,-0.5208000673446804
1773309698.0812733,Fist,-0.5646867386531085
1773309698.0822732,Fist,-0.5879208587575704
1773309698.0832734,Fist,-0.591793212108314
1773309698.0842733,Fist,-0.5801761520560831
1773309698.0852733,Fist,-0.5569420319516212
1773309698.0862734,Fist,-0.5220908517949283
1773309698.0872734,Fist,-0.4756226115860045
1773309698.0882733,Fist,-0.43044515582732856
1773309698.0892735,Fist,-0.39043083786964417
1773309698.0902734,Fist,-0.3620335799641907
1773309698.0912733,Fist,-0.35041651991195977
1773309698.0922735,Fist,-0.3542888732627034
1773309698.0932734,Fist,-0.37494142446666956
1773309698.0942733,Fist,-0.41624652687460184
1773309698.0952733,Fist,-0.4743318271357566
1773309698.0962734,Fist,-0.5556512475013733
1773309698.0972733,Fist,-0.6408430212177336
1773309698.0982733,Fist,-0.726034794934094
1773309698.0992734,Fist,-0.8009002930484712
1773309698.1002734,Fist,-0.8576948088593781
1773309698.1012733,Fist,-0.8977091268170625
1773309698.1022735,Fist,-0.9222340313717723
1773309698.1032734,Fist,-0.9390142292249948
1773309698.1042733,Fist,-0.9493405048269778
1773309698.1052732,Fist,-0.9467589359264821
1773309698.1062734,Fist,-0.9273971691727638
1773309698.1072733,Fist,-0.8848012823145837
1773309698.1167881,Fist,-0.8280067665036768
1773309698.117788,Fist,-0.7621767595410347
1773309698.1187882,Fist,-0.6898928303271532
1773309698.1197882,Fist,-0.615027332212776
1773309698.120788,Fist,-0.5401618340983987
1773309698.1217883,Fist,-0.4665871204342693
1773309698.1227882,Fist,-0.403338682372123
1773309698.123788,Fist,-0.35041651991195977
1773309698.124788,Fist,-0.3078206330537796
1773309698.1257882,Fist,-0.3181469086557627
1773309698.1267881,Fist,-0.34267181321047246
1773309698.127788,Fist,-0.3943031912203878
1773309698.1287882,Fist,-0.47175025823526084
1773309698.1297882,Fist,-0.5672683075536042
1773309698.130788,Fist,-0.6769849858246744
1773309698.1317883,Fist,-0.7854108796454966
1773309698.1327882,Fist,-0.8835104978643358
1773309698.133788,Fist,-0.9596667804289609
1773309698.134788,Fist,-0.9983903139363974
1773309698.1357882,Fist,-0.9945179605856538
1773309698.1367881,Fist,-0.958375995978713
1773309698.137788,Fist,-0.892545989016071
1773309698.1387882,Fist,-0.8060634308494627
1773309698.1397882,Fist,-0.7092545970808715
1773309698.140788,Fist,-0.6137365477625281
1773309698.1417882,Fist,-0.5272539895959198
1773309698.1427882,Fist,-0.45626084483228624
1773309698.143788,Fist,-0.3943031912203878
1773309698.1447883,Fist,-0.3801045622676611
1773309698.1457882,Fist,-0.3788137778174132
1773309698.1467881,Fist,-0.3968847601208836
1773309698.147788,Fist,-0.42399123357608914
1773309698.1487882,Fist,-0.4614239826332778
1773309698.1497881,Fist,-0.5053106539417058
1773309698.150788,Fist,-0.5517788941506296
1773309698.1517882,Fist,-0.5956655654590577
1773309698.1527882,Fist,-0.6292259611655027
1773309698.153788,Fist,-0.6537508657202125
1773309698.1547883,Fist,-0.6563324346207082
1773309698.1557882,Fist,-0.6460061590187252
1773309698.156788,Fist,-0.6266443922650069
1773309698.157788,Fist,-0.6072826255112886
1773309698.1587882,Fist,-0.5905024276580662
1773309698.1597881,Fist,-0.5788853676058352
1773309698.160788,Fist,-0.5724314453545958
1773309698.1617882,Fist,-0.5724314453545958
1773309698.1627882,Fist,-0.5801761520560831
1773309698.163788,Fist,-0.5982471343595535
1773309698.1647882,Fist,-0.6395522367674857
1773309698.1657882,Fist,-0.6950559681281447
1773309698.166788,Fist,-0.7492689150385559
1773309698.1677883,Fist,-0.8280067665036768
1773309698.1687882,Fist,-0.8989999112673104
1773309698.1697881,Fist,-0.9609575648792088
1773309698.170788,Fist,-1.013879727339372
1773309698.1717882,Fist,-1.0526032608468086
1773309698.1727881,Fist,-1.0719650276005268
1773309698.173788,Fist,-1.0719650276005268
1773309698.1747882,Fist,-1.0422769852448255
1773309698.1757882,Fist,-0.9854824694339186
1773309698.176788,Fist,-0.9119077557697892
1773309698.1777883,Fist,-0.8280067665036768
1773309698.1787882,Fist,-0.7453965616878122
1773309698.179788,Fist,-0.6692402791231871
1773309698.180788,Fist,-0.6047010566107929
1773309698.1817882,Fist,-0.547906540799886
1773309698.1827881,Fist,-0.4975659472402185
1773309698.183788,Fist,-0.4510977070312947
1773309698.1847882,Fist,-0.4123741735238582
1773309698.1857882,Fist,-0.36719671776518226
1773309698.186788,Fist,-0.31943769310601056
1773309698.1877882,Fist,-0.26264317729510367
1773309698.1887882,Fist,-0.19939473923295736
1773309698.189788,Fist,-0.13743708562105894
1773309698.190788,Fist,-0.08064256981015205
1773309698.1917882,Fist,-0.029011191800236702
1773309698.1927881,Fist,0.01616626395843923
1773309698.193788,Fist,0.05618058191612363
1773309698.1947882,Fist,0.09232254652306437
1773309698.1957881,Fist,0.11039352882653475
1773309698.196788,Fist,0.10910274437628686
1773309698.1977882,Fist,0.08586862427182496
1773309698.1987882,Fist,0.04069116851314902
1773309698.199788,Fist,-0.016103347297757864
1773309698.2007883,Fist,-0.07935178535990417
1773309698.2017882,Fist,-0.1400186545215547
1773309698.202788,Fist,-0.19165003253147006
1773309698.203788,Fist,-0.23424591938965023
1773309698.2047882,Fist,-0.2678063150960952
1773309698.2057881,Fist,-0.2845865129493177
1773309698.206788,Fist,-0.2832957284990698
1773309698.2077882,Fist,-0.2665155306458473
1773309698.2087882,Fist,-0.23295513493940234
1773309698.209788,Fist,-0.19939473923295736
1773309698.2107882,Fist,-0.1722882657777518
1773309698.2117882,Fist,-0.15421728347428143
1773309698.212788,Fist,-0.15163571457378566
1773309698.213788,Fist,-0.15550806792452931
1773309698.2147882,Fist,-0.1645435590762645
1773309698.2157881,Fist,-0.181323756929487
1773309698.2107654,Fist,-0.20584866148419678
1773309698.2117653,Fist,-0.2355367038398981
1773309698.2127655,Fist,-0.2690970995463431
1773309698.2137654,Fist,-0.30394827970303595
1773309698.2147653,Fist,-0.33750867540948093
1773309698.2157655,Fist,-0.36848750221543014
1773309698.2167654,Fist,-0.3968847601208836
1773309698.2177653,Fist,-0.4343175091780722
1773309698.2187653,Fist,-0.47820418048650026
1773309698.2197654,Fist,-0.5208000673446804
1773309698.2207654,Fist,-0.5582328164018691
1773309698.2217653,Fist,-0.5840485054068267
1773309698.2227654,Fist,-0.5956655654590577
1773309698.2237654,Fist,-0.5969563499093056
1773309698.2247653,Fist,-0.5866300743073225
1773309698.2257655,Fist,-0.5621051697526127
1773309698.2267654,Fist,-0.5220908517949283
1773309698.2277653,Fist,-0.4523884914815426
1773309698.2287652,Fist,-0.35945201106369495
1773309698.2297654,Fist,-0.24715376389212906
1773309698.2307653,Fist,-0.12065688776783645
1773309698.2317653,Fist,0.01229391060769558
1773309698.2327654,Fist,0.1465354934334755
1773309698.2337654,Fist,0.2730323695577681
1773309698.2347653,Fist,0.3840398322790861
1773309698.2357655,Fist,0.4731039593461901
1773309698.2367654,Fist,0.5363523974083364
1773309698.2377653,Fist,0.5608773019630462
1773309698.2387655,Fist,0.5492602419108152
1773309698.2397654,Fist,0.5040827861521393
1773309698.2407653,Fist,0.4343804258387536
1773309698.2417653,Fist,0.3453162987716496
1773309698.2427654,Fist,0.24463511165231466
1773309698.2437654,Fist,0.13362764893099666
1773309698.2447653,Fist,0.021329401759430766
1773309698.2457654,Fist,-0.08967806096188724
1773309698.2467654,Fist,-0.19035924808122218
1773309698.2477653,Fist,-0.2690970995463431
1773309698.2487655,Fist,-0.3246008309070021
1773309698.2497654,Fist,-0.35816122661344707
1773309698.2507653,Fist,-0.3710690711159259
1773309698.2517653,Fist,-0.3736506400164217
1773309698.2527654,Fist,-0.36848750221543014
1773309698.2537653,Fist,-0.3620335799641907
1773309698.2547653,Fist,-0.3555796577129513
1773309698.2557654,Fist,-0.35041651991195977
1773309698.2567654,Fist,-0.35170730436220765
1773309698.2577653,Fist,-0.3633243644144386
1773309698.2587655,Fist,-0.3801045622676611
1773309698.2597654,Fist,-0.3955939756706357
1773309698.2607653,Fist,-0.403338682372123
1773309698.2617655,Fist,-0.3955939756706357
1773309698.2627654,Fist,-0.36848750221543014
1773309698.2637653,Fist,-0.3220192620065063
1773309698.2647653,Fist,-0.25748003949411213
1773309698.2657654,Fist,-0.18519611028023064
1773309698.2667654,Fist,-0.10774904326535761
1773309698.2677653,Fist,-0.026429622899740934
1773309698.2687654,Fist,0.048435875214636326
1773309698.2697654,Fist,0.10910274437628686
1773309698.2707653,Fist,0.15815255348570645
1773309698.2717655,Fist,0.19816687144339085
1773309698.2727654,Fist,0.22914569824934006
1773309698.2737653,Fist,0.25237981835380197
1773309698.2747653,Fist,0.26786923175677657
1773309698.2757654,Fist,0.274323154008016
1773309698.2767653,Fist,0.26270609395578504
1773309698.2777653,Fist,0.23043648269958794
1773309698.2787654,Fist,0.1775143202394247
1773309698.2797654,Fist,0.11297509772703052
1773309698.2807653,Fist,0.04327273741364479
1773309698.2817655,Fist,-0.019975700648501515
1773309698.2827654,Fist,-0.06773472530767322
1773309698.2837653,Fist,-0.09484119876287878
1773309698.2847652,Fist,-0.09871355211362243
1773309698.2857654,Fist,-0.07935178535990417
1773309698.2867653,Fist,-0.03546511405147612
1773309698.2877653,Fist,0.02907410846091807
1773309698.2887654,Fist,0.10910274437628686
1773309698.2897654,Fist,0.1865498113911599
1773309698.2907653,Fist,0.24850746500305831
1773309698.2917655,Fist,0.2911033518612385
1773309698.2927654,Fist,0.30917433416470885
1773309698.2937653,Fist,0.3053019808139652
1773309698.2947655,Fist,0.2820678607095033
1773309698.2957654,Fist,0.24334432720206678
1773309698.2967653,Fist,0.18913138029165566
1773309698.2977653,Fist,0.12717372667975724
1773309698.2987654,Fist,0.0665068575181067
1773309698.2997653,Fist,0.017457048408687115
1773309698.3007653,Fist,-0.01481256284750998
1773309698.3017654,Fist,-0.029011191800236702
1773309698.3027654,Fist,-0.027720407349988818
1773309698.3037653,Fist,-0.012230993947014213
1773309698.3047655,Fist,0.014875479508191347
1773309698.3057654,Fist,0.05101744411513209
1773309698.3067653,Fist,0.074251564219594
1773309698.3077652,Fist,0.15040784678421915
1773309698.3087654,Fist,0.21494706929661334
1773309698.3097653,Fist,0.2820678607095033
1773309698.321369,Fist,0.34918865212239325
1773309698.3223689,Fist,0.4176002279855311
1773309698.323369,Fist,0.48472101939842105
1773309698.324369,Fist,0.5466786730103195
1773309698.325369,Fist,0.6008916199207306
1773309698.326369,Fist,0.6421967223286629
1773309698.327369,Fist,0.6563953512813896
1773309698.328369,Fist,0.6486506445799023
1773309698.3293688,Fist,0.6228349555749446
1773309698.330369,Fist,0.5815298531670123
1773309698.331369,Fist,0.5273169062566012
1773309698.3323689,Fist,0.4589053303934634
1773309698.333369,Fist,0.3866214011795819
1773309698.334369,Fist,0.3130466875154525
1773309698.3353689,Fist,0.24721668055281043
1773309698.336369,Fist,0.19558530254289508
1773309698.337369,Fist,0.17364196688868105
1773309698.338369,Fist,0.17622353578917682
1773309698.3393688,Fist,0.2097839314956218
1773309698.340369,Fist,0.2652876628562808
1773309698.341369,Fist,0.3388623765204102
1773309698.3423688,Fist,0.4317988569382578
1773309698.343369,Fist,0.5311892596073449
1773309698.344369,Fist,0.6331612311769277
1773309698.3453689,Fist,0.7248069271445274
1773309698.346369,Fist,0.7983816408086568
1773309698.347369,Fist,0.8435590965673327
1773309698.348369,Fist,0.8655024322215468
1773309698.349369,Fist,0.8655024322215468
1773309698.350369,Fist,0.8500130188185722
1773309698.351369,Fist,0.819034192012623
1773309698.3523688,Fist,0.773856736253947
1773309698.353369,Fist,0.7209345737937838
1773309698.354369,Fist,0.6680124113336205
1773309698.3553689,Fist,0.6267073089256883
1773309698.356369,Fist,0.6060547577217221
1773309698.357369,Fist,0.6215441711246967
1773309698.3583689,Fist,0.662849273532629
1773309698.359369,Fist,0.7235161426942796
1773309698.360369,Fist,0.7932185030076653
1773309698.361369,Fist,0.8655024322215468
1773309698.3623688,Fist,0.9326232236344367
1773309698.363369,Fist,0.9868361705448478
1773309698.364369,Fist,1.0281412729527801
1773309698.3653688,Fist,1.05266617750749
1773309698.366369,Fist,1.0591200997587293
1773309698.367369,Fist,1.041049117455259
1773309698.3683689,Fist,1.0100702906493098
1773309698.369369,Fist,0.973928326042369
1773309698.370369,Fist,0.9352047925349325
1773309698.371369,Fist,0.896481259027496
1773309698.372369,Fist,0.8616300788708031
1773309698.373369,Fist,0.829360467614606
1773309698.374369,Fist,0.8009632097091526
1773309698.3753688,Fist,0.7803106585051864
1773309698.376369,Fist,0.7699843829032034
1773309698.377369,Fist,0.7764383051544428
1773309698.3783689,Fist,0.7906369341071695
1773309698.379369,Fist,0.8087079164106399
1773309698.380369,Fist,0.8164526231121272
1773309698.3813689,Fist,0.8125802697613835
1773309698.382369,Fist,0.7970908563584089
1773309698.383369,Fist,0.7751475207041949
1773309698.384369,Fist,0.751913400599733
1773309698.3853688,Fist,0.7312608493957669
1773309698.386369,Fist,0.7118990826420486
1773309698.387369,Fist,0.6912465314380825
1773309698.3883688,Fist,0.6731755491346121
1773309698.389369,Fist,0.662849273532629
1773309698.390369,Fist,0.6615584890823811
1773309698.3913689,Fist,0.6718847646843642
1773309698.392369,Fist,0.696409669239074
1773309698.393369,Fist,0.729970064945519
1773309698.394369,Fist,0.7725659518036991
1773309698.3953688,Fist,0.819034192012623
1773309698.396369,Fist,0.874537923373282
1773309698.397369,Fist,0.9326232236344367
1773309698.3983688,Fist,0.9855453860946
1773309698.399369,Fist,1.0320136263035238
1773309698.400369,Fist,1.0707371598109603
1773309698.4013689,Fist,1.1042975555174053
1773309698.402369,Fist,1.1339855978731066
1773309698.403369,Fist,1.1559289335273206
1773309698.4043689,Fist,1.1675459935795516
1773309698.405369,Fist,1.1662552091293037
1773309698.406369,Fist,1.1378579512238503
1773309698.407369,Fist,1.086226573213935
1773309698.4083688,Fist,1.019105781801045
1773309698.409369,Fist,0.9455310681369156
1773309698.410369,Fist,0.8732471389230341
1773309698.4113688,Fist,0.807417131960392
1773309698.412369,Fist,0.7557857539504766
1773309698.413369,Fist,0.7196437893435359
1773309698.4143689,Fist,0.7002820225898176
1773309698.415369,Fist,0.6989912381395698
1773309698.416369,Fist,0.7286792804952711
1773309698.417369,Fist,0.7816014429554343
1773309698.4183688,Fist,0.8551761566195637
1773309698.419369,Fist,0.9416587147861719
1773309698.420369,Fist,1.039758333005011
1773309698.413837,Fist,1.1430210890248418
1773309698.414837,Fist,1.2449930605944246
1773309698.415837,Fist,1.3340571876615286
1773309698.416837,Fist,1.3985964101739228
1773309698.417837,Fist,1.4308660214301199
1773309698.418837,Fist,1.4231213147286326
1773309698.419837,Fist,1.384397781221196
1773309698.420837,Fist,1.3250216965097934
1773309698.4218369,Fist,1.2579009050969034
1773309698.422837,Fist,1.1985248203855008
1773309698.423837,Fist,1.1559289335273206
1773309698.4248369,Fist,1.1365671667736024
1773309698.425837,Fist,1.1443118734750897
1773309698.426837,Fist,1.1778722691815346
1773309698.427837,Fist,1.2372483538929373
1773309698.428837,Fist,1.3237309120595455
1773309698.429837,Fist,1.4218305302783847
1773309698.430837,Fist,1.5238025018479675
1773309698.4318368,Fist,1.6141574133653194
1773309698.432837,Fist,1.685150558128953
1773309698.433837,Fist,1.730328013887629
1773309698.4348369,Fist,1.7483989961910993
1773309698.435837,Fist,1.739363505039364
1773309698.436837,Fist,1.707093893783167
1773309698.437837,Fist,1.651590162422508
1773309698.438837,Fist,1.574143095407635
1773309698.439837,Fist,1.4902421061415225
1773309698.440837,Fist,1.4050503324251622
1773309698.441837,Fist,1.36374523001723
1773309698.442837,Fist,1.3056599297560751
1773309698.443837,Fist,1.29662443860434
1773309698.4448369,Fist,1.3159862053580582
1773309698.445837,Fist,1.362454445566982
1773309698.446837,Fist,1.4321568058803678
1773309698.4478369,Fist,1.517348579596728
1773309698.448837,Fist,1.6219021200668067
1773309698.449837,Fist,1.7251648760866374
1773309698.450837,Fist,1.8168105720542371
1773309698.451837,Fist,1.8890945012681186
1773309698.452837,Fist,1.9316903881262988
1773309698.453837,Fist,1.9458890170790255
1773309698.4548368,Fist,1.9329811725765467
1773309698.455837,Fist,1.9007115613203496
1773309698.456837,Fist,1.8594064589124173
1773309698.4578369,Fist,1.8116474342532456
1773309698.458837,Fist,1.7613068406935781
1773309698.459837,Fist,1.7161293849349022
1773309698.460837,Fist,1.6761150669772178
1773309698.461837,Fist,1.6438454557210207
1773309698.462837,Fist,1.6167389822658151
1773309698.463837,Fist,1.5935048621613532
1773309698.464837,Fist,1.5754338798578829
1773309698.465837,Fist,1.5663983887061477
1773309698.466837,Fist,1.5663983887061477
1773309698.4678369,Fist,1.585760155459866
1773309698.468837,Fist,1.6244836889673024
1773309698.469837,Fist,1.6683703602757305
1773309698.4708369,Fist,1.7148386004846543
1773309698.471837,Fist,1.7600160562433302
1773309698.472837,Fist,1.794867236400023
1773309698.473837,Fist,1.8206829254049808
1773309698.474837,Fist,1.8310092010069638
1773309698.475837,Fist,1.8245552787557244
1773309698.476837,Fist,1.8013211586512625
1773309698.4778368,Fist,1.7587252717930824
1773309698.478837,Fist,1.7058031093329191
1773309698.479837,Fist,1.6528809468727559
1773309698.4808369,Fist,1.6051219222135842
1773309698.481837,Fist,1.5689799576066434
1773309698.482837,Fist,1.5444550530519336
1773309698.483837,Fist,1.5328379929997027
1773309698.484837,Fist,1.5341287774499506
1773309698.485837,Fist,1.5483274064026773
1773309698.486837,Fist,1.5715615265071392
1773309698.4878368,Fist,1.6167389822658151
1773309698.488837,Fist,1.673533498076722
1773309698.489837,Fist,1.7354911516886204
1773309698.4908369,Fist,1.7935764519497752
1773309698.491837,Fist,1.85166175221093
1773309698.492837,Fist,1.905874699121341
1773309698.4938369,Fist,1.9536337237805128
1773309698.494837,Fist,1.9910664728377014
1773309698.495837,Fist,2.0155913773924112
1773309698.496837,Fist,2.0246268685441464
1773309698.497837,Fist,2.0013927484396845
1773309698.498837,Fist,1.9497613704297692
1773309698.499837,Fist,1.8710235189646482
1773309698.5008368,Fist,1.7703423318453133
1773309698.501837,Fist,1.6528809468727559
1773309698.502837,Fist,1.528965639648959
1773309698.5038369,Fist,1.4024687635246664
1773309698.504837,Fist,1.285007378552109
1773309698.505837,Fist,1.1881985447835177
1773309698.506837,Fist,1.1210777533706278
1773309698.507837,Fist,1.096552848815918
1773309698.508837,Fist,1.1094606933183968
1773309698.509837,Fist,1.150765795726329
1773309698.5108368,Fist,1.2153050182387233
1773309698.511837,Fist,1.29662443860434
1773309698.512837,Fist,1.3882701345719397
1773309698.5089593,Fist,1.4889513216912746
1773309698.5099592,Fist,1.5922140777111053
1773309698.5109594,Fist,1.6903136959299445
1773309698.5119593,Fist,1.772923900745809
1773309698.5129592,Fist,1.828427632106468
1773309698.5139594,Fist,1.8594064589124173
1773309698.5149593,Fist,1.8671511656139046
1773309698.5159593,Fist,1.8568248900119215
1773309698.5169592,Fist,1.8322999854572117
1773309698.5179594,Fist,1.7974488053005189
1773309698.5189593,Fist,1.7587252717930824
1773309698.5199592,Fist,1.71742016938515
1773309698.5209594,Fist,1.6786966358777136
1773309698.5219593,Fist,1.6477178090717643
1773309698.5229592,Fist,1.629646826768294
1773309698.5239594,Fist,1.6206113356165588
1773309698.5249593,Fist,1.6141574133653194
1773309698.5259593,Fist,1.6089942755643278
1773309698.5269592,Fist,1.5999587844125926
1773309698.5279593,Fist,1.5883417243603617
1773309698.5289593,Fist,1.5689799576066434
1773309698.5299592,Fist,1.54058269970119
1773309698.5309594,Fist,1.5018591661937535
1773309698.5319593,Fist,1.4502277881838381
1773309698.5329592,Fist,1.3766530745197088
1773309698.5339594,Fist,1.2927520852535963
1773309698.5349593,Fist,1.2088510959874839
1773309698.5359592,Fist,1.1326948134228587
1773309698.5369594,Fist,1.0707371598109603
1773309698.5379593,Fist,1.0268504885025322
1773309698.5389593,Fist,1.006197937298566
1773309698.5399592,Fist,1.0087795061990619
1773309698.5409594,Fist,1.0358859796542674
1773309698.5419593,Fist,1.084935788763687
1773309698.5429592,Fist,1.1533473646268249
1773309698.5439594,Fist,1.22950364719145
1773309698.5449593,Fist,1.306950714206323
1773309698.5459592,Fist,1.3779438589699566
1773309698.5469594,Fist,1.439901512581855
1773309698.5479593,Fist,1.4928236750420183
1773309698.5489593,Fist,1.5328379929997027
1773309698.5499592,Fist,1.5586536820046604
1773309698.5509593,Fist,1.563816819805652
1773309698.5519593,Fist,1.5444550530519336
1773309698.5529592,Fist,1.4889513216912746
1773309698.5539594,Fist,1.4089226857759058
1773309698.5549593,Fist,1.3159862053580582
1773309698.5559592,Fist,1.2088510959874839
1773309698.5569594,Fist,1.1030067710671574
1773309698.5579593,Fist,1.007488721748814
1773309698.5589592,Fist,0.9274600858334452
1773309698.5599594,Fist,0.8719563544727862
1773309698.5609593,Fist,0.8422683121170849
1773309698.5619593,Fist,0.8474314499180764
1773309698.5629592,Fist,0.8938996901270002
1773309698.5639594,Fist,0.9674744037911296
1773309698.5649593,Fist,1.061701668659225
1773309698.5659592,Fist,1.1688367780297995
1773309698.5669594,Fist,1.273390318499878
1773309698.5679593,Fist,1.372780721168965
1773309698.5689592,Fist,1.4592632793355733
1773309698.5699594,Fist,1.5250932862982154
1773309698.5709593,Fist,1.5676891731563956
1773309698.5719593,Fist,1.574143095407635
1773309698.5729592,Fist,1.550908975303173
1773309698.5739594,Fist,1.5044407350942492
1773309698.5749593,Fist,1.4437738659325987
1773309698.5759592,Fist,1.3792346434202045
1773309698.5769594,Fist,1.317276989808306
1773309698.5779593,Fist,1.2643548273481429
1773309698.5789592,Fist,1.2230497249402106
1773309698.5799594,Fist,1.1985248203855008
1773309698.5809593,Fist,1.1933616825845093
1773309698.5819592,Fist,1.217886587139219
1773309698.5829592,Fist,1.2604824739973992
1773309698.5839593,Fist,1.318567774258554
1773309698.5849593,Fist,1.3805254278704524
1773309698.5859592,Fist,1.441192297032103
1773309698.5869594,Fist,1.496696028392762
1773309698.5879593,Fist,1.5457458375021815
1773309698.5889592,Fist,1.585760155459866
1773309698.5899594,Fist,1.6128666289150715
1773309698.5909593,Fist,1.6257744734175503
1773309698.5919592,Fist,1.6167389822658151
1773309698.5929594,Fist,1.5909232932608575
1773309698.5939593,Fist,1.552199759753421
1773309698.5949593,Fist,1.508313088444993
1773309698.5959592,Fist,1.4657172015868127
1773309698.5969594,Fist,1.4269936680793762
1773309698.5979593,Fist,1.396014841273427
1773309698.5989592,Fist,1.3753622900694609
1773309698.5999594,Fist,1.3650360144674778
1773309698.6009593,Fist,1.3650360144674778
1773309698.6019592,Fist,1.3779438589699566
1773309698.6029594,Fist,1.3998871946241707
1773309698.6039593,Fist,1.4269936680793762
1773309698.6049592,Fist,1.4541001415345818
1773309698.6059592,Fist,1.4799158305395395
1773309698.6069593,Fist,1.507022303994745
1773309698.6079593,Fist,1.5328379929997027
1773309698.618773,Fist,1.5573628975544125
1773309698.619773,Fist,1.5793062332086265
1773309698.620773,Fist,1.5883417243603617
1773309698.621773,Fist,1.5780154487583786
1773309698.622773,Fist,1.5560721131041646
1773309698.623773,Fist,1.5212209329474717
1773309698.624773,Fist,1.483788183890283
1773309698.625773,Fist,1.4424830814823508
1773309698.6267729,Fist,1.4037595479749143
1773309698.627773,Fist,1.3676175833679736
1773309698.628773,Fist,1.340511109912768
1773309698.629773,Fist,1.3198585587088019
1773309698.630773,Fist,1.3108230675570667
1773309698.631773,Fist,1.3134046364575624
1773309698.632773,Fist,1.3250216965097934
1773309698.633773,Fist,1.3353479721117765
1773309698.634773,Fist,1.340511109912768
1773309698.635773,Fist,1.3392203254625201
1773309698.6367729,Fist,1.3263124809600413
1773309698.637773,Fist,1.3030783608555794
1773309698.638773,Fist,1.2695179651491344
1773309698.639773,Fist,1.2217589404899627
1773309698.640773,Fist,1.1572197179775685
1773309698.641773,Fist,1.0720279442612082
1773309698.642773,Fist,0.9765098949428648
1773309698.643773,Fist,0.8797010611742735
1773309698.644773,Fist,0.7841830118559301
1773309698.645773,Fist,0.6938281003385782
1773309698.646773,Fist,0.6099271110724658
1773309698.647773,Fist,0.5376431818585843
1773309698.648773,Fist,0.47697631269693375
1773309698.649773,Fist,0.43825277918949723
1773309698.650773,Fist,0.4240541502367705
1773309698.651773,Fist,0.44341591699048877
1773309698.652773,Fist,0.4885933727491647
1773309698.653773,Fist,0.5531325952615589
1773309698.654773,Fist,0.6254165244754404
1773309698.655773,Fist,0.6925373158883303
1773309698.656773,Fist,0.7570765384007245
1773309698.657773,Fist,0.8061263475101441
1773309698.658773,Fist,0.8280696831643581
1773309698.6597729,Fist,0.8203249764628708
1773309698.660773,Fist,0.7699843829032034
1773309698.661773,Fist,0.6770479024853557
1773309698.662773,Fist,0.5544233797118068
1773309698.663773,Fist,0.4163094435352832
1773309698.664773,Fist,0.27690472290851176
1773309698.665773,Fist,0.15040784678421915
1773309698.666773,Fist,0.04972665966488421
1773309698.667773,Fist,-0.019975700648501515
1773309698.668773,Fist,-0.053536096354946494
1773309698.669773,Fist,-0.05999001860618591
1773309698.670773,Fist,-0.03417432960122824
1773309698.671773,Fist,0.013584695057943463
1773309698.672773,Fist,0.06521607306785882
1773309698.673773,Fist,0.11555666662752628
1773309698.674773,Fist,0.1529894156847149
1773309698.675773,Fist,0.18267745804041624
1773309698.676773,Fist,0.2007484403438866
1773309698.677773,Fist,0.20462079369463027
1773309698.678773,Fist,0.19687608699314296
1773309698.679773,Fist,0.1710603979881853
1773309698.680773,Fist,0.12330137332901359
1773309698.681773,Fist,0.06392528861761093
1773309698.6827729,Fist,0.004549203906208277
1773309698.683773,Fist,-0.050954527454450727
1773309698.684773,Fist,-0.09355041431263089
1773309698.685773,Fist,-0.125820025568828
1773309698.686773,Fist,-0.147763361223042
1773309698.687773,Fist,-0.15550806792452931
1773309698.688773,Fist,-0.15292649902403355
1773309698.689773,Fist,-0.13872787007130682
1773309698.690773,Fist,-0.10000433656387031
1773309698.691773,Fist,-0.04579138965345919
1773309698.6927729,Fist,0.01616626395843923
1773309698.693773,Fist,0.08070548647083342
1773309698.694773,Fist,0.14137235563248396
1773309698.695773,Fist,0.19042216474190354
1773309698.696773,Fist,0.2252733448985964
1773309698.697773,Fist,0.23818118940107524
1773309698.698773,Fist,0.2265641293488443
1773309698.699773,Fist,0.18913138029165566
1773309698.700773,Fist,0.11555666662752628
1773309698.701773,Fist,0.018747832858935
1773309698.702773,Fist,-0.09225962986238301
1773309698.703773,Fist,-0.21101179928518832
1773309698.704773,Fist,-0.32718239980749786
1773309698.7057729,Fist,-0.43302672472782433
1773309698.706773,Fist,-0.5220908517949283
1773309698.707773,Fist,-0.5905024276580662
1773309698.708773,Fist,-0.6356798834167421
1773309698.709773,Fist,-0.6550416501704603
1773309698.710773,Fist,-0.6395522367674857
1773309698.711773,Fist,-0.6021194877102971
1773309698.712773,Fist,-0.5543604630511254
1773309698.713773,Fist,-0.4988567316904664
1773309698.714773,Fist,-0.44851613813079894
1773309698.7157729,Fist,-0.40721103572286665
1773309698.716773,Fist,-0.3775229933671653
1773309698.717773,Fist,-0.3646151488646865
1773309698.712065,Fist,-0.3710690711159259
1773309698.713065,Fist,-0.39817554457113147
1773309698.714065,Fist,-0.45497006038203835
1773309698.715065,Fist,-0.5298355584964156
1773309698.716065,Fist,-0.615027332212776
1773309698.717065,Fist,-0.7079638126306236
1773309698.718065,Fist,-0.7957371552474797
1773309698.719065,Fist,-0.8757657911628485
1773309698.7200649,Fist,-0.9415957981254905
1773309698.721065,Fist,-0.991936391685158
1773309698.722065,Fist,-1.0190428651403636
1773309698.723065,Fist,-1.0203336495906115
1773309698.724065,Fist,-0.9880640383344144
1773309698.725065,Fist,-0.9325603069737554
1773309698.726065,Fist,-0.8654395155608654
1773309698.727065,Fist,-0.7944463707972318
1773309698.728065,Fist,-0.7299071482848376
1773309698.729065,Fist,-0.6744034169241786
1773309698.7300649,Fist,-0.6356798834167421
1773309698.731065,Fist,-0.615027332212776
1773309698.732065,Fist,-0.6124457633122802
1773309698.733065,Fist,-0.6356798834167421
1773309698.734065,Fist,-0.6834389080759138
1773309698.735065,Fist,-0.7441057772375643
1773309698.736065,Fist,-0.8163897064514458
1773309698.737065,Fist,-0.8938367734663188
1773309698.738065,Fist,-0.9738654093816876
1773309698.739065,Fist,-1.0538940452970564
1773309698.740065,Fist,-1.1235964056104422
1773309698.741065,Fist,-1.1778093525208533
1773309698.742065,Fist,-1.2126605326775461
1773309698.7430649,Fist,-1.2191144549287856
1773309698.744065,Fist,-1.1958803348243237
1773309698.745065,Fist,-1.1494120946153998
1773309698.746065,Fist,-1.0861636565532535
1773309698.747065,Fist,-1.013879727339372
1773309698.748065,Fist,-0.9415957981254905
1773309698.749065,Fist,-0.8770565756130964
1773309698.750065,Fist,-0.8280067665036768
1773309698.751065,Fist,-0.7983187241479754
1773309698.752065,Fist,-0.7944463707972318
1773309698.7530649,Fist,-0.8241344131529331
1773309698.754065,Fist,-0.8860920667648315
1773309698.755065,Fist,-0.9687022715806961
1773309698.756065,Fist,-1.0668018897995353
1773309698.757065,Fist,-1.1713554302696139
1773309698.758065,Fist,-1.2759089707396924
1773309698.759065,Fist,-1.3740085889585316
1773309698.760065,Fist,-1.4643635004758835
1773309698.761065,Fist,-1.5431013519410044
1773309698.762065,Fist,-1.6076405744533986
1773309698.763065,Fist,-1.6437825390603393
1773309698.764065,Fist,-1.659271952463314
1773309698.765065,Fist,-1.659271952463314
1773309698.766065,Fist,-1.6450733235105872
1773309698.767065,Fist,-1.624420772306621
1773309698.768065,Fist,-1.5998958677519113
1773309698.769065,Fist,-1.568917040945962
1773309698.770065,Fist,-1.5314842918887734
1773309698.771065,Fist,-1.4875976205803454
1773309698.772065,Fist,-1.4437109492719173
1773309698.773065,Fist,-1.4101505535654724
1773309698.774065,Fist,-1.381753295660019
1773309698.775065,Fist,-1.3611007444560528
1773309698.7760649,Fist,-1.346902115503326
1773309698.777065,Fist,-1.3404481932520866
1773309698.778065,Fist,-1.3430297621525824
1773309698.779065,Fist,-1.3520652533043176
1773309698.780065,Fist,-1.3636823133565485
1773309698.781065,Fist,-1.3714270200580359
1773309698.782065,Fist,-1.3778809423092753
1773309698.783065,Fist,-1.3533560377545655
1773309698.784065,Fist,-1.3185048575978726
1773309698.785065,Fist,-1.2771997551899403
1773309698.7860649,Fist,-1.2333130838815123
1773309698.787065,Fist,-1.1907171970233321
1773309698.788065,Fist,-1.1558660168666393
1773309698.789065,Fist,-1.1287595434114337
1773309698.790065,Fist,-1.1171424833592027
1773309698.791065,Fist,-1.1235964056104422
1773309698.792065,Fist,-1.1545752324163914
1773309698.793065,Fist,-1.215242101578042
1773309698.794065,Fist,-1.2952707374934107
1773309698.795065,Fist,-1.390788786811754
1773309698.796065,Fist,-1.4940515428315848
1773309698.797065,Fist,-1.5986050833016634
1773309698.798065,Fist,-1.6979954859707505
1773309698.7990649,Fist,-1.7831872596871108
1773309698.800065,Fist,-1.846435697749257
1773309698.801065,Fist,-1.88128687790595
1773309698.802065,Fist,-1.8825776623561978
1773309698.803065,Fist,-1.846435697749257
1773309698.804065,Fist,-1.7857688285876065
1773309698.805065,Fist,-1.714775683823973
1773309698.806065,Fist,-1.6128037122543901
1773309698.807065,Fist,-1.5663354720454663
1773309698.808065,Fist,-1.5198672318365425
1773309698.8090649,Fist,-1.4940515428315848
1773309698.810065,Fist,-1.4940515428315848
1773309698.811065,Fist,-1.5159948784857988
1773309698.8235512,Fist,-1.5598815497942269
1773309698.824551,Fist,-1.624420772306621
1773309698.8255513,Fist,-1.6992862704209983
1773309698.8265512,Fist,-1.7728609840851277
1773309698.8275511,Fist,-1.8386909910477698
1773309698.8285513,Fist,-1.8903223690576851
1773309698.8295512,Fist,-1.9264643336646259
1773309698.8305511,Fist,-1.9419537470676005
1773309698.831551,Fist,-1.9316274714656174
1773309698.8325512,Fist,-1.8980670757591724
1773309698.8335512,Fist,-1.837400206597522
1773309698.834551,Fist,-1.7534992173314095
1773309698.8355513,Fist,-1.6618535213638097
1773309698.8365512,Fist,-1.5740801787469536
1773309698.837551,Fist,-1.5056686028838158
1773309698.8385513,Fist,-1.4540372248739004
1773309698.8395512,Fist,-1.4308031047694385
1773309698.8405511,Fist,-1.4333846736699343
1773309698.841551,Fist,-1.4643635004758835
1773309698.8425512,Fist,-1.5172856629360467
1773309698.8435512,Fist,-1.5947327299509197
1773309698.844551,Fist,-1.692832348169759
1773309698.8455513,Fist,-1.7960951041895896
1773309698.8465512,Fist,-1.8954855068586767
1773309698.847551,Fist,-1.9780957116745412
1773309698.8485513,Fist,-2.0400533652864397
1773309698.8495512,Fist,-2.0774861143436283
1773309698.8505511,Fist,-2.0878123899456114
1773309698.8515513,Fist,-2.0761953298933804
1773309698.8525512,Fist,-2.0426349341869354
1773309698.8535511,Fist,-1.9845496339257807
1773309698.854551,Fist,-1.9109749202616513
1773309698.8555512,Fist,-1.8270739309955388
1773309698.8565512,Fist,-1.7457545106299222
1773309698.857551,Fist,-1.6786337192170322
1773309698.8585513,Fist,-1.6295839101076126
1773309698.8595512,Fist,-1.6050590055529028
1773309698.860551,Fist,-1.6063497900031507
1773309698.8615513,Fist,-1.6321654790081084
1773309698.8625512,Fist,-1.6773429347667843
1773309698.8635511,Fist,-1.7431729417294264
1773309698.864551,Fist,-1.8206200087442994
1773309698.8655512,Fist,-1.8954855068586767
1773309698.8665512,Fist,-1.9638970827218145
1773309698.867551,Fist,-2.0181100296322256
1773309698.8685513,Fist,-2.059415132040158
1773309698.8695512,Fist,-2.0839400365948677
1773309698.870551,Fist,-2.092975527746603
1773309698.8715513,Fist,-2.08264925214462
1773309698.8725512,Fist,-2.0542519942391664
1773309698.8735511,Fist,-1.9987482628785074
1773309698.8745513,Fist,-1.9290459025651217
1773309698.8755512,Fist,-1.8515988355502486
1773309698.8765512,Fist,-1.7780241218861192
1773309698.877551,Fist,-1.7160664682742208
1773309698.8785512,Fist,-1.6644350902643055
1773309698.8795512,Fist,-1.6295839101076126
1773309698.880551,Fist,-1.6089313589036465
1773309698.8815513,Fist,-1.6076405744533986
1773309698.8825512,Fist,-1.6282931256573647
1773309698.8835511,Fist,-1.6657258747145534
1773309698.8845513,Fist,-1.7418821572791785
1773309698.8855512,Fist,-1.8270739309955388
1773309698.8865511,Fist,-1.9225919803138822
1773309698.887551,Fist,-2.0219823829829693
1773309698.8885512,Fist,-2.126535923453048
1773309698.8895512,Fist,-2.227217110572383
1773309698.890551,Fist,-2.3214443754404783
1773309698.8915513,Fist,-2.402763795806095
1773309698.8925512,Fist,-2.4634306649677455
1773309698.893551,Fist,-2.490537138422951
1773309698.8945513,Fist,-2.491827922873199
1773309698.8955512,Fist,-2.467303018318489
1773309698.8965511,Fist,-2.4298702692613006
1773309698.897551,Fist,-2.380820460151881
1773309698.8985512,Fist,-2.324025944340974
1773309698.8995512,Fist,-2.267231428530067
1773309698.900551,Fist,-2.214309266069904
1773309698.9015512,Fist,-2.169131810311228
1773309698.9025512,Fist,-2.136862199055031
1773309698.903551,Fist,-2.123954354552552
1773309698.9045513,Fist,-2.1213727856520563
1773309698.9055512,Fist,-2.1291174923535436
1773309698.9065511,Fist,-2.138152983505279
1773309698.9075513,Fist,-2.1420253368560225
1773309698.9085512,Fist,-2.147188474657014
1773309698.9095511,Fist,-2.148479259107262
1773309698.910551,Fist,-2.1433161213062704
1773309698.9115512,Fist,-2.134280630154535
1773309698.9125512,Fist,-2.116209647851065
1773309698.913551,Fist,-2.0878123899456114
1773309698.9145513,Fist,-2.0542519942391664
1773309698.9155512,Fist,-2.024563951883465
1773309698.916551,Fist,-1.9974574784282595
1773309698.9175513,Fist,-1.9755141427740455
1773309698.9185512,Fist,-1.9626062982715666
1773309698.9195511,Fist,-1.957443160470575
1773309698.920551,Fist,-1.9626062982715666
1773309698.9215512,Fist,-1.9768049272242934
1773309698.9225512,Fist,-2.0064929695799947
1773309698.9159877,Fist,-2.047798071987927
1773309698.9169877,Fist,-2.0942663121968508
1773309698.9179878,Fist,-2.1329898457042873
1773309698.9189878,Fist,-2.1872027926146984
1773309698.9199877,Fist,-2.225926326122135
1773309698.9209878,Fist,-2.260777506278828
1773309698.9219878,Fist,-2.2943379019852728
1773309698.9229877,Fist,-2.324025944340974
1773309698.9239876,Fist,-2.3498416333459318
1773309698.9249878,Fist,-2.360167908947915
1773309698.9259877,Fist,-2.3524232022464275
1773309698.9269876,Fist,-2.3291890821419656
1773309698.9279878,Fist,-2.2943379019852728
1773309698.9289877,Fist,-2.249160446226597
1773309698.9299877,Fist,-2.1975290682166815
1773309698.9309878,Fist,-2.1446069057565182
1773309698.9319878,Fist,-2.091684743296355
1773309698.9329877,Fist,-2.049088856438175
1773309698.9339876,Fist,-2.0168192451819777
1773309698.9349878,Fist,-2.011656107380986
1773309698.9359877,Fist,-2.0310178741347045
1773309698.9369876,Fist,-2.0736137609928846
1773309698.9379878,Fist,-2.1291174923535436
1773309698.9389877,Fist,-2.191075145965442
1773309698.9399877,Fist,-2.2530327995773405
1773309698.9409878,Fist,-2.3072457464877516
1773309698.9419878,Fist,-2.347260064445436
1773309698.9429877,Fist,-2.36920340009965
1773309698.9439878,Fist,-2.371784969000146
1773309698.9449878,Fist,-2.347260064445436
1773309698.9459877,Fist,-2.304664177587256
1773309698.9469876,Fist,-2.2556143684778363
1773309698.9479878,Fist,-2.2065645593684167
1773309698.9489877,Fist,-2.1652594569604844
1773309698.9499876,Fist,-2.1316990612540394
1773309698.9509878,Fist,-2.1097557255998254
1773309698.9519877,Fist,-2.10072023444809
1773309698.9529877,Fist,-2.1071741566993296
1773309698.9539878,Fist,-2.1278267079032958
1773309698.9549878,Fist,-2.1730041636619717
1773309698.9559877,Fist,-2.2336710328236222
1773309698.9569876,Fist,-2.30208260868676
1773309698.9579878,Fist,-2.3756573223508894
1773309698.9589877,Fist,-2.446650467114523
1773309698.9599876,Fist,-2.515062042977661
1773309698.9609878,Fist,-2.578310481039807
1773309698.9619877,Fist,-2.627360290149227
1773309698.9629877,Fist,-2.658339116955176
1773309698.9639878,Fist,-2.6609206858556718
1773309698.9649878,Fist,-2.626069505698979
1773309698.9659877,Fist,-2.560239498736337
1773309698.9669878,Fist,-2.4724661561194807
1773309698.9679878,Fist,-2.3743665379006416
1773309698.9689877,Fist,-2.2749761352315545
1773309698.9699876,Fist,-2.1846212237142026
1773309698.9709878,Fist,-2.112337294500321
1773309698.9719877,Fist,-2.059415132040158
1773309698.9729877,Fist,-2.0323086585849524
1773309698.9739878,Fist,-2.0284363052342087
1773309698.9749877,Fist,-2.05812434758991
1773309698.9759877,Fist,-2.104592587798834
1773309698.9769878,Fist,-2.1626778880599886
1773309698.9779878,Fist,-2.224635541671887
1773309698.9789877,Fist,-2.282720841933042
1773309698.9799876,Fist,-2.336933788843453
1773309698.9809878,Fist,-2.382111244602129
1773309698.9819877,Fist,-2.414380855858326
1773309698.9829876,Fist,-2.4311610537115484
1773309698.9839878,Fist,-2.4311610537115484
1773309698.9849877,Fist,-2.402763795806095
1773309698.9859877,Fist,-2.358877124497667
1773309698.9869878,Fist,-2.3072457464877516
1773309698.9879878,Fist,-2.2543235840275884
1773309698.9889877,Fist,-2.205273774918169
1773309698.9899876,Fist,-2.1626778880599886
1773309698.9909878,Fist,-2.1304082768037915
1773309698.9919877,Fist,-2.1097557255998254
1773309698.9929876,Fist,-2.10072023444809
1773309698.9939878,Fist,-2.1097557255998254
1773309698.9949877,Fist,-2.136862199055031
1773309698.9959877,Fist,-2.1742949481122196
1773309698.9969878,Fist,-2.2181816194206476
1773309698.9979877,Fist,-2.2646498596295714
1773309698.9989877,Fist,-2.3072457464877516
1773309698.9999878,Fist,-2.345969279995188
1773309699.0009878,Fist,-2.3756573223508894
1773309699.0019877,Fist,-2.39372830465436
1773309699.0029876,Fist,-2.3988914424553514
1773309699.0039878,Fist,-2.3859835979528725
1773309699.0049877,Fist,-2.348550848895684
1773309699.0059876,Fist,-2.30208260868676
1773309699.0069878,Fist,-2.2543235840275884
1773309699.0079877,Fist,-2.2078553438186646
1773309699.0089877,Fist,-2.16784102586098
1773309699.0099878,Fist,-2.1394437679555267
1773309699.0109878,Fist,-2.123954354552552
1773309699.0119877,Fist,-2.1213727856520563
1773309699.0129876,Fist,-2.1329898457042873
1773309699.0139878,Fist,-2.1613871036097407
1773309699.0149877,Fist,-2.2078553438186646
1773309699.0097787,Fist,-2.260777506278828
1773309699.0107787,Fist,-2.313699668738991
1773309699.0117788,Fist,-2.358877124497667
1773309699.0127788,Fist,-2.39372830465436
1773309699.0137787,Fist,-2.415671640308574
1773309699.0147789,Fist,-2.4195439936593175
1773309699.0157788,Fist,-2.4092177180573344
1773309699.0167787,Fist,-2.382111244602129
1773309699.0177786,Fist,-2.334352219942957
1773309699.0187788,Fist,-2.269812997430563
1773309699.0197787,Fist,-2.1949474993161857
1773309699.0207787,Fist,-2.1175004323013127
1773309699.0217788,Fist,-2.046507287537679
1773309699.0227787,Fist,-1.9871312028262764
1773309699.0237787,Fist,-1.9406629626173526
1773309699.0247788,Fist,-1.9109749202616513
1773309699.0257788,Fist,-1.9006486446596682
1773309699.0267787,Fist,-1.9122657047118992
1773309699.0277786,Fist,-1.9509892382193357
1773309699.0287788,Fist,-2.0103653229307383
1773309699.0297787,Fist,-2.08264925214462
1773309699.0307786,Fist,-2.160096319159493
1773309699.0317788,Fist,-2.2336710328236222
1773309699.0327787,Fist,-2.2982102553360164
1773309699.0337787,Fist,-2.3511324177961797
1773309699.0347788,Fist,-2.3859835979528725
1773309699.0357788,Fist,-2.4001822269055992
1773309699.0367787,Fist,-2.39372830465436
1773309699.0377789,Fist,-2.3550047711469233
1773309699.0387788,Fist,-2.2995010397862643
1773309699.0397787,Fist,-2.2323802483733743
1773309699.0407786,Fist,-2.1652594569604844
1773309699.0417788,Fist,-2.112337294500321
1773309699.0427787,Fist,-2.0516704253386706
1773309699.0437787,Fist,-2.0103653229307383
1773309699.0447788,Fist,-1.980677280575037
1773309699.0457788,Fist,-1.9638970827218145
1773309699.0467787,Fist,-1.9561523760203272
1773309699.0477788,Fist,-1.9677694360725582
1773309699.0487788,Fist,-1.99100355617702
1773309699.0497787,Fist,-2.0181100296322256
1773309699.0507786,Fist,-2.047798071987927
1773309699.0517788,Fist,-2.0749045454431325
1773309699.0527787,Fist,-2.0968478810973465
1773309699.0537786,Fist,-2.1110465100500733
1773309699.0547788,Fist,-2.1187912167515606
1773309699.0557787,Fist,-2.1175004323013127
1773309699.0567787,Fist,-2.104592587798834
1773309699.0577788,Fist,-2.0749045454431325
1773309699.0587788,Fist,-2.0335994430352002
1773309699.0597787,Fist,-1.9884219872765243
1773309699.0607789,Fist,-1.9445353159680963
1773309699.0617788,Fist,-1.9058117824606597
1773309699.0627787,Fist,-1.8761237401049584
1773309699.0637786,Fist,-1.8541804044507444
1773309699.0647788,Fist,-1.8438541288487613
1773309699.0657787,Fist,-1.8451449132990092
1773309699.0667787,Fist,-1.8606343267019838
1773309699.0677788,Fist,-1.8967762913089246
1773309699.0687788,Fist,-1.9445353159680963
1773309699.0697787,Fist,-2.0000390473287553
1773309699.0707788,Fist,-2.0555427786894143
1773309699.0717788,Fist,-2.103301803348586
1773309699.0727787,Fist,-2.1433161213062704
1773309699.0737786,Fist,-2.16784102586098
1773309699.0747788,Fist,-2.1730041636619717
1773309699.0757787,Fist,-2.157514750258997
1773309699.0767787,Fist,-2.116209647851065
1773309699.0777788,Fist,-2.0503796408884227
1773309699.0787787,Fist,-1.9638970827218145
1773309699.0797787,Fist,-1.869669817853719
1773309699.0807788,Fist,-1.7754425529856235
1773309699.0817788,Fist,-1.6837968570180237
1773309699.0827787,Fist,-1.6076405744533986
1773309699.0837786,Fist,-1.548264489741996
1773309699.0847788,Fist,-1.513413309585303
1773309699.0857787,Fist,-1.5095409562345594
1773309699.0867786,Fist,-1.5418105674907565
1773309699.0877788,Fist,-1.6115129278041422
1773309699.0887787,Fist,-1.7096125460229814
1773309699.0897787,Fist,-1.8219107931945473
1773309699.0907788,Fist,-1.9380813937168568
1773309699.0917788,Fist,-2.047798071987927
1773309699.0927787,Fist,-2.1433161213062704
1773309699.0937788,Fist,-2.215600050520152
1773309699.0947788,Fist,-2.2633590751793236
1773309699.0957787,Fist,-2.281430057482794
1773309699.0967786,Fist,-2.269812997430563
1773309699.0977788,Fist,-2.2285078950226307
1773309699.0987787,Fist,-2.16784102586098
1773309699.0997787,Fist,-2.0981386655475944
1773309699.1007788,Fist,-2.027145520783961
1773309699.1017787,Fist,-1.9626062982715666
1773309699.1027787,Fist,-1.901939429109916
1773309699.1037788,Fist,-1.8503080511000007
1773309699.1047788,Fist,-1.8115845175925642
1773309699.1057787,Fist,-1.7896411819383502
1773309699.1067786,Fist,-1.7935135352890939
1773309699.1077788,Fist,-1.8180384398438036
1773309699.1087787,Fist,-1.8606343267019838
1773309699.1184912,Fist,-1.9083933513611555
1773309699.119491,Fist,-1.9548615915700793
1773309699.1204913,Fist,-1.9897127717267722
1773309699.1214912,Fist,-2.0103653229307383
1773309699.1224911,Fist,-2.012946891831234
1773309699.1234913,Fist,-1.9961666939780116
1773309699.1244912,Fist,-1.9613155138213187
1773309699.1254911,Fist,-1.903230213560164
1773309699.126491,Fist,-1.8283647154457867
1773309699.1274912,Fist,-1.7509176484309137
1773309699.1284912,Fist,-1.6721797969657928
1773309699.129491,Fist,-1.6011866522021592
1773309699.1304913,Fist,-1.5418105674907565
1773309699.1314912,Fist,-1.4979238961823285
1773309699.132491,Fist,-1.470817422727123
1773309699.1334913,Fist,-1.4630727160256356
1773309699.1344912,Fist,-1.4759805605281144
1773309699.1354911,Fist,-1.5108317406848073
1773309699.136491,Fist,-1.5637539031449705
1773309699.1374912,Fist,-1.6270023412071168
1773309699.1384912,Fist,-1.691541563719511
1773309699.139491,Fist,-1.7560807862319052
1773309699.1404912,Fist,-1.812875302042812
1773309699.1414912,Fist,-1.8632158956024796
1773309699.142491,Fist,-1.9006486446596682
1773309699.1434913,Fist,-1.9264643336646259
1773309699.1444912,Fist,-1.9380813937168568
1773309699.1454911,Fist,-1.9277551181148738
1773309699.1464913,Fist,-1.903230213560164
1773309699.1474912,Fist,-1.869669817853719
1773309699.1484911,Fist,-1.8309462843462825
1773309699.149491,Fist,-1.7896411819383502
1773309699.1504912,Fist,-1.7509176484309137
1773309699.1514912,Fist,-1.713484899373725
1773309699.152491,Fist,-1.6825060725677758
1773309699.1534913,Fist,-1.6618535213638097
1773309699.1544912,Fist,-1.6566903835628182
1773309699.155491,Fist,-1.6734705814160407
1773309699.1564913,Fist,-1.7070309771224856
1773309699.1574912,Fist,-1.7496268639806658
1773309699.1584911,Fist,-1.7973858886398375
1773309699.159491,Fist,-1.8399817754980177
1773309699.1604912,Fist,-1.8774145245552063
1773309699.1614912,Fist,-1.901939429109916
1773309699.162491,Fist,-1.9109749202616513
1773309699.1634912,Fist,-1.9045209980104119
1773309699.1644912,Fist,-1.8748329556547105
1773309699.165491,Fist,-1.8206200087442994
1773309699.1664913,Fist,-1.7496268639806658
1773309699.1674912,Fist,-1.670889012515545
1773309699.1684911,Fist,-1.590860376600176
1773309699.1694913,Fist,-1.5172856629360467
1773309699.1704912,Fist,-1.4527464404236525
1773309699.1714911,Fist,-1.4011150624137372
1773309699.172491,Fist,-1.370136235607788
1773309699.1734912,Fist,-1.3623915289063007
1773309699.1744912,Fist,-1.380462511209771
1773309699.175491,Fist,-1.4308031047694385
1773309699.1764913,Fist,-1.50308703398332
1773309699.1774912,Fist,-1.5831156698986888
1773309699.178491,Fist,-1.6657258747145534
1773309699.1794913,Fist,-1.7418821572791785
1773309699.1804912,Fist,-1.8090029486920685
1773309699.1814911,Fist,-1.8619251111522317
1773309699.182491,Fist,-1.8967762913089246
1773309699.1834912,Fist,-1.913556489162147
1773309699.1844912,Fist,-1.9045209980104119
1773309699.185491,Fist,-1.8683790334034711
1773309699.1864913,Fist,-1.8154568709433079
1773309699.1874912,Fist,-1.74704529508017
1773309699.188491,Fist,-1.670889012515545
1773309699.1894913,Fist,-1.590860376600176
1773309699.1904912,Fist,-1.5095409562345594
1773309699.1914911,Fist,-1.4333846736699343
1773309699.192491,Fist,-1.36884545115754
1773309699.1934912,Fist,-1.3197956420481205
1773309699.1944911,Fist,-1.2978523063939065
1773309699.195491,Fist,-1.2978523063939065
1773309699.1964912,Fist,-1.324958779849112
1773309699.1974912,Fist,-1.359809960005805
1773309699.198491,Fist,-1.402405846863985
1773309699.1994913,Fist,-1.4450017337221652
1773309699.2004912,Fist,-1.4850160516798496
1773309699.201491,Fist,-1.5172856629360467
1773309699.2024913,Fist,-1.5418105674907565
1773309699.2034912,Fist,-1.5547184119932353
1773309699.2044911,Fist,-1.5508460586424917
1773309699.205491,Fist,-1.5314842918887734
1773309699.2064912,Fist,-1.5069593873340636
1773309699.2074912,Fist,-1.479852913878858
1773309699.208491,Fist,-1.459200362674892
1773309699.2094913,Fist,-1.447583302622661
1773309699.2104912,Fist,-1.4437109492719173
1773309699.211491,Fist,-1.4501648715231568
1773309699.2124913,Fist,-1.4617819315753877
1773309699.2134912,Fist,-1.4785621294286102
1773309699.2144911,Fist,-1.5069593873340636
1773309699.215491,Fist,-1.5314842918887734
1773309699.2164912,Fist,-1.5547184119932353
1773309699.2174911,Fist,-1.5740801787469536
1773309699.2124834,Fist,-1.5740801787469536
1773309699.2134833,Fist,-1.5598815497942269
1773309699.2144835,Fist,-1.5276119385380298
1773309699.2154834,Fist,-1.4785621294286102
1773309699.2164834,Fist,-1.414022906916216
1773309699.2174835,Fist,-1.335285055451095
1773309699.2184834,Fist,-1.235894652782008
1773309699.2194834,Fist,-1.1313411123119295
1773309699.2204833,Fist,-1.0280783562920988
1773309699.2214835,Fist,-0.9351418758742511
1773309699.2224834,Fist,-0.8641487311106175
1773309699.2234833,Fist,-0.8163897064514458
1773309699.2244835,Fist,-0.7931555863469839
1773309699.2254834,Fist,-0.7970279396977276
1773309699.2264833,Fist,-0.8267159820534289
1773309699.2274835,Fist,-0.88092892896384
1773309699.2284834,Fist,-0.9661207026802003
1773309699.2294834,Fist,-1.0603479675482959
1773309699.2304833,Fist,-1.170064645819366
1773309699.2314835,Fist,-1.2771997551899403
1773309699.2324834,Fist,-1.3740085889585316
1773309699.2334833,Fist,-1.4553280093241483
1773309699.2344835,Fist,-1.5159948784857988
1773309699.2354834,Fist,-1.5547184119932353
1773309699.2364833,Fist,-1.5663354720454663
1773309699.2374835,Fist,-1.5495552741922438
1773309699.2384834,Fist,-1.50308703398332
1773309699.2394834,Fist,-1.4333846736699343
1773309699.2404835,Fist,-1.3507744688540697
1773309699.2414834,Fist,-1.2604195573367178
1773309699.2424834,Fist,-1.170064645819366
1773309699.2434833,Fist,-1.0835820876527578
1773309699.2444835,Fist,-1.0061350206378847
1773309699.2454834,Fist,-0.9428865825757384
1773309699.2464833,Fist,-0.8977091268170625
1773309699.2474835,Fist,-0.8783473600633442
1773309699.2484834,Fist,-0.8899644201155752
1773309699.2494833,Fist,-0.9286879536230117
1773309699.2504835,Fist,-0.9893548227846622
1773309699.2514834,Fist,-1.0461493385955691
1773309699.2524834,Fist,-1.1429581723641604
1773309699.2534833,Fist,-1.2216960238292813
1773309699.2544835,Fist,-1.291398384142667
1773309699.2554834,Fist,-1.3430297621525824
1773309699.2564833,Fist,-1.3714270200580359
1773309699.2574835,Fist,-1.3714270200580359
1773309699.2584834,Fist,-1.3339942710008472
1773309699.2594833,Fist,-1.2733274018391967
1773309699.2604835,Fist,-1.1958803348243237
1773309699.2614834,Fist,-1.114560914458707
1773309699.2624834,Fist,-1.037113847443834
1773309699.2634835,Fist,-0.9674114871304482
1773309699.2644835,Fist,-0.9119077557697892
1773309699.2654834,Fist,-0.8744750067126006
1773309699.2664833,Fist,-0.8551132399588823
1773309699.2674835,Fist,-0.8602763777598739
1773309699.2684834,Fist,-0.8886736356653273
1773309699.2694833,Fist,-0.9286879536230117
1773309699.2704835,Fist,-0.9764469782821834
1773309699.2714834,Fist,-1.0190428651403636
1773309699.2724833,Fist,-1.047440123045817
1773309699.2734835,Fist,-1.0719650276005268
1773309699.2744834,Fist,-1.0822913032025099
1773309699.2754834,Fist,-1.0822913032025099
1773309699.2764833,Fist,-1.070674243150279
1773309699.2774835,Fist,-1.0448585541453212
1773309699.2784834,Fist,-1.0048442361876369
1773309699.2794833,Fist,-0.9635391337797046
1773309699.2804835,Fist,-0.9312695225235075
1773309699.2814834,Fist,-0.9119077557697892
1773309699.2824833,Fist,-0.9106169713195413
1773309699.2834835,Fist,-0.9222340313717723
1773309699.2844834,Fist,-0.9467589359264821
1773309699.2854834,Fist,-0.9777377627324313
1773309699.2864833,Fist,-1.0125889428891242
1773309699.2874835,Fist,-1.0526032608468086
1773309699.2884834,Fist,-1.091326794354245
1773309699.2894833,Fist,-1.1235964056104422
1773309699.2904835,Fist,-1.1390858190134168
1773309699.2914834,Fist,-1.1545752324163914
1773309699.2924833,Fist,-1.1223056211601943
1773309699.2934835,Fist,-1.0900360099039972
1773309699.2944834,Fist,-1.0409862007945776
1773309699.2954834,Fist,-0.9777377627324313
1773309699.2964835,Fist,-0.9054538335185498
1773309699.2974834,Fist,-0.8176804909016937
1773309699.2984834,Fist,-0.7234532260335982
1773309699.2994833,Fist,-0.6292259611655027
1773309699.3004835,Fist,-0.5427434029988945
1773309699.3014834,Fist,-0.4691686893347651
1773309699.3024833,Fist,-0.40721103572286665
1773309699.3034835,Fist,-0.35945201106369495
1773309699.3044834,Fist,-0.32847318425774574
1773309699.3054833,Fist,-0.314274555305019
1773309699.3064835,Fist,-0.31943769310601056
1773309699.3074834,Fist,-0.35299808881245553
1773309699.3084834,Fist,-0.403338682372123
1773309699.3094833,Fist,-0.4691686893347651
1773309699.3104835,Fist,-0.5427434029988945
1773309699.3114834,Fist,-0.6163181166630238
1773309699.3218675,Fist,-0.6847296925261617
1773309699.3228674,Fist,-0.7453965616878122
1773309699.3238676,Fist,-0.7905740174464881
1773309699.3248675,Fist,-0.8202620598021895
1773309699.3258674,Fist,-0.8318791198544204
1773309699.3268676,Fist,-0.8150989220011979
1773309699.3278675,Fist,-0.7789569573942572
1773309699.3288674,Fist,-0.7311979327350855
1773309699.3298674,Fist,-0.6847296925261617
1773309699.3308675,Fist,-0.6382614523172379
1773309699.3318675,Fist,-0.6008287032600492
1773309699.3328674,Fist,-0.5750130142550915
1773309699.3338675,Fist,-0.5595236008521169
1773309699.3348675,Fist,-0.5582328164018691
1773309699.3358674,Fist,-0.5685590920038521
1773309699.3368676,Fist,-0.6021194877102971
1773309699.3378675,Fist,-0.6434245901182294
1773309699.3388674,Fist,-0.6873112614266574
1773309699.3398674,Fist,-0.7324887171853334
1773309699.3408675,Fist,-0.769921466242522
1773309699.3418674,Fist,-0.7983187241479754
1773309699.3428674,Fist,-0.8176804909016937
1773309699.3438675,Fist,-0.8228436287026852
1773309699.3448675,Fist,-0.81380813755095
1773309699.3458674,Fist,-0.7841200951952487
1773309699.3468676,Fist,-0.7415242083370686
1773309699.3478675,Fist,-0.6782757702749223
1773309699.3488674,Fist,-0.6085734099615365
1773309699.3498676,Fist,-0.536289480747655
1773309699.3508675,Fist,-0.4678779048845172
1773309699.3518674,Fist,-0.4046294668223709
1773309699.3528674,Fist,-0.3542888732627034
1773309699.3538675,Fist,-0.3181469086557627
1773309699.3548675,Fist,-0.30265749525278807
1773309699.3558674,Fist,-0.3155653397552669
1773309699.3568676,Fist,-0.35816122661344707
1773309699.3578675,Fist,-0.425282018026337
1773309699.3588674,Fist,-0.5066014383919537
1773309699.3598676,Fist,-0.5943747810088098
1773309699.3608675,Fist,-0.6795665547251701
1773309699.3618674,Fist,-0.7570136217400432
1773309699.3628674,Fist,-0.8176804909016937
1773309699.3638675,Fist,-0.8551132399588823
1773309699.3648674,Fist,-0.8615671622101218
1773309699.3658674,Fist,-0.8215528442524374
1773309699.3668675,Fist,-0.7557228372897953
1773309699.3678675,Fist,-0.6537508657202125
1773309699.3688674,Fist,-0.5311263429466635
1773309699.3698676,Fist,-0.39946632902137935
1773309699.3708675,Fist,-0.2665155306458473
1773309699.3718674,Fist,-0.14389100787229836
1773309699.3728676,Fist,-0.03546511405147612
1773309699.3738675,Fist,0.04972665966488421
1773309699.3748674,Fist,0.10910274437628686
1773309699.3758674,Fist,0.13491843338124454
1773309699.3768675,Fist,0.12717372667975724
1773309699.3778675,Fist,0.09490411542356014
1773309699.3788674,Fist,0.04714509076438844
1773309699.3798676,Fist,-0.003195502795279026
1773309699.3808675,Fist,-0.05482688080519438
1773309699.3818674,Fist,-0.10000433656387031
1773309699.3828676,Fist,-0.13872787007130682
1773309699.3838675,Fist,-0.16583434352651238
1773309699.3848674,Fist,-0.18261454137973487
1773309699.3858674,Fist,-0.181323756929487
1773309699.3868675,Fist,-0.16583434352651238
1773309699.3878675,Fist,-0.1490541456732899
1773309699.3888674,Fist,-0.12969237891957164
1773309699.3898675,Fist,-0.11936610331758857
1773309699.3908675,Fist,-0.1167845344170928
1773309699.3918674,Fist,-0.1245292411185801
1773309699.3928676,Fist,-0.14260022342205048
1773309699.3938675,Fist,-0.16970669687725604
1773309699.3948674,Fist,-0.20068552368320525
1773309699.3958673,Fist,-0.2432814105413854
1773309699.3968675,Fist,-0.2910404352005571
1773309699.3978674,Fist,-0.33492710650898516
1773309699.3988674,Fist,-0.369778286665678
1773309699.3998675,Fist,-0.39172162231989205
1773309699.4008675,Fist,-0.39946632902137935
1773309699.4018674,Fist,-0.3943031912203878
1773309699.4028676,Fist,-0.3710690711159259
1773309699.4038675,Fist,-0.3323455376084894
1773309699.4048674,Fist,-0.2781325906980783
1773309699.4058676,Fist,-0.19939473923295736
1773309699.4068675,Fist,-0.10774904326535761
1773309699.4078674,Fist,-0.012230993947014213
1773309699.4088674,Fist,0.08457783982157707
1773309699.4098675,Fist,0.1697696135379374
1773309699.4108675,Fist,0.240762758301571
1773309699.4118674,Fist,0.29497570521198213
1773309699.4128675,Fist,0.3285361009184271
1773309699.4138675,Fist,0.3388623765204102
1773309699.4148674,Fist,0.3220821786671877
1773309699.4158676,Fist,0.2756139384582639
1773309699.4168675,Fist,0.20462079369463027
1773309699.4178674,Fist,0.12330137332901359
1773309699.4188673,Fist,0.038109599612653255
1773309699.4198675,Fist,-0.04450060520321131
1773309699.4208674,Fist,-0.11549374996684492
1773309699.4157476,Fist,-0.1735790502279997
1773309699.4167476,Fist,-0.21101179928518832
1773309699.4177477,Fist,-0.22650121268816292
1773309699.4187477,Fist,-0.2200472904369235
1773309699.4197476,Fist,-0.18390532582998276
1773309699.4207478,Fist,-0.12969237891957164
1773309699.4217477,Fist,-0.06644394085742533
1773309699.4227476,Fist,-0.0019047183450311422
1773309699.4237475,Fist,0.04585430631414056
1773309699.4247477,Fist,0.10781195992603898
1773309699.4257476,Fist,0.14911706233397126
1773309699.4267476,Fist,0.1775143202394247
1773309699.4277477,Fist,0.1930037336423993
1773309699.4287477,Fist,0.19042216474190354
1773309699.4297476,Fist,0.16718804463744164
1773309699.4307477,Fist,0.12588294222950935
1773309699.4317477,Fist,0.08070548647083342
1773309699.4327476,Fist,0.03294646181166172
1773309699.4337475,Fist,-0.010940209496766329
1773309699.4347477,Fist,-0.04966374300420284
1773309699.4357476,Fist,-0.07806100090965629
1773309699.4367476,Fist,-0.09225962986238301
1773309699.4377477,Fist,-0.09225962986238301
1773309699.4387476,Fist,-0.07418864755891263
1773309699.4397476,Fist,-0.03288354515098035
1773309699.4407477,Fist,0.02262018620967865
1773309699.4417477,Fist,0.08845019317232072
1773309699.4427476,Fist,0.15686176903545856
1773309699.4437478,Fist,0.22269177599810064
1773309699.4447477,Fist,0.2833586451597512
1773309699.4457476,Fist,0.33499002316966653
1773309699.4467475,Fist,0.3698412033263594
1773309699.4477477,Fist,0.3866214011795819
1773309699.4487476,Fist,0.3762951255775988
1773309699.4497476,Fist,0.34273472987115383
1773309699.4507477,Fist,0.2885217829607427
1773309699.4517477,Fist,0.2265641293488443
1773309699.4527476,Fist,0.16718804463744164
1773309699.4537477,Fist,0.11297509772703052
1773309699.4547477,Fist,0.07166999531909823
1773309699.4557476,Fist,0.04585430631414056
1773309699.4567475,Fist,0.04069116851314902
1773309699.4577477,Fist,0.058762150816619396
1773309699.4587476,Fist,0.10781195992603898
1773309699.4597476,Fist,0.1788051046896726
1773309699.4607477,Fist,0.2652876628562808
1773309699.4617476,Fist,0.3595149277243763
1773309699.4627476,Fist,0.45245140814222395
1773309699.4637477,Fist,0.54022475075908
1773309699.4647477,Fist,0.618962602224201
1773309699.4657476,Fist,0.684792609186843
1773309699.4667478,Fist,0.7325516338460147
1773309699.4677477,Fist,0.7583673228509724
1773309699.4687476,Fist,0.751913400599733
1773309699.4697475,Fist,0.718353004893288
1773309699.4707477,Fist,0.662849273532629
1773309699.4717476,Fist,0.5931469132192433
1773309699.4727476,Fist,0.5195721995551139
1773309699.4737477,Fist,0.4498698392417282
1773309699.4747477,Fist,0.3840398322790861
1773309699.4757476,Fist,0.3272453164681792
1773309699.4767478,Fist,0.28464942960999906
1773309699.4777477,Fist,0.2588337406050414
1773309699.4787476,Fist,0.26141530950553715
1773309699.4797475,Fist,0.28723099851049483
1773309699.4807477,Fist,0.3311176698189229
1773309699.4817476,Fist,0.385330616729334
1773309699.4827476,Fist,0.44341591699048877
1773309699.4837477,Fist,0.5015012172516435
1773309699.4847476,Fist,0.5544233797118068
1773309699.4857476,Fist,0.5957284821197391
1773309699.4867477,Fist,0.6228349555749446
1773309699.4877477,Fist,0.6318704467266798
1773309699.4887476,Fist,0.6112178955227137
1773309699.4897475,Fist,0.5712035775650293
1773309699.4907477,Fist,0.5195721995551139
1773309699.4917476,Fist,0.46019611484371126
1773309699.4927475,Fist,0.4021108145825565
1773309699.4937477,Fist,0.3440255143214017
1773309699.4947476,Fist,0.3040111963637173
1773309699.4957476,Fist,0.2730323695577681
1773309699.4967477,Fist,0.26012452505528927
1773309699.4977477,Fist,0.2652876628562808
1773309699.4987476,Fist,0.30013884301297367
1773309699.4997478,Fist,0.3530610054731369
1773309699.5007477,Fist,0.42018179688602686
1773309699.5017476,Fist,0.49375651055015624
1773309699.5027475,Fist,0.5699127931147814
1773309699.5037477,Fist,0.6434875067789108
1773309699.5047476,Fist,0.7106082981918007
1773309699.5057476,Fist,0.7686935984529555
1773309699.5067477,Fist,0.8138710542116314
1773309699.5077477,Fist,0.840977527666837
1773309699.5087476,Fist,0.840977527666837
1773309699.5097477,Fist,0.8216157609131187
1773309699.5107477,Fist,0.7906369341071695
1773309699.5117476,Fist,0.7493318316992372
1773309699.5127475,Fist,0.708026729291305
1773309699.5137477,Fist,0.6667216268833727
1773309699.5147476,Fist,0.6331612311769277
1773309699.509767,Fist,0.6099271110724658
1773309699.510767,Fist,0.5983100510202348
1773309699.5117671,Fist,0.5957284821197391
1773309699.512767,Fist,0.6318704467266798
1773309699.513767,Fist,0.6693031957838684
1773309699.5147672,Fist,0.7131898670922965
1773309699.515767,Fist,0.7596581073012203
1773309699.516767,Fist,0.7970908563584089
1773309699.517767,Fist,0.8229065453633666
1773309699.518767,Fist,0.8358143898658454
1773309699.519767,Fist,0.8319420365151018
1773309699.520767,Fist,0.8151618386618793
1773309699.5217671,Fist,0.7828922274056822
1773309699.522767,Fist,0.7338424182962626
1773309699.523767,Fist,0.6770479024853557
1773309699.5247672,Fist,0.6215441711246967
1773309699.525767,Fist,0.5712035775650293
1773309699.526767,Fist,0.5350616129580885
1773309699.527767,Fist,0.5144090617541224
1773309699.528767,Fist,0.5092459239531308
1773309699.529767,Fist,0.5221537684556097
1773309699.530767,Fist,0.5505510263610631
1773309699.5317671,Fist,0.5957284821197391
1773309699.532767,Fist,0.6615584890823811
1773309699.533767,Fist,0.7364239871967584
1773309699.5347672,Fist,0.8164526231121272
1773309699.535767,Fist,0.8835734145250171
1773309699.536767,Fist,0.9674744037911296
1773309699.5377672,Fist,1.0333044107537717
1773309699.538767,Fist,1.0836450043134391
1773309699.539767,Fist,1.117205400019884
1773309699.540767,Fist,1.1275316756218672
1773309699.5417671,Fist,1.108169908868149
1773309699.542767,Fist,1.061701668659225
1773309699.543767,Fist,0.9971624461468309
1773309699.5447671,Fist,0.9235877324827015
1773309699.545767,Fist,0.8474314499180764
1773309699.546767,Fist,0.7777290896046907
1773309699.5477672,Fist,0.718353004893288
1773309699.548767,Fist,0.67446633358486
1773309699.549767,Fist,0.6486506445799023
1773309699.550767,Fist,0.6434875067789108
1773309699.551767,Fist,0.6693031957838684
1773309699.552767,Fist,0.7209345737937838
1773309699.553767,Fist,0.7919277185574174
1773309699.5547671,Fist,0.8719563544727862
1773309699.555767,Fist,0.9506942059379071
1773309699.556767,Fist,1.030722841853276
1773309699.5577672,Fist,1.0978436332661659
1773309699.558767,Fist,1.1546381490770727
1773309699.559767,Fist,1.1933616825845093
1773309699.5607672,Fist,1.219177371589467
1773309699.561767,Fist,1.219177371589467
1773309699.562767,Fist,1.2011063892859966
1773309699.563767,Fist,1.173999915830791
1773309699.5647671,Fist,1.1378579512238503
1773309699.565767,Fist,1.1017159866169095
1773309699.566767,Fist,1.0668648064602166
1773309699.5677671,Fist,1.0371767641045153
1773309699.568767,Fist,1.0165242129005492
1773309699.569767,Fist,1.0087795061990619
1773309699.5707672,Fist,1.0152334284503013
1773309699.571767,Fist,1.0475030397064984
1773309699.572767,Fist,1.09526206436567
1773309699.573767,Fist,1.150765795726329
1773309699.574767,Fist,1.207560311537236
1773309699.575767,Fist,1.2604824739973992
1773309699.576767,Fist,1.3056599297560751
1773309699.5777671,Fist,1.340511109912768
1773309699.578767,Fist,1.36374523001723
1773309699.579767,Fist,1.3701991522684693
1773309699.5807672,Fist,1.3611636611167341
1773309699.581767,Fist,1.340511109912768
1773309699.582767,Fist,1.2759718874003738
1773309699.583767,Fist,1.2204681560397148
1773309699.584767,Fist,1.1598012868780643
1773309699.585767,Fist,1.1055883399676532
1773309699.586767,Fist,1.061701668659225
1773309699.5877671,Fist,1.030722841853276
1773309699.588767,Fist,1.0152334284503013
1773309699.589767,Fist,1.019105781801045
1773309699.5907671,Fist,1.0384675485547632
1773309699.591767,Fist,1.0836450043134391
1773309699.592767,Fist,1.1430210890248418
1773309699.5937672,Fist,1.2088510959874839
1773309699.594767,Fist,1.2695179651491344
1773309699.595767,Fist,1.3224401276092976
1773309699.596767,Fist,1.3650360144674778
1773309699.597767,Fist,1.3947240568231791
1773309699.598767,Fist,1.4102134702261537
1773309699.599767,Fist,1.4140858235768974
1773309699.6007671,Fist,1.4024687635246664
1773309699.601767,Fist,1.3689083678182214
1773309699.602767,Fist,1.3224401276092976
1773309699.6037672,Fist,1.2720995340496302
1773309699.604767,Fist,1.2165958026889712
1773309699.605767,Fist,1.16238285577856
1773309699.606767,Fist,1.1262408911716193
1773309699.607767,Fist,1.0939712799154222
1773309699.608767,Fist,1.0771910820621997
1773309699.6196396,Rest,1.0759002976119518
1773309699.6206396,Rest,1.096552848815918
1773309699.6216397,Rest,1.141730304574594
1773309699.6226397,Rest,1.2011063892859966
1773309699.6236396,Rest,1.2720995340496302
1773309699.6246397,Rest,1.340511109912768
1773309699.6256397,Rest,1.407631901325658
1773309699.6266396,Rest,1.4670079860370606
1773309699.6276395,Rest,1.5147670106962323
1773309699.6286397,Rest,1.5483274064026773
1773309699.6296396,Rest,1.5702707420568913
1773309699.6306396,Rest,1.574143095407635
1773309699.6316397,Rest,1.5599444664549083
1773309699.6326396,Rest,1.5354195619001985
1773309699.6336396,Rest,1.5057315195444971
1773309699.6346397,Rest,1.474752692738548
1773309699.6356397,Rest,1.4463554348330945
1773309699.6366396,Rest,1.4218305302783847
1773309699.6376395,Rest,1.3998871946241707
1773309699.6386397,Rest,1.3882701345719397
1773309699.6396396,Rest,1.385688565671444
1773309699.6406395,Rest,1.3985964101739228
1773309699.6416397,Rest,1.428284452529624
1773309699.6426396,Rest,1.4657172015868127
1773309699.6436396,Rest,1.508313088444993
1773309699.6446397,Rest,1.5483274064026773
1773309699.6456397,Rest,1.5831785865593702
1773309699.6466396,Rest,1.6089942755643278
1773309699.6476398,Rest,1.6206113356165588
1773309699.6486397,Rest,1.618029766716063
1773309699.6496396,Rest,1.5973772155120969
1773309699.6506395,Rest,1.5547813286539167
1773309699.6516397,Rest,1.4941144594922662
1773309699.6526396,Rest,1.428284452529624
1773309699.6536396,Rest,1.36374523001723
1773309699.6546397,Rest,1.3121138520073146
1773309699.6556396,Rest,1.2785534563008696
1773309699.6566396,Rest,1.263064042897895
1773309699.6576397,Rest,1.2695179651491344
1773309699.6586397,Rest,1.29662443860434
1773309699.6596396,Rest,1.340511109912768
1773309699.6606395,Rest,1.4089226857759058
1773309699.6616397,Rest,1.4799158305395395
1773309699.6626396,Rest,1.5651076042558998
1773309699.6636395,Rest,1.6425546712707728
1773309699.6646397,Rest,1.707093893783167
1773309699.6656396,Rest,1.7600160562433302
1773309699.6666396,Rest,1.7974488053005189
1773309699.6676397,Rest,1.8155197876039892
1773309699.6686397,Rest,1.8116474342532456
1773309699.6696396,Rest,1.7884133141487837
1773309699.6706398,Rest,1.7342003672383726
1773309699.6716397,Rest,1.6580440846737474
1773309699.6726396,Rest,1.5715615265071392
1773309699.6736395,Rest,1.483788183890283
1773309699.6746397,Rest,1.4050503324251622
1773309699.6756396,Rest,1.3392203254625201
1773309699.6766396,Rest,1.2901705163531005
1773309699.6776397,Rest,1.2643548273481429
1773309699.6786397,Rest,1.261773258447647
1773309699.6796396,Rest,1.2824258096516132
1773309699.6806397,Rest,1.3340571876615286
1773309699.6816397,Rest,1.40634111687541
1773309699.6826396,Rest,1.495405243942514
1773309699.6836395,Rest,1.5831785865593702
1773309699.6846397,Rest,1.67482428252697
1773309699.6856396,Rest,1.7613068406935781
1773309699.6866395,Rest,1.8374631232582033
1773309699.6876397,Rest,1.8994207768701017
1773309699.6886396,Rest,1.9471798015292734
1773309699.6896396,Rest,1.972995490534231
1773309699.6906397,Rest,1.9717047060839832
1773309699.6916397,Rest,1.951052154880017
1773309699.6926396,Rest,1.9149101902730763
1773309699.6936395,Rest,1.8671511656139046
1773309699.6946397,Rest,1.8155197876039892
1773309699.6956396,Rest,1.7587252717930824
1773309699.6966395,Rest,1.6993491870816797
1773309699.6976397,Rest,1.6425546712707728
1773309699.6986396,Rest,1.5909232932608575
1773309699.6996396,Rest,1.5496181908529252
1773309699.7006397,Rest,1.5315472085494548
1773309699.7016397,Rest,1.5328379929997027
1773309699.7026396,Rest,1.5496181908529252
1773309699.7036397,Rest,1.5805970176588744
1773309699.7046397,Rest,1.6231929045170546
1773309699.7056396,Rest,1.673533498076722
1773309699.7066395,Rest,1.7277464449871331
1773309699.7076397,Rest,1.7806686074472964
1773309699.7086396,Rest,1.829718416556716
1773309699.7096395,Rest,1.8645695967134088
1773309699.7106397,Rest,1.8774774412158877
1773309699.7116396,Rest,1.8774774412158877
1773309699.7126396,Rest,1.8645695967134088
1773309699.7136397,Rest,1.8464986144099385
1773309699.7146397,Rest,1.818101356504485
1773309699.7156396,Rest,1.7922856674995273
1773309699.7166395,Rest,1.7651791940443218
1773309699.7176397,Rest,1.7419450739398599
1773309699.7186396,Rest,1.7264556605368853
1773309699.712965,Rest,1.7212925227358937
1773309699.713965,Rest,1.7329095827881247
1773309699.714965,Rest,1.750980565091595
1773309699.715965,Rest,1.772923900745809
1773309699.716965,Rest,1.7922856674995273
1773309699.7179651,Rest,1.8039027275517583
1773309699.718965,Rest,1.8090658653527498
1773309699.719965,Rest,1.8051935120020062
1773309699.720965,Rest,1.7935764519497752
1773309699.721965,Rest,1.7780870385468006
1773309699.722965,Rest,1.7458174272906035
1773309699.723965,Rest,1.7225833071861416
1773309699.724965,Rest,1.6928952648304403
1773309699.725965,Rest,1.6657887913752347
1773309699.726965,Rest,1.651590162422508
1773309699.727965,Rest,1.6464270246215165
1773309699.728965,Rest,1.6502993779722601
1773309699.729965,Rest,1.6670795758254826
1773309699.730965,Rest,1.6941860492806882
1773309699.731965,Rest,1.730328013887629
1773309699.732965,Rest,1.78454096079804
1773309699.733965,Rest,1.8490801833104342
1773309699.734965,Rest,1.917491759173572
1773309699.735965,Rest,1.9833217661362141
1773309699.736965,Rest,2.038825497496873
1773309699.737965,Rest,2.0788398154545575
1773309699.738965,Rest,2.1033647200092673
1773309699.739965,Rest,2.105946288909763
1773309699.7409651,Rest,2.085293737705797
1773309699.741965,Rest,2.0439886352978647
1773309699.742965,Rest,1.972995490534231
1773309699.743965,Rest,1.8826405790168792
1773309699.744965,Rest,1.7884133141487837
1773309699.745965,Rest,1.6890229114796966
1773309699.746965,Rest,1.6361007490195334
1773309699.747965,Rest,1.5689799576066434
1773309699.748965,Rest,1.539291915250942
1773309699.749965,Rest,1.5367103463504463
1773309699.750965,Rest,1.5599444664549083
1773309699.751965,Rest,1.60770349111408
1773309699.752965,Rest,1.685150558128953
1773309699.753965,Rest,1.7819593918975443
1773309699.754965,Rest,1.8878037168178707
1773309699.755965,Rest,1.9936480417381972
1773309699.756965,Rest,2.0904568755067885
1773309699.757965,Rest,2.171776295872405
1773309699.758965,Rest,2.2363155183847994
1773309699.759965,Rest,2.2776206207927316
1773309699.760965,Rest,2.294400818645954
1773309699.761965,Rest,2.282783758593723
1773309699.762965,Rest,2.2337339494843036
1773309699.7639651,Rest,2.160159235820174
1773309699.764965,Rest,2.0659319709520787
1773309699.765965,Rest,1.9639599993824959
1773309699.766965,Rest,1.8606972433626652
1773309699.767965,Rest,1.7651791940443218
1773309699.768965,Rest,1.6825689892284572
1773309699.769965,Rest,1.6206113356165588
1773309699.770965,Rest,1.5831785865593702
1773309699.771965,Rest,1.5689799576066434
1773309699.772965,Rest,1.5935048621613532
1773309699.7739651,Rest,1.639973102370277
1773309699.774965,Rest,1.7045123248826712
1773309699.775965,Rest,1.7793778229970485
1773309699.776965,Rest,1.8581156744621694
1773309699.777965,Rest,1.9329811725765467
1773309699.778965,Rest,2.0013927484396845
1773309699.779965,Rest,2.0594780487008393
1773309699.780965,Rest,2.0994923666585237
1773309699.781965,Rest,2.116272564511746
1773309699.782965,Rest,2.1020739355590194
1773309699.783965,Rest,2.0672227554023266
1773309699.784965,Rest,2.0143005929421633
1773309699.785965,Rest,1.9549245082307607
1773309699.786965,Rest,1.8929668546188623
1773309699.787965,Rest,1.8361723388079554
1773309699.788965,Rest,1.7871225296985358
1773309699.789965,Rest,1.752271349541843
1773309699.790965,Rest,1.7316187983378768
1773309699.791965,Rest,1.7380727205891162
1773309699.792965,Rest,1.7651791940443218
1773309699.793965,Rest,1.8116474342532456
1773309699.794965,Rest,1.8697327345144004
1773309699.795965,Rest,1.929108819225803
1773309699.7969651,Rest,1.984612550586462
1773309699.797965,Rest,2.031080790795386
1773309699.798965,Rest,2.062059617601335
1773309699.799965,Rest,2.074967462103814
1773309699.800965,Rest,2.0685135398525745
1773309699.801965,Rest,2.0349531441461295
1773309699.802965,Rest,1.9781586283352226
1773309699.803965,Rest,1.9020023457705975
1773309699.804965,Rest,1.8219737098552287
1773309699.805965,Rest,1.7432358583901078
1773309699.806965,Rest,1.673533498076722
1773309699.807965,Rest,1.619320551166311
1773309699.808965,Rest,1.585760155459866
1773309699.809965,Rest,1.574143095407635
1773309699.810965,Rest,1.5883417243603617
1773309699.811965,Rest,1.629646826768294
1773309699.8082418,Rest,1.6980584026314318
1773309699.8092418,Rest,1.7819593918975443
1773309699.810242,Rest,1.8710235189646482
1773309699.8112419,Rest,1.9600876460317522
1773309699.8122418,Rest,2.038825497496873
1773309699.813242,Rest,2.105946288909763
1773309699.814242,Rest,2.1562868824694306
1773309699.8152418,Rest,2.1872657092753798
1773309699.8162417,Rest,2.197591984877363
1773309699.817242,Rest,2.1795210025738925
1773309699.8182418,Rest,2.1343435468152165
1773309699.8192418,Rest,2.072385893203318
1773309699.820242,Rest,1.9975203950889409
1773309699.8212419,Rest,1.9200733280740678
1773309699.8222418,Rest,1.8452078299596906
1773309699.823242,Rest,1.7780870385468006
1773309699.8242419,Rest,1.7212925227358937
1773309699.8252418,Rest,1.6799874203279614
1773309699.8262417,Rest,1.6567533002234995
1773309699.827242,Rest,1.6593348691239953
1773309699.8282418,Rest,1.6864413425792009
1773309699.8292418,Rest,1.7251648760866374
1773309699.830242,Rest,1.7909948830492795
1773309699.8312418,Rest,1.8322999854572117
1773309699.8322418,Rest,1.8916760701686144
1773309699.833242,Rest,1.9445982326287776
1773309699.8342419,Rest,1.9897756883874536
1773309699.8352418,Rest,2.027208437444642
1773309699.836242,Rest,2.051733341999352
1773309699.837242,Rest,2.0530241264496
1773309699.8382418,Rest,2.0349531441461295
1773309699.8392417,Rest,2.007846670690924
1773309699.840242,Rest,1.974286274984479
1773309699.8412418,Rest,1.939435094827786
1773309699.8422418,Rest,1.905874699121341
1773309699.843242,Rest,1.8761866567656398
1773309699.8442419,Rest,1.8529525366611779
1773309699.8452418,Rest,1.8374631232582033
1773309699.846242,Rest,1.829718416556716
1773309699.8472419,Rest,1.8439170455094427
1773309699.8482418,Rest,1.8710235189646482
1773309699.8492417,Rest,1.9045839146710932
1773309699.850242,Rest,1.9381443103775382
1773309699.8512418,Rest,1.9678323527332395
1773309699.8522418,Rest,1.9910664728377014
1773309699.853242,Rest,2.0039743173401803
1773309699.8542418,Rest,2.005265101790428
1773309699.8552418,Rest,1.9910664728377014
1773309699.856242,Rest,1.9600876460317522
1773309699.8572419,Rest,1.905874699121341
1773309699.8582418,Rest,1.840044692158699
1773309699.859242,Rest,1.7690515473950654
1773309699.860242,Rest,1.7019307559821755
1773309699.8612418,Rest,1.6464270246215165
1773309699.8622417,Rest,1.60770349111408
1773309699.863242,Rest,1.5896325088106096
1773309699.8642418,Rest,1.5922140777111053
1773309699.8652418,Rest,1.6167389822658151
1773309699.866242,Rest,1.661916438024491
1773309699.8672419,Rest,1.7342003672383726
1773309699.8682418,Rest,1.8206829254049808
1773309699.869242,Rest,1.9123286213725805
1773309699.8702419,Rest,1.9975203950889409
1773309699.8712418,Rest,2.0698043243028224
1773309699.8722417,Rest,2.1227264867629856
1773309699.873242,Rest,2.153705313568935
1773309699.8742418,Rest,2.1588684513699263
1773309699.8752418,Rest,2.139506684616208
1773309699.876242,Rest,2.094329228857532
1773309699.8772418,Rest,2.0246268685441464
1773309699.8782418,Rest,1.9420166637282819
1773309699.879242,Rest,1.8542433211114258
1773309699.8802419,Rest,1.7703423318453133
1773309699.8812418,Rest,1.7006399715319276
1773309699.8822417,Rest,1.6490085935220122
1773309699.883242,Rest,1.619320551166311
1773309699.8842418,Rest,1.6115758444648236
1773309699.8852417,Rest,1.6309376112185419
1773309699.886242,Rest,1.6761150669772178
1773309699.8872418,Rest,1.7496897806413472
1773309699.8882418,Rest,1.8361723388079554
1773309699.889242,Rest,1.929108819225803
1773309699.8902419,Rest,2.018172946292907
1773309699.8912418,Rest,2.1007831511087716
1773309699.892242,Rest,2.1679039425216615
1773309699.893242,Rest,2.216953751631081
1773309699.8942418,Rest,2.2440602250862867
1773309699.8952417,Rest,2.2466417939867824
1773309699.896242,Rest,2.2208261049818248
1773309699.8972418,Rest,2.174357864772901
1773309699.8982418,Rest,2.0878753066062927
1773309699.899242,Rest,2.0013927484396845
1773309699.9002419,Rest,1.9123286213725805
1773309699.9012418,Rest,1.8271368476562202
1773309699.902242,Rest,1.7483989961910993
1773309699.9032419,Rest,1.6864413425792009
1773309699.9042418,Rest,1.641263886820525
1773309699.9052417,Rest,1.618029766716063
1773309699.906242,Rest,1.6206113356165588
1773309699.9072418,Rest,1.6490085935220122
1773309699.9182425,Rest,1.6928952648304403
1773309699.9192424,Rest,1.7419450739398599
1773309699.9202425,Rest,1.794867236400023
1773309699.9212425,Rest,1.841335476608947
1773309699.9222424,Rest,1.8813497945666313
1773309699.9232426,Rest,1.907165483571589
1773309699.9242425,Rest,1.9200733280740678
1773309699.9252424,Rest,1.9149101902730763
1773309699.9262424,Rest,1.8865129323676229
1773309699.9272425,Rest,1.8361723388079554
1773309699.9282424,Rest,1.785831745248288
1773309699.9292424,Rest,1.7238740916363895
1773309699.9302425,Rest,1.673533498076722
1773309699.9312425,Rest,1.6361007490195334
1773309699.9322424,Rest,1.6128666289150715
1773309699.9332426,Rest,1.606412706663832
1773309699.9342425,Rest,1.619320551166311
1773309699.9352424,Rest,1.6477178090717643
1773309699.9362423,Rest,1.695476833730936
1773309699.9372425,Rest,1.7561437028925866
1773309699.9382424,Rest,1.8219737098552287
1773309699.9392424,Rest,1.885222147917375
1773309699.9402425,Rest,1.939435094827786
1773309699.9412425,Rest,1.9833217661362141
1773309699.9422424,Rest,2.016882161842659
1773309699.9432425,Rest,2.0375347130466253
1773309699.9442425,Rest,2.042697850847617
1773309699.9452424,Rest,2.0336623596958816
1773309699.9462426,Rest,1.9988111795391887
1773309699.9472425,Rest,1.9471798015292734
1773309699.9482424,Rest,1.885222147917375
1773309699.9492424,Rest,1.8219737098552287
1773309699.9502425,Rest,1.7587252717930824
1773309699.9512424,Rest,1.696767618181184
1773309699.9522424,Rest,1.6477178090717643
1773309699.9532425,Rest,1.6102850600145757
1773309699.9542425,Rest,1.5896325088106096
1773309699.9552424,Rest,1.5909232932608575
1773309699.9562426,Rest,1.6219021200668067
1773309699.9572425,Rest,1.6709519291762263
1773309699.9582424,Rest,1.7354911516886204
1773309699.9592423,Rest,1.8026119431015104
1773309699.9602425,Rest,1.8684419500641525
1773309699.9612424,Rest,1.9278180347755551
1773309699.9622424,Rest,1.9755770594347268
1773309699.9632425,Rest,2.0104282395914197
1773309699.9642425,Rest,2.031080790795386
1773309699.9652424,Rest,2.031080790795386
1773309699.9662426,Rest,2.007846670690924
1773309699.9672425,Rest,1.9678323527332395
1773309699.9682424,Rest,1.91878254362382
1773309699.9692426,Rest,1.8606972433626652
1773309699.9702425,Rest,1.8155197876039892
1773309699.9712424,Rest,1.7690515473950654
1773309699.9722424,Rest,1.730328013887629
1773309699.9732425,Rest,1.7006399715319276
1773309699.9742424,Rest,1.683859773678705
1773309699.9752424,Rest,1.6812782047782093
1773309699.9762425,Rest,1.696767618181184
1773309699.9772425,Rest,1.71742016938515
1773309699.9782424,Rest,1.7419450739398599
1773309699.9792426,Rest,1.7613068406935781
1773309699.9802425,Rest,1.7767962540965527
1773309699.9812424,Rest,1.78454096079804
1773309699.9822423,Rest,1.7884133141487837
1773309699.9832425,Rest,1.785831745248288
1773309699.9842424,Rest,1.7780870385468006
1773309699.9852424,Rest,1.7613068406935781
1773309699.9862425,Rest,1.7342003672383726
1773309699.9872425,Rest,1.7032215404324234
1773309699.9882424,Rest,1.673533498076722
1773309699.9892426,Rest,1.6477178090717643
1773309699.9902425,Rest,1.629646826768294
1773309699.9912424,Rest,1.619320551166311
1773309699.9922423,Rest,1.619320551166311
1773309699.9932425,Rest,1.629646826768294
1773309699.9942424,Rest,1.6502993779722601
1773309699.9952424,Rest,1.685150558128953
1773309699.9962425,Rest,1.7342003672383726
1773309699.9972425,Rest,1.7884133141487837
1773309699.9982424,Rest,1.840044692158699
1773309699.9992425,Rest,1.883931363467127
1773309700.0002425,Rest,1.9162009747233242
1773309700.0012424,Rest,1.9329811725765467
1773309700.0022426,Rest,1.9342719570267946
1773309700.0032425,Rest,1.91878254362382
1773309700.0042424,Rest,1.8890945012681186
1773309700.0052423,Rest,1.8387539077084512
1773309700.0062425,Rest,1.7690515473950654
1773309700.0072424,Rest,1.6916044803801924
1773309700.0082424,Rest,1.6141574133653194
1773309700.0092425,Rest,1.5431642686016858
1773309700.0102425,Rest,1.485078968340531
1773309700.0112424,Rest,1.441192297032103
1773309700.0122426,Rest,1.4153766080271453
1773309700.0132425,Rest,1.40634111687541
1773309700.0142424,Rest,1.4166673924773932
1773309700.0152423,Rest,1.4489370037335902
1773309700.0162425,Rest,1.496696028392762
1773309700.0172424,Rest,1.5534905442036688
1773309700.0114696,Rest,1.6089942755643278
1773309700.0124695,Rest,1.6593348691239953
1773309700.0134697,Rest,1.7019307559821755
1773309700.0144696,Rest,1.7329095827881247
1773309700.0154696,Rest,1.750980565091595
1773309700.0164697,Rest,1.7561437028925866
1773309700.0174696,Rest,1.7471082117408514
1773309700.0184696,Rest,1.7135478160344064
1773309700.0194695,Rest,1.663207222474739
1773309700.0204697,Rest,1.606412706663832
1773309700.0214696,Rest,1.5470366219524294
1773309700.0224695,Rest,1.4915328905917704
1773309700.0234697,Rest,1.4450646503828466
1773309700.0244696,Rest,1.4102134702261537
1773309700.0254695,Rest,1.3895609190221876
1773309700.0264697,Rest,1.384397781221196
1773309700.0274696,Rest,1.3947240568231791
1773309700.0284696,Rest,1.4321568058803678
1773309700.0294695,Rest,1.4824973994400352
1773309700.0304697,Rest,1.54058269970119
1773309700.0314696,Rest,1.5973772155120969
1773309700.0324695,Rest,1.6490085935220122
1773309700.0334697,Rest,1.6903136959299445
1773309700.0344696,Rest,1.7200017382856458
1773309700.0354695,Rest,1.7342003672383726
1773309700.0364697,Rest,1.7316187983378768
1773309700.0374696,Rest,1.7083846782334149
1773309700.0384696,Rest,1.6567533002234995
1773309700.0394697,Rest,1.585760155459866
1773309700.0404696,Rest,1.5044407350942492
1773309700.0414696,Rest,1.419248961377889
1773309700.0424695,Rest,1.3379295410122722
1773309700.0434697,Rest,1.2643548273481429
1773309700.0444696,Rest,1.2023971737362444
1773309700.0454695,Rest,1.1546381490770727
1773309700.0464697,Rest,1.1236593222711235
1773309700.0474696,Rest,1.1210777533706278
1773309700.0484695,Rest,1.1352763823233545
1773309700.0494697,Rest,1.1791630536317825
1773309700.0504696,Rest,1.2424114916939288
1773309700.0514696,Rest,1.318567774258554
1773309700.0524695,Rest,1.4011779790744185
1773309700.0534697,Rest,1.483788183890283
1773309700.0544696,Rest,1.5612352509051561
1773309700.0554695,Rest,1.628356042318046
1773309700.0564697,Rest,1.6799874203279614
1773309700.0574696,Rest,1.7058031093329191
1773309700.0584695,Rest,1.7045123248826712
1773309700.0594697,Rest,1.6812782047782093
1773309700.0604696,Rest,1.6425546712707728
1773309700.0614696,Rest,1.5973772155120969
1773309700.0624697,Rest,1.5457458375021815
1773309700.0634696,Rest,1.495405243942514
1773309700.0644696,Rest,1.451518572634086
1773309700.0654695,Rest,1.4153766080271453
1773309700.0664697,Rest,1.3908517034724355
1773309700.0674696,Rest,1.385688565671444
1773309700.0684695,Rest,1.397305625723675
1773309700.0694697,Rest,1.4205397458281368
1773309700.0704696,Rest,1.4502277881838381
1773309700.0714695,Rest,1.4799158305395395
1773309700.0724697,Rest,1.5031499506440014
1773309700.0734696,Rest,1.518639364046976
1773309700.0744696,Rest,1.5225117173977196
1773309700.0754695,Rest,1.5134762262459844
1773309700.0764697,Rest,1.4902421061415225
1773309700.0774696,Rest,1.4489370037335902
1773309700.0784695,Rest,1.3895609190221876
1773309700.0794697,Rest,1.318567774258554
1773309700.0804696,Rest,1.2462838450446725
1773309700.0814695,Rest,1.1765814847312868
1773309700.0824697,Rest,1.1146238311193883
1773309700.0834696,Rest,1.062992453109473
1773309700.0844696,Rest,1.0242689196020365
1773309700.0854695,Rest,1.0023255839478225
1773309700.0864697,Rest,0.9984532305970788
1773309700.0874696,Rest,1.0152334284503013
1773309700.0884695,Rest,1.0655740220099688
1773309700.0894697,Rest,1.1133330466691405
1773309700.0904696,Rest,1.1765814847312868
1773309700.0914695,Rest,1.241120707243681
1773309700.0924697,Rest,1.2992060075048357
1773309700.0934696,Rest,1.3534189544152468
1773309700.0944695,Rest,1.3985964101739228
1773309700.0954697,Rest,1.429575236979872
1773309700.0964696,Rest,1.4450646503828466
1773309700.0974696,Rest,1.4360291592311114
1773309700.0984695,Rest,1.4050503324251622
1773309700.0994697,Rest,1.3611636611167341
1773309700.1004696,Rest,1.308241498656571
1773309700.1014695,Rest,1.2553193361964077
1773309700.1024697,Rest,1.206269527086988
1773309700.1034696,Rest,1.163673640228808
1773309700.1044695,Rest,1.130113244522363
1773309700.1054697,Rest,1.1094606933183968
1773309700.1064696,Rest,1.1030067710671574
1773309700.1074696,Rest,1.1146238311193883
1773309700.1084695,Rest,1.1456026579253376
1773309700.1094697,Rest,1.184326191432774
1773309700.1104696,Rest,1.2230497249402106
1773309700.1207588,Rest,1.252737767295912
1773309700.1217587,Rest,1.2720995340496302
1773309700.1227589,Rest,1.274681102950126
1773309700.1237588,Rest,1.2591916895471513
1773309700.1247587,Rest,1.2230497249402106
1773309700.125759,Rest,1.1701275624800473
1773309700.1267588,Rest,1.0913897110149264
1773309700.1277587,Rest,1.0023255839478225
1773309700.1287587,Rest,0.9145522413309664
1773309700.1297588,Rest,0.8371051743160933
1773309700.1307588,Rest,0.7790198740549386
1773309700.1317587,Rest,0.7441686938982457
1773309700.1327589,Rest,0.7351332027465105
1773309700.1337588,Rest,0.7493318316992372
1773309700.1347587,Rest,0.7867645807564259
1773309700.1357589,Rest,0.8435590965673327
1773309700.1367588,Rest,0.9235877324827015
1773309700.1377587,Rest,1.0139426440000534
1773309700.1387587,Rest,1.1030067710671574
1773309700.1397588,Rest,1.1881985447835177
1773309700.1407588,Rest,1.2604824739973992
1773309700.1417587,Rest,1.3198585587088019
1773309700.1427588,Rest,1.36374523001723
1773309700.1437588,Rest,1.3921424879226834
1773309700.1447587,Rest,1.4011779790744185
1773309700.1457589,Rest,1.3921424879226834
1773309700.1467588,Rest,1.3547097388654947
1773309700.1477587,Rest,1.3030783608555794
1773309700.148759,Rest,1.2437022761441767
1773309700.1497588,Rest,1.1817446225322783
1773309700.1507587,Rest,1.1249501067213714
1773309700.1517587,Rest,1.0759002976119518
1773309700.1527588,Rest,1.0345951952040195
1773309700.1537588,Rest,1.006197937298566
1773309700.1547587,Rest,0.9919993083458394
1773309700.1557589,Rest,0.995871661696583
1773309700.1567588,Rest,1.0216873507015407
1773309700.1577587,Rest,1.0552477464079857
1773309700.1587589,Rest,1.106879124417901
1773309700.1597588,Rest,1.1494750112760812
1773309700.1607587,Rest,1.1869077603332698
1773309700.1617587,Rest,1.2165958026889712
1773309700.1627588,Rest,1.2346667849924415
1773309700.1637588,Rest,1.241120707243681
1773309700.1647587,Rest,1.2307944316416979
1773309700.1657588,Rest,1.2036879581864923
1773309700.1667588,Rest,1.1546381490770727
1773309700.1677587,Rest,1.09526206436567
1773309700.1687589,Rest,1.029432057403028
1773309700.1697588,Rest,0.962311265990138
1773309700.1707587,Rest,0.9003536123782396
1773309700.171759,Rest,0.8461406654678285
1773309700.1727588,Rest,0.8009632097091526
1773309700.1737587,Rest,0.7699843829032034
1773309700.1747587,Rest,0.7532041850499809
1773309700.1757588,Rest,0.7570765384007245
1773309700.1767588,Rest,0.785473796306178
1773309700.1777587,Rest,0.8358143898658454
1773309700.1787589,Rest,0.8706655700225383
1773309700.1797588,Rest,0.9171338102314621
1773309700.1807587,Rest,0.9597296970896423
1773309700.1817589,Rest,0.9945808772463351
1773309700.1827588,Rest,1.0203965662512928
1773309700.1837587,Rest,1.0333044107537717
1773309700.1847587,Rest,1.0333044107537717
1773309700.1857588,Rest,1.0152334284503013
1773309700.1867588,Rest,0.9816730327438563
1773309700.1877587,Rest,0.9377863614354283
1773309700.1887589,Rest,0.8938996901270002
1773309700.1897588,Rest,0.8538853721693158
1773309700.1907587,Rest,0.8229065453633666
1773309700.1917589,Rest,0.8009632097091526
1773309700.1927588,Rest,0.7919277185574174
1773309700.1937587,Rest,0.7945092874579132
1773309700.1947587,Rest,0.8099987008608878
1773309700.1957588,Rest,0.8448498810175806
1773309700.1967587,Rest,0.8926089056767523
1773309700.1977587,Rest,0.9481126370374113
1773309700.1987588,Rest,1.0049071528483182
1773309700.1997588,Rest,1.0475030397064984
1773309700.2007587,Rest,1.0823542198631912
1773309700.2017589,Rest,1.1030067710671574
1773309700.2027588,Rest,1.1055883399676532
1773309700.2037587,Rest,1.0913897110149264
1773309700.204759,Rest,1.0565385308582336
1773309700.2057588,Rest,0.995871661696583
1773309700.2067587,Rest,0.9158430257812142
1773309700.2077587,Rest,0.829360467614606
1773309700.2087588,Rest,0.7428779094479978
1773309700.2097588,Rest,0.6602677046321332
1773309700.2107587,Rest,0.5931469132192433
1773309700.2117589,Rest,0.5389339663088322
1773309700.2127588,Rest,0.5053735706023872
1773309700.2137587,Rest,0.49117494164966047
1773309700.2147589,Rest,0.49891964835114777
1773309700.2157588,Rest,0.5350616129580885
1773309700.2167587,Rest,0.5918561287689954
1773309700.2177587,Rest,0.6576861357316375
1773309700.2187588,Rest,0.7351332027465105
1773309700.2197587,Rest,0.8229065453633666
1773309700.2141044,Rest,0.8693747855722904
1773309700.2151043,Rest,0.9235877324827015
1773309700.2161045,Rest,0.9648928348906338
1773309700.2171044,Rest,0.9919993083458394
1773309700.2181044,Rest,1.0010347994975746
1773309700.2191045,Rest,0.9842546016443521
1773309700.2201045,Rest,0.9494034214876592
1773309700.2211044,Rest,0.9029351812787354
1773309700.2221043,Rest,0.8500130188185722
1773309700.2231045,Rest,0.7970908563584089
1773309700.2241044,Rest,0.7454594783484936
1773309700.2251043,Rest,0.6977004536893219
1773309700.2261045,Rest,0.6589769201818854
1773309700.2271044,Rest,0.6267073089256883
1773309700.2281044,Rest,0.60734554217197
1773309700.2291045,Rest,0.60734554217197
1773309700.2301044,Rest,0.618962602224201
1773309700.2311044,Rest,0.6434875067789108
1773309700.2321043,Rest,0.6718847646843642
1773309700.2331045,Rest,0.7118990826420486
1773309700.2341044,Rest,0.7377147716470063
1773309700.2351043,Rest,0.7699843829032034
1773309700.2361045,Rest,0.795800071908161
1773309700.2371044,Rest,0.8138710542116314
1773309700.2381043,Rest,0.8138710542116314
1773309700.2391045,Rest,0.7932185030076653
1773309700.2401044,Rest,0.7609488917514682
1773309700.2411044,Rest,0.7235161426942796
1773309700.2421045,Rest,0.684792609186843
1773309700.2431045,Rest,0.6525229979306459
1773309700.2441044,Rest,0.629288877826184
1773309700.2451043,Rest,0.618962602224201
1773309700.2461045,Rest,0.6215441711246967
1773309700.2471044,Rest,0.6396151534281671
1773309700.2481043,Rest,0.6757571180351079
1773309700.2491045,Rest,0.729970064945519
1773309700.2501044,Rest,0.7945092874579132
1773309700.2511044,Rest,0.8616300788708031
1773309700.2521045,Rest,0.9222969480324537
1773309700.2531044,Rest,0.973928326042369
1773309700.2541044,Rest,1.0126518595498055
1773309700.2551043,Rest,1.0358859796542674
1773309700.2561045,Rest,1.041049117455259
1773309700.2571044,Rest,1.0268504885025322
1773309700.2581043,Rest,0.9881269549950957
1773309700.2591045,Rest,0.9235877324827015
1773309700.2601044,Rest,0.8435590965673327
1773309700.2611043,Rest,0.7544949695002288
1773309700.2621045,Rest,0.6615584890823811
1773309700.2631044,Rest,0.5712035775650293
1773309700.2641044,Rest,0.48601180384866893
1773309700.2651045,Rest,0.4111463057342917
1773309700.2661045,Rest,0.351770221022889
1773309700.2671044,Rest,0.3117559030652046
1773309700.2681043,Rest,0.30013884301297367
1773309700.2691045,Rest,0.31820982531644404
1773309700.2701044,Rest,0.35564257437363267
1773309700.2711043,Rest,0.407273952383548
1773309700.2721045,Rest,0.4666500370949507
1773309700.2731044,Rest,0.5247353373561054
1773309700.2741044,Rest,0.5776574998162687
1773309700.2751045,Rest,0.6241257400251925
1773309700.2761045,Rest,0.6576861357316375
1773309700.2771044,Rest,0.6757571180351079
1773309700.2781043,Rest,0.6705939802341163
1773309700.2791045,Rest,0.6421967223286629
1773309700.2801044,Rest,0.6008916199207306
1773309700.2811043,Rest,0.5492602419108152
1773309700.2821045,Rest,0.49246572609990835
1773309700.2831044,Rest,0.43696199473924935
1773309700.2841043,Rest,0.38274904782883823
1773309700.2851045,Rest,0.3375715920701623
1773309700.2861044,Rest,0.3040111963637173
1773309700.2871044,Rest,0.28594021406024694
1773309700.2881043,Rest,0.29368492076173425
1773309700.2891045,Rest,0.3220821786671877
1773309700.2901044,Rest,0.36467806552536786
1773309700.2911043,Rest,0.4150186590850353
1773309700.2921045,Rest,0.4653592526447028
1773309700.2931044,Rest,0.5131182773038745
1773309700.2941043,Rest,0.5505510263610631
1773309700.2951045,Rest,0.5724943620152771
1773309700.2961044,Rest,0.5776574998162687
1773309700.2971044,Rest,0.5608773019630462
1773309700.2981045,Rest,0.5195721995551139
1773309700.2991045,Rest,0.4589053303934634
1773309700.3001044,Rest,0.3840398322790861
1773309700.3011043,Rest,0.31046511861495674
1773309700.3021045,Rest,0.240762758301571
1773309700.3031044,Rest,0.18396824249066412
1773309700.3041043,Rest,0.14137235563248396
1773309700.3051045,Rest,0.11813823552802205
1773309700.3061044,Rest,0.11297509772703052
1773309700.3071043,Rest,0.12459215777926147
1773309700.3081045,Rest,0.16331569128669798
1773309700.3091044,Rest,0.2175286381971091
1773309700.3101044,Rest,0.27690472290851176
1773309700.3111043,Rest,0.3375715920701623
1773309700.3121045,Rest,0.38920297008007765
1773309700.3131044,Rest,0.42921728803776205
1773309700.3244138,Rest,0.4550329770427197
1773309700.3254137,Rest,0.4653592526447028
1773309700.3264139,Rest,0.46019611484371126
1773309700.3274138,Rest,0.43696199473924935
1773309700.3284137,Rest,0.3840398322790861
1773309700.329414,Rest,0.3233729631174356
1773309700.3304138,Rest,0.25367060280404985
1773309700.3314137,Rest,0.18396824249066412
1773309700.3324137,Rest,0.12330137332901359
1773309700.3334138,Rest,0.07037921086885035
1773309700.3344138,Rest,0.02907410846091807
1773309700.3354137,Rest,0.001967635005712509
1773309700.3364139,Rest,-0.013521778397262096
1773309700.3374138,Rest,-0.012230993947014213
1773309700.3384137,Rest,0.01229391060769558
1773309700.339414,Rest,0.04585430631414056
1773309700.3404138,Rest,0.08457783982157707
1773309700.3414137,Rest,0.12459215777926147
1773309700.3424137,Rest,0.15686176903545856
1773309700.3434138,Rest,0.18138667359016836
1773309700.3444138,Rest,0.19558530254289508
1773309700.3454137,Rest,0.19558530254289508
1773309700.3464139,Rest,0.18138667359016836
1773309700.3474138,Rest,0.14782627788372338
1773309700.3484137,Rest,0.09490411542356014
1773309700.3494139,Rest,0.031655677361413836
1773309700.3504138,Rest,-0.04450060520321131
1773309700.3514137,Rest,-0.10774904326535761
1773309700.352414,Rest,-0.17486983467824757
1773309700.3534138,Rest,-0.22521042823791504
1773309700.3544137,Rest,-0.26393396174535155
1773309700.3554137,Rest,-0.2845865129493177
1773309700.3564138,Rest,-0.2910404352005571
1773309700.3574138,Rest,-0.27296945289708674
1773309700.3584137,Rest,-0.23811827274039388
1773309700.3594139,Rest,-0.19035924808122218
1773309700.3604138,Rest,-0.1413094389718026
1773309700.3614137,Rest,-0.09742276766337454
1773309700.362414,Rest,-0.06257158750668168
1773309700.3634138,Rest,-0.03804668295197189
1773309700.3644137,Rest,-0.027720407349988818
1773309700.3654137,Rest,-0.03159276070073247
1773309700.3664138,Rest,-0.050954527454450727
1773309700.3674138,Rest,-0.09096884541213512
1773309700.3684137,Rest,-0.1490541456732899
1773309700.3694139,Rest,-0.21101179928518832
1773309700.3704138,Rest,-0.28845886630006135
1773309700.3714137,Rest,-0.3555796577129513
1773309700.3724139,Rest,-0.38268613116815686
1773309700.3734138,Rest,-0.41624652687460184
1773309700.3744137,Rest,-0.4356082936283201
1773309700.375414,Rest,-0.43948064697906375
1773309700.3764138,Rest,-0.4278635869268328
1773309700.3774137,Rest,-0.3943031912203878
1773309700.3784137,Rest,-0.3413810287602246
1773309700.3794138,Rest,-0.2755510217975825
1773309700.3804138,Rest,-0.2045578770339489
1773309700.3814137,Rest,-0.13485551672056317
1773309700.3824139,Rest,-0.07031629420816898
1773309700.3834138,Rest,-0.01481256284750998
1773309700.3844137,Rest,0.023910970659926534
1773309700.385414,Rest,0.044563521863892674
1773309700.3864138,Rest,0.04198195296339691
1773309700.3874137,Rest,0.009712341707199812
1773309700.3884137,Rest,-0.04579138965345919
1773309700.3894138,Rest,-0.1167845344170928
1773309700.3904138,Rest,-0.1955223858822137
1773309700.3914137,Rest,-0.2755510217975825
1773309700.3924139,Rest,-0.35299808881245553
1773309700.3934138,Rest,-0.4214096646755934
1773309700.3944137,Rest,-0.48078574938699603
1773309700.3954139,Rest,-0.5246724206954241
1773309700.3964138,Rest,-0.5530696786008775
1773309700.3974137,Rest,-0.5556512475013733
1773309700.3984137,Rest,-0.5401618340983987
1773309700.3994138,Rest,-0.514346145093441
1773309700.4004138,Rest,-0.4820765338372439
1773309700.4014137,Rest,-0.4498069225810468
1773309700.4024138,Rest,-0.4201188802253455
1773309700.4034138,Rest,-0.39817554457113147
1773309700.4044137,Rest,-0.38397691561840475
1773309700.4054139,Rest,-0.38268613116815686
1773309700.4064138,Rest,-0.3955939756706357
1773309700.4074137,Rest,-0.43173594027757645
1773309700.408414,Rest,-0.4820765338372439
1773309700.4094138,Rest,-0.5414526185486466
1773309700.4104137,Rest,-0.603410272160545
1773309700.4114137,Rest,-0.6602047879714519
1773309700.4124138,Rest,-0.7105453815311193
1773309700.4134138,Rest,-0.747978130588308
1773309700.4144137,Rest,-0.7737938195932657
1773309700.4154139,Rest,-0.7841200951952487
1773309700.4164138,Rest,-0.781538526294753
1773309700.4174137,Rest,-0.7492689150385559
1773309700.4184139,Rest,-0.7066730281803757
1773309700.4194138,Rest,-0.6576232190709561
1773309700.4204137,Rest,-0.6072826255112886
1773309700.4214137,Rest,-0.5608143853023648
1773309700.4224138,Rest,-0.5220908517949283
1773309700.4234138,Rest,-0.49369359388947487
1773309700.4182537,Rest,-0.47949496493674815
1773309700.4192536,Rest,-0.48078574938699603
1773309700.4202538,Rest,-0.50272908504121
1773309700.4212537,Rest,-0.5491973252501339
1773309700.4222536,Rest,-0.6098641944117844
1773309700.4232538,Rest,-0.6795665547251701
1773309700.4242537,Rest,-0.7531412683892995
1773309700.4252536,Rest,-0.8215528442524374
1773309700.4262536,Rest,-0.8848012823145837
1773309700.4272537,Rest,-0.9390142292249948
1773309700.4282537,Rest,-0.9829009005334228
1773309700.4292536,Rest,-1.0125889428891242
1773309700.4302537,Rest,-1.024206002941355
1773309700.4312537,Rest,-1.0112981584388763
1773309700.4322536,Rest,-0.991936391685158
1773309700.4332538,Rest,-0.9467589359264821
1773309700.4342537,Rest,-0.9067446179687977
1773309700.4352536,Rest,-0.8680210844613612
1773309700.4362535,Rest,-0.8344606887549162
1773309700.4372537,Rest,-0.8099357842002064
1773309700.4382536,Rest,-0.7970279396977276
1773309700.4392536,Rest,-0.7970279396977276
1773309700.4402537,Rest,-0.8163897064514458
1773309700.4412537,Rest,-0.8538224555086344
1773309700.4422536,Rest,-0.8977091268170625
1773309700.4432538,Rest,-0.9467589359264821
1773309700.4442537,Rest,-0.9906456072349101
1773309700.4452536,Rest,-1.0293691407423466
1773309700.4462538,Rest,-1.0551848297473043
1773309700.4472537,Rest,-1.0719650276005268
1773309700.4482536,Rest,-1.0745465965010226
1773309700.4492536,Rest,-1.0642203208990395
1773309700.4502537,Rest,-1.0332414940930903
1773309700.4512537,Rest,-0.9854824694339186
1773309700.4522536,Rest,-0.9312695225235075
1773309700.4532537,Rest,-0.8757657911628485
1773309700.4542537,Rest,-0.803481861948967
1773309700.4552536,Rest,-0.7867016640957445
1773309700.4562538,Rest,-0.7595951906405389
1773309700.4572537,Rest,-0.747978130588308
1773309700.4582536,Rest,-0.7531412683892995
1773309700.4592535,Rest,-0.7737938195932657
1773309700.4602537,Rest,-0.8215528442524374
1773309700.4612536,Rest,-0.8873828512150794
1773309700.4622536,Rest,-0.9674114871304482
1773309700.4632537,Rest,-1.0500216919463128
1773309700.4642537,Rest,-1.1339226812124252
1773309700.4652536,Rest,-1.2100789637770504
1773309700.4662538,Rest,-1.279781324090436
1773309700.4672537,Rest,-1.3339942710008472
1773309700.4682536,Rest,-1.3752993734087795
1773309700.4692538,Rest,-1.3972427090629935
1773309700.4702537,Rest,-1.3933703557122499
1773309700.4712536,Rest,-1.370136235607788
1773309700.4722536,Rest,-1.3339942710008472
1773309700.4732537,Rest,-1.291398384142667
1773309700.4742537,Rest,-1.2500932817347348
1773309700.4752536,Rest,-1.2113697482272983
1773309700.4762537,Rest,-1.1791001369711012
1773309700.4772537,Rest,-1.1558660168666393
1773309700.4782536,Rest,-1.1455397412646562
1773309700.4792538,Rest,-1.1494120946153998
1773309700.4802537,Rest,-1.1778093525208533
1773309700.4812536,Rest,-1.2204052393790334
1773309700.4822536,Rest,-1.2720366173889488
1773309700.4832537,Rest,-1.3288311331998557
1773309700.4842536,Rest,-1.3791717267595232
1773309700.4852536,Rest,-1.424349182518199
1773309700.4862537,Rest,-1.457909578224644
1773309700.4872537,Rest,-1.4785621294286102
1773309700.4882536,Rest,-1.4824344827793539
1773309700.4892538,Rest,-1.470817422727123
1773309700.4902537,Rest,-1.4333846736699343
1773309700.4912536,Rest,-1.3856256490107626
1773309700.4922535,Rest,-1.3288311331998557
1773309700.4932537,Rest,-1.270745832938701
1773309700.4942536,Rest,-1.2178236704785377
1773309700.4952536,Rest,-1.1752277836203575
1773309700.4962537,Rest,-1.1442489568144083
1773309700.4972537,Rest,-1.1274687589611858
1773309700.4982536,Rest,-1.12488719006069
1773309700.4992537,Rest,-1.1403766034636647
1773309700.5002537,Rest,-1.1778093525208533
1773309700.5012536,Rest,-1.2384762216825038
1773309700.5022538,Rest,-1.304306228645146
1773309700.5032537,Rest,-1.3740085889585316
1773309700.5042536,Rest,-1.4437109492719173
1773309700.5052536,Rest,-1.5069593873340636
1773309700.5062537,Rest,-1.5650446875952184
1773309700.5072536,Rest,-1.6102221433538944
1773309700.5082536,Rest,-1.6424917546100914
1773309700.5092537,Rest,-1.6553995991125703
1773309700.5102537,Rest,-1.6412009701598436
1773309700.5112536,Rest,-1.6128037122543901
1773309700.5122538,Rest,-1.5714986098464578
1773309700.5132537,Rest,-1.5224488007370383
1773309700.5142536,Rest,-1.4733989916276187
1773309700.5152535,Rest,-1.425639966968447
1773309700.5162537,Rest,-1.3830440801102668
1773309700.5172536,Rest,-1.3507744688540697
1773309700.5120993,Rest,-1.3314127021003515
1773309700.5130992,Rest,-1.3314127021003515
1773309700.5140994,Rest,-1.3559376066550612
1773309700.5150993,Rest,-1.3933703557122499
1773309700.5160992,Rest,-1.4411293803714216
1773309700.5170994,Rest,-1.492760758381337
1773309700.5180993,Rest,-1.5431013519410044
1773309700.5190992,Rest,-1.5882788076996803
1773309700.5200992,Rest,-1.624420772306621
1773309700.5210993,Rest,-1.6502364613115788
1773309700.5220993,Rest,-1.6631443058140576
1773309700.5230992,Rest,-1.657981168013066
1773309700.5240993,Rest,-1.6308746945578605
1773309700.5250993,Rest,-1.590860376600176
1773309700.5260992,Rest,-1.5456829208415002
1773309700.5270994,Rest,-1.4992146806325763
1773309700.5280993,Rest,-1.4604911471251398
1773309700.5290992,Rest,-1.4295123203191906
1773309700.5300992,Rest,-1.4114413380157202
1773309700.5310993,Rest,-1.4088597691152245
1773309700.5320992,Rest,-1.4204768291674554
1773309700.5330992,Rest,-1.4540372248739004
1773309700.5340993,Rest,-1.5043778184335679
1773309700.5350993,Rest,-1.5663354720454663
1773309700.5360992,Rest,-1.6308746945578605
1773309700.5370994,Rest,-1.6889599948190153
1773309700.5380993,Rest,-1.7380098039284348
1773309700.5390992,Rest,-1.7715701996348798
1773309700.5400994,Rest,-1.790931966388598
1773309700.5410993,Rest,-1.7935135352890939
1773309700.5420992,Rest,-1.7767333374358714
1773309700.5430992,Rest,-1.736719019478187
1773309700.5440993,Rest,-1.6747613658662885
1773309700.5450993,Rest,-1.6011866522021592
1773309700.5460992,Rest,-1.525030369637534
1773309700.5470994,Rest,-1.4540372248739004
1773309700.5480993,Rest,-1.392079571262002
1773309700.5490992,Rest,-1.3417389777023345
1773309700.5500994,Rest,-1.3081785819958895
1773309700.5510993,Rest,-1.2939799530431628
1773309700.5520992,Rest,-1.2991430908441544
1773309700.5530992,Rest,-1.3327034865505993
1773309700.5540993,Rest,-1.3869164334610105
1773309700.5550992,Rest,-1.4553280093241483
1773309700.5560992,Rest,-1.5301935074385256
1773309700.5570993,Rest,-1.6050590055529028
1773309700.5580993,Rest,-1.6734705814160407
1773309700.5590992,Rest,-1.7328466661274433
1773309700.5600994,Rest,-1.7780241218861192
1773309700.5610993,Rest,-1.8051305953413248
1773309700.5620992,Rest,-1.81416608649306
1773309700.5630994,Rest,-1.7960951041895896
1773309700.5640993,Rest,-1.7780241218861192
1773309700.5650992,Rest,-1.714775683823973
1773309700.5660992,Rest,-1.6657258747145534
1773309700.5670993,Rest,-1.6218392034061253
1773309700.5680993,Rest,-1.5831156698986888
1773309700.5690992,Rest,-1.5547184119932353
1773309700.5700994,Rest,-1.535356645239517
1773309700.5710993,Rest,-1.5289027229882777
1773309700.5720992,Rest,-1.5340658607892692
1773309700.5730994,Rest,-1.5611723342444748
1773309700.5740993,Rest,-1.602477436652407
1773309700.5750992,Rest,-1.6515272457618266
1773309700.5760992,Rest,-1.701867839321494
1773309700.5770993,Rest,-1.7509176484309137
1773309700.5780993,Rest,-1.792222750838846
1773309700.5790992,Rest,-1.824492362095043
1773309700.5800993,Rest,-1.846435697749257
1773309700.5810993,Rest,-1.8554711889009923
1773309700.5820992,Rest,-1.8503080511000007
1773309700.5830994,Rest,-1.8232015776447952
1773309700.5840993,Rest,-1.7844780441373587
1773309700.5850992,Rest,-1.7380098039284348
1773309700.5860991,Rest,-1.691541563719511
1773309700.5870993,Rest,-1.6399101857095957
1773309700.5880992,Rest,-1.6063497900031507
1773309700.5890992,Rest,-1.5727893942967057
1773309700.5900993,Rest,-1.5508460586424917
1773309700.5910993,Rest,-1.5392289985902607
1773309700.5920992,Rest,-1.5443921363912523
1773309700.5930994,Rest,-1.5714986098464578
1773309700.5940993,Rest,-1.6089313589036465
1773309700.5950992,Rest,-1.6541088146623224
1773309700.5960994,Rest,-1.6992862704209983
1773309700.5970993,Rest,-1.7393005883786827
1773309700.5980992,Rest,-1.7728609840851277
1773309700.5990992,Rest,-1.7960951041895896
1773309700.6000993,Rest,-1.8077121642418206
1773309700.6010993,Rest,-1.8064213797915727
1773309700.6020992,Rest,-1.7870596130378544
1773309700.6030993,Rest,-1.7496268639806658
1773309700.6040993,Rest,-1.6992862704209983
1773309700.6050992,Rest,-1.647654892411083
1773309700.6060994,Rest,-1.5986050833016634
1773309700.6070993,Rest,-1.5598815497942269
1773309700.6080992,Rest,-1.5289027229882777
1773309700.6090991,Rest,-1.5159948784857988
1773309700.6100993,Rest,-1.5159948784857988
1773309700.6110992,Rest,-1.5340658607892692
1773309700.6202188,Rest,-1.5727893942967057
1773309700.6212187,Rest,-1.6308746945578605
1773309700.6222188,Rest,-1.7005770548712462
1773309700.6232188,Rest,-1.7715701996348798
1773309700.6242187,Rest,-1.8412725599482656
1773309700.6252189,Rest,-1.901939429109916
1773309700.6262188,Rest,-1.9522800226695836
1773309700.6272187,Rest,-1.9858404183760285
1773309700.6282187,Rest,-2.003911400679499
1773309700.6292188,Rest,-2.005202185129747
1773309700.6302187,Rest,-1.9832588494755328
1773309700.6312187,Rest,-1.9419537470676005
1773309700.6322188,Rest,-1.8877408001571894
1773309700.6332188,Rest,-1.8283647154457867
1773309700.6342187,Rest,-1.7715701996348798
1773309700.6352189,Rest,-1.7212296060752124
1773309700.6362188,Rest,-1.67992450366728
1773309700.6372187,Rest,-1.6489456768613309
1773309700.6382186,Rest,-1.6334562634583563
1773309700.6392188,Rest,-1.6334562634583563
1773309700.6402187,Rest,-1.657981168013066
1773309700.6412187,Rest,-1.6992862704209983
1773309700.6422188,Rest,-1.7547900017816573
1773309700.6432188,Rest,-1.812875302042812
1773309700.6442187,Rest,-1.8709606023039669
1773309700.6452188,Rest,-1.9187196269631386
1773309700.6462188,Rest,-1.9561523760203272
1773309700.6472187,Rest,-1.9780957116745412
1773309700.6482189,Rest,-1.9832588494755328
1773309700.6492188,Rest,-1.9729325738735497
1773309700.6502187,Rest,-1.9380813937168568
1773309700.6512187,Rest,-1.8877408001571894
1773309700.6522188,Rest,-1.825783146545291
1773309700.6532187,Rest,-1.7664070618338883
1773309700.6542187,Rest,-1.7109033304732293
1773309700.6552188,Rest,-1.6657258747145534
1773309700.6562188,Rest,-1.6334562634583563
1773309700.6572187,Rest,-1.6179668500553817
1773309700.6582189,Rest,-1.6166760656051338
1773309700.6592188,Rest,-1.6334562634583563
1773309700.6602187,Rest,-1.6760521503165364
1773309700.6612186,Rest,-1.7341374505776912
1773309700.6622188,Rest,-1.8012582419905812
1773309700.6632187,Rest,-1.8657974645029753
1773309700.6642187,Rest,-1.9264643336646259
1773309700.6652188,Rest,-1.969060220522806
1773309700.6662188,Rest,-2.001329831779003
1773309700.6672187,Rest,-2.01552846073173
1773309700.6682189,Rest,-2.0090745384804904
1773309700.6692188,Rest,-1.9858404183760285
1773309700.6702187,Rest,-1.935499824816361
1773309700.6712189,Rest,-1.8722513867542148
1773309700.6722188,Rest,-1.8012582419905812
1773309700.6732187,Rest,-1.7341374505776912
1773309700.6742187,Rest,-1.6734705814160407
1773309700.6752188,Rest,-1.6270023412071168
1773309700.6762187,Rest,-1.5947327299509197
1773309700.6772187,Rest,-1.5792433165479451
1773309700.6782188,Rest,-1.5831156698986888
1773309700.6792188,Rest,-1.6063497900031507
1773309700.6802187,Rest,-1.6528180302120745
1773309700.6812189,Rest,-1.7160664682742208
1773309700.6822188,Rest,-1.7844780441373587
1773309700.6832187,Rest,-1.8541804044507444
1773309700.6842186,Rest,-1.9174288425128907
1773309700.6852188,Rest,-1.969060220522806
1773309700.6862187,Rest,-2.0090745384804904
1773309700.6872187,Rest,-2.0310178741347045
1773309700.6882188,Rest,-2.037471796385944
1773309700.6892188,Rest,-2.024563951883465
1773309700.6902187,Rest,-1.9858404183760285
1773309700.6912189,Rest,-1.9329182559158653
1773309700.6922188,Rest,-1.8722513867542148
1773309700.6932187,Rest,-1.812875302042812
1773309700.6942186,Rest,-1.7599531395826489
1773309700.6952188,Rest,-1.714775683823973
1773309700.6962187,Rest,-1.6837968570180237
1773309700.6972187,Rest,-1.6670166591648012
1773309700.6982188,Rest,-1.6670166591648012
1773309700.6992188,Rest,-1.6850876414682716
1773309700.7002187,Rest,-1.7289743127766997
1773309700.7012188,Rest,-1.781896475236863
1773309700.7022188,Rest,-1.8438541288487613
1773309700.7032187,Rest,-1.903230213560164
1773309700.7042189,Rest,-1.9561523760203272
1773309700.7052188,Rest,-1.9987482628785074
1773309700.7062187,Rest,-2.027145520783961
1773309700.7072186,Rest,-2.037471796385944
1773309700.7082188,Rest,-2.0297270896844566
1773309700.7092187,Rest,-1.9897127717267722
1773309700.7102187,Rest,-1.936790609266609
1773309700.7112188,Rest,-1.8619251111522317
1773309700.7122188,Rest,-1.7793149063363671
1773309700.7132187,Rest,-1.7005770548712462
1773309700.7142189,Rest,-1.6282931256573647
1773309700.7152188,Rest,-1.5676262564957142
1773309700.7162187,Rest,-1.5211580162867904
1773309700.7172186,Rest,-1.4940515428315848
1773309700.7182188,Rest,-1.4875976205803454
1773309700.7192187,Rest,-1.5082501717843115
1773309700.713587,Rest,-1.5534276275429875
1773309700.714587,Rest,-1.6153852811548859
1773309700.7155871,Rest,-1.6850876414682716
1773309700.716587,Rest,-1.7547900017816573
1773309700.717587,Rest,-1.8193292242940515
1773309700.7185872,Rest,-1.8722513867542148
1773309700.719587,Rest,-1.9109749202616513
1773309700.720587,Rest,-1.9342090403661132
1773309700.721587,Rest,-1.936790609266609
1773309700.722587,Rest,-1.9161380580626428
1773309700.723587,Rest,-1.8761237401049584
1773309700.724587,Rest,-1.8180384398438036
1773309700.7255871,Rest,-1.757371570682153
1773309700.726587,Rest,-1.7005770548712462
1773309700.727587,Rest,-1.6489456768613309
1773309700.7285872,Rest,-1.6076405744533986
1773309700.729587,Rest,-1.5792433165479451
1773309700.730587,Rest,-1.5663354720454663
1773309700.731587,Rest,-1.57020782539621
1773309700.732587,Rest,-1.5986050833016634
1773309700.733587,Rest,-1.6437825390603393
1773309700.734587,Rest,-1.7005770548712462
1773309700.7355871,Rest,-1.757371570682153
1773309700.736587,Rest,-1.8090029486920685
1773309700.737587,Rest,-1.8554711889009923
1773309700.7385871,Rest,-1.8877408001571894
1773309700.739587,Rest,-1.9083933513611555
1773309700.740587,Rest,-1.914847273612395
1773309700.7415872,Rest,-1.9058117824606597
1773309700.742587,Rest,-1.8722513867542148
1773309700.743587,Rest,-1.8232015776447952
1773309700.744587,Rest,-1.7638254929333925
1773309700.745587,Rest,-1.7121941149234772
1773309700.746587,Rest,-1.6502364613115788
1773309700.747587,Rest,-1.6011866522021592
1773309700.7485871,Rest,-1.5611723342444748
1773309700.749587,Rest,-1.535356645239517
1773309700.750587,Rest,-1.5237395851872861
1773309700.7515872,Rest,-1.5276119385380298
1773309700.752587,Rest,-1.5598815497942269
1773309700.753587,Rest,-1.6050590055529028
1773309700.754587,Rest,-1.6605627369135618
1773309700.755587,Rest,-1.7173572527244687
1773309700.756587,Rest,-1.7715701996348798
1773309700.757587,Rest,-1.8180384398438036
1773309700.7585871,Rest,-1.8554711889009923
1773309700.759587,Rest,-1.879996093455702
1773309700.760587,Rest,-1.8890315846074373
1773309700.7615871,Rest,-1.8825776623561978
1773309700.762587,Rest,-1.8528896200004965
1773309700.763587,Rest,-1.8090029486920685
1773309700.7645872,Rest,-1.758662355132401
1773309700.765587,Rest,-1.7044494082219899
1773309700.766587,Rest,-1.6657258747145534
1773309700.767587,Rest,-1.6128037122543901
1773309700.768587,Rest,-1.5831156698986888
1773309700.769587,Rest,-1.5676262564957142
1773309700.770587,Rest,-1.5650446875952184
1773309700.7715871,Rest,-1.581824885448441
1773309700.772587,Rest,-1.6231299878563732
1773309700.773587,Rest,-1.6760521503165364
1773309700.7745872,Rest,-1.7341374505776912
1773309700.775587,Rest,-1.7935135352890939
1773309700.776587,Rest,-1.846435697749257
1773309700.777587,Rest,-1.8890315846074373
1773309700.778587,Rest,-1.9187196269631386
1773309700.779587,Rest,-1.9342090403661132
1773309700.780587,Rest,-1.9329182559158653
1773309700.7815871,Rest,-1.9109749202616513
1773309700.782587,Rest,-1.8683790334034711
1773309700.783587,Rest,-1.8102937331423163
1773309700.7845871,Rest,-1.7457545106299222
1773309700.785587,Rest,-1.6837968570180237
1773309700.786587,Rest,-1.6282931256573647
1773309700.787587,Rest,-1.580534100998193
1773309700.788587,Rest,-1.546973705291748
1773309700.789587,Rest,-1.5276119385380298
1773309700.790587,Rest,-1.5237395851872861
1773309700.791587,Rest,-1.5418105674907565
1773309700.792587,Rest,-1.581824885448441
1773309700.793587,Rest,-1.6321654790081084
1773309700.7945871,Rest,-1.6876692103687674
1773309700.795587,Rest,-1.7418821572791785
1773309700.796587,Rest,-1.7896411819383502
1773309700.7975872,Rest,-1.8283647154457867
1773309700.798587,Rest,-1.8541804044507444
1773309700.799587,Rest,-1.8645066800527275
1773309700.800587,Rest,-1.8606343267019838
1773309700.801587,Rest,-1.8348186376970261
1773309700.802587,Rest,-1.7883503974881023
1773309700.803587,Rest,-1.7315558816771954
1773309700.8045871,Rest,-1.670889012515545
1773309700.805587,Rest,-1.6102221433538944
1773309700.806587,Rest,-1.558590765343979
1773309700.8075871,Rest,-1.5159948784857988
1773309700.808587,Rest,-1.4863068361300975
1773309700.809587,Rest,-1.4721082071773708
1773309700.810587,Rest,-1.4721082071773708
1773309700.811587,Rest,-1.5005054650828242
1773309700.812587,Rest,-1.536647429689765
1773309700.8222113,Rest,-1.5882788076996803
1773309700.8232112,Rest,-1.6424917546100914
1773309700.8242114,Rest,-1.6902507792692631
1773309700.8252113,Rest,-1.7302650972269475
1773309700.8262112,Rest,-1.758662355132401
1773309700.8272114,Rest,-1.7754425529856235
1773309700.8282113,Rest,-1.7741517685353756
1773309700.8292112,Rest,-1.7560807862319052
1773309700.8302112,Rest,-1.7160664682742208
1773309700.8312113,Rest,-1.657981168013066
1773309700.8322113,Rest,-1.5869880232494324
1773309700.8332112,Rest,-1.514704094035551
1773309700.8342113,Rest,-1.447583302622661
1773309700.8352113,Rest,-1.3894980023615062
1773309700.8362112,Rest,-1.3417389777023345
1773309700.8372114,Rest,-1.3094693664461374
1773309700.8382113,Rest,-1.2952707374934107
1773309700.8392112,Rest,-1.3055970130953938
1773309700.8402112,Rest,-1.3327034865505993
1773309700.8412113,Rest,-1.3740085889585316
1773309700.8422112,Rest,-1.4333846736699343
1773309700.8432112,Rest,-1.492760758381337
1773309700.8442113,Rest,-1.548264489741996
1773309700.8452113,Rest,-1.5947327299509197
1773309700.8462112,Rest,-1.6295839101076126
1773309700.8472114,Rest,-1.6502364613115788
1773309700.8482113,Rest,-1.6528180302120745
1773309700.8492112,Rest,-1.6399101857095957
1773309700.8502114,Rest,-1.5986050833016634
1773309700.8512113,Rest,-1.5431013519410044
1773309700.8522112,Rest,-1.4772713449783623
1773309700.8532112,Rest,-1.4088597691152245
1773309700.8542113,Rest,-1.3430297621525824
1773309700.8552113,Rest,-1.2849444618914276
1773309700.8562112,Rest,-1.237185437232256
1773309700.8572114,Rest,-1.203625041525811
1773309700.8582113,Rest,-1.1842632747720927
1773309700.8592112,Rest,-1.1829724903218448
1773309700.8602114,Rest,-1.2062066104263067
1773309700.8612113,Rest,-1.2436393594834954
1773309700.8622112,Rest,-1.2875260307919234
1773309700.8632112,Rest,-1.324958779849112
1773309700.8642113,Rest,-1.3791717267595232
1773309700.8652112,Rest,-1.4127321224659681
1773309700.8662112,Rest,-1.43596624257043
1773309700.8672113,Rest,-1.4450017337221652
1773309700.8682113,Rest,-1.4385478114709258
1773309700.8692112,Rest,-1.414022906916216
1773309700.8702114,Rest,-1.3675546667072922
1773309700.8712113,Rest,-1.3068877975456417
1773309700.8722112,Rest,-1.2384762216825038
1773309700.8732114,Rest,-1.170064645819366
1773309700.8742113,Rest,-1.1068162077572197
1773309700.8752112,Rest,-1.0538940452970564
1773309700.8762112,Rest,-1.0125889428891242
1773309700.8772113,Rest,-0.9867732538841665
1773309700.8782113,Rest,-0.9764469782821834
1773309700.8792112,Rest,-0.9880640383344144
1773309700.8802114,Rest,-1.0229152184911072
1773309700.8812113,Rest,-1.0719650276005268
1773309700.8822112,Rest,-1.1274687589611858
1773309700.8832114,Rest,-1.1907171970233321
1773309700.8842113,Rest,-1.2320222994312644
1773309700.8852112,Rest,-1.269455048488453
1773309700.8862112,Rest,-1.2965615219436586
1773309700.8872113,Rest,-1.3055970130953938
1773309700.8882113,Rest,-1.2978523063939065
1773309700.8892112,Rest,-1.270745832938701
1773309700.8902113,Rest,-1.2204052393790334
1773309700.8912113,Rest,-1.158447585767135
1773309700.8922112,Rest,-1.091326794354245
1773309700.8932114,Rest,-1.0267875718418509
1773309700.8942113,Rest,-0.9661207026802003
1773309700.8952112,Rest,-0.9157801091205329
1773309700.8962111,Rest,-0.8796381445135921
1773309700.8972113,Rest,-0.8576948088593781
1773309700.8982112,Rest,-0.8525316710583866
1773309700.8992112,Rest,-0.869311868911609
1773309700.9002113,Rest,-0.9093261868692935
1773309700.9012113,Rest,-0.9609575648792088
1773309700.9022112,Rest,-1.0190428651403636
1773309700.9032114,Rest,-1.0745465965010226
1773309700.9042113,Rest,-1.1235964056104422
1773309700.9052112,Rest,-1.1610291546676308
1773309700.9062114,Rest,-1.1855540592223406
1773309700.9072113,Rest,-1.19200798147358
1773309700.9082112,Rest,-1.180390921421349
1773309700.9092112,Rest,-1.1442489568144083
1773309700.9102113,Rest,-1.0874544410035014
1773309700.9112113,Rest,-1.0177520806901157
1773309700.9122112,Rest,-0.9428865825757384
1773309700.9132113,Rest,-0.8718934378121048
1773309700.9142113,Rest,-0.8086449997499585
1773309700.9152112,Rest,-0.7570136217400432
1773309700.9162114,Rest,-0.7208716571331024
1773309700.9172113,Rest,-0.7015098903793842
1773309700.9182112,Rest,-0.7002191059291363
1773309700.9192111,Rest,-0.7247440104838461
1773309700.9202113,Rest,-0.7673398973420262
1773309700.9212112,Rest,-0.8202620598021895
1773309700.9167206,Rest,-0.8783473600633442
1773309700.9177206,Rest,-0.9325603069737554
1773309700.9187207,Rest,-0.9790285471826792
1773309700.9197206,Rest,-1.01517051178962
1773309700.9207206,Rest,-1.0384046318940818
1773309700.9217207,Rest,-1.0461493385955691
1773309700.9227207,Rest,-1.0384046318940818
1773309700.9237206,Rest,-0.9983903139363974
1773309700.9247205,Rest,-0.9532128581777215
1773309700.9257207,Rest,-0.8912552045658231
1773309700.9267206,Rest,-0.8292975509539247
1773309700.9277205,Rest,-0.7725030351430178
1773309700.9287207,Rest,-0.7234532260335982
1773309700.9297206,Rest,-0.6860204769764096
1773309700.9307206,Rest,-0.6640771413221955
1773309700.9317207,Rest,-0.6576232190709561
1773309700.9327207,Rest,-0.6718218480236828
1773309700.9337206,Rest,-0.7105453815311193
1773309700.9347205,Rest,-0.7647583284415305
1773309700.9357207,Rest,-0.8318791198544204
1773309700.9367206,Rest,-0.9015814801678061
1773309700.9377205,Rest,-0.9648299182299525
1773309700.9387207,Rest,-1.0216244340408593
1773309700.9397206,Rest,-1.0680926742497832
1773309700.9407206,Rest,-1.1003622855059803
1773309700.9417207,Rest,-1.114560914458707
1773309700.9427207,Rest,-1.1119793455582112
1773309700.9437206,Rest,-1.0848728721030056
1773309700.9447207,Rest,-1.0345322785433382
1773309700.9457207,Rest,-0.9777377627324313
1773309700.9467206,Rest,-0.9209432469215244
1773309700.9477205,Rest,-0.8667303000111133
1773309700.9487207,Rest,-0.8189712753519416
1773309700.9497206,Rest,-0.7828293107450008
1773309700.9507205,Rest,-0.7608859750907868
1773309700.9517207,Rest,-0.7544320528395474
1773309700.9527206,Rest,-0.7673398973420262
1773309700.9537206,Rest,-0.8060634308494627
1773309700.9547207,Rest,-0.858985593309626
1773309700.9557207,Rest,-0.9196524624712765
1773309700.9567206,Rest,-0.9829009005334228
1773309700.9577205,Rest,-1.0409862007945776
1773309700.9587207,Rest,-1.0939083632547408
1773309700.9597206,Rest,-1.1352134656626731
1773309700.9607205,Rest,-1.1636107235681266
1773309700.9617207,Rest,-1.1765185680706054
1773309700.9627206,Rest,-1.168773861369118
1773309700.9637206,Rest,-1.1390858190134168
1773309700.9647207,Rest,-1.0964899321552366
1773309700.9657207,Rest,-1.037113847443834
1773309700.9667206,Rest,-0.9958087450359017
1773309700.9677207,Rest,-0.9467589359264821
1773309700.9687207,Rest,-0.9106169713195413
1773309700.9697206,Rest,-0.8873828512150794
1773309700.9707205,Rest,-0.8796381445135921
1773309700.9717207,Rest,-0.8886736356653273
1773309700.9727206,Rest,-0.9183616780210286
1773309700.9737206,Rest,-0.9712838404811919
1773309700.9747207,Rest,-1.035823062993586
1773309700.9757206,Rest,-1.104234638856724
1773309700.9767206,Rest,-1.1726462147198617
1773309700.9777207,Rest,-1.2333130838815123
1773309700.9787207,Rest,-1.2823628929909319
1773309700.9797206,Rest,-1.3172140731476247
1773309700.9807205,Rest,-1.336575839901343
1773309700.9817207,Rest,-1.3391574088018388
1773309700.9827206,Rest,-1.3172140731476247
1773309700.9837205,Rest,-1.2733274018391967
1773309700.9847207,Rest,-1.2165328860282898
1773309700.9857206,Rest,-1.1532844479661435
1773309700.9867206,Rest,-1.091326794354245
1773309700.9877207,Rest,-1.037113847443834
1773309700.9887207,Rest,-0.9945179605856538
1773309700.9897206,Rest,-0.9648299182299525
1773309700.9907205,Rest,-0.9506312892772257
1773309700.9917207,Rest,-0.9532128581777215
1773309700.9927206,Rest,-0.9816101160831749
1773309700.9937205,Rest,-1.0293691407423466
1773309700.9947207,Rest,-1.091326794354245
1773309700.9957206,Rest,-1.1558660168666393
1773309700.9967206,Rest,-1.2178236704785377
1773309700.9977207,Rest,-1.2733274018391967
1773309700.9987206,Rest,-1.3185048575978726
1773309700.9997206,Rest,-1.3494836844038218
1773309701.0007207,Rest,-1.3662638822570443
1773309701.0017207,Rest,-1.3675546667072922
1773309701.0027206,Rest,-1.3443205466028303
1773309701.0037205,Rest,-1.3017246597446501
1773309701.0047207,Rest,-1.248802497284487
1773309701.0057206,Rest,-1.1932987659238279
1773309701.0067205,Rest,-1.1416673879139125
1773309701.0077207,Rest,-1.0964899321552366
1773309701.0087206,Rest,-1.0616387519985437
1773309701.0097206,Rest,-1.0422769852448255
1773309701.0107207,Rest,-1.0396954163443297
1773309701.0117207,Rest,-1.0526032608468086
1773309701.0127206,Rest,-1.092617578804493
1773309701.0137205,Rest,-1.1519936635158956
1773309701.0147207,Rest,-1.2191144549287856
1773309701.0157206,Rest,-1.291398384142667
1773309701.0107245,Rest,-1.358519175555557
1773309701.0117245,Rest,-1.4204768291674554
1773309701.0127246,Rest,-1.469526638276875
1773309701.0137246,Rest,-1.5056686028838158
1773309701.0147245,Rest,-1.526321154087782
1773309701.0157247,Rest,-1.5301935074385256
1773309701.0167246,Rest,-1.5056686028838158
1773309701.0177245,Rest,-1.4643635004758835
1773309701.0187244,Rest,-1.4114413380157202
1773309701.0197246,Rest,-1.3546468222048134
1773309701.0207245,Rest,-1.3004338752944022
1773309701.0217245,Rest,-1.2526748506352305
1773309701.0227246,Rest,-1.2126605326775461
1773309701.0237246,Rest,-1.1855540592223406
1773309701.0247245,Rest,-1.1739369991701096
1773309701.0257246,Rest,-1.180390921421349
1773309701.0267246,Rest,-1.2126605326775461
1773309701.0277245,Rest,-1.2617103417869657
1773309701.0287244,Rest,-1.3197956420481205
1773309701.0297246,Rest,-1.380462511209771
1773309701.0307245,Rest,-1.4385478114709258
1773309701.0317245,Rest,-1.4901791894808412
1773309701.0327246,Rest,-1.5301935074385256
1773309701.0337245,Rest,-1.5560091964434832
1773309701.0347245,Rest,-1.5663354720454663
1773309701.0357246,Rest,-1.558590765343979
1773309701.0367246,Rest,-1.525030369637534
1773309701.0377245,Rest,-1.4746897760778666
1773309701.0387247,Rest,-1.4191860447172076
1773309701.0397246,Rest,-1.3623915289063007
1773309701.0407245,Rest,-1.3120509353466332
1773309701.0417244,Rest,-1.270745832938701
1773309701.0427246,Rest,-1.2423485750332475
1773309701.0437245,Rest,-1.2307315149810165
1773309701.0447245,Rest,-1.2307315149810165
1773309701.0457246,Rest,-1.2513840661849827
1773309701.0467246,Rest,-1.2978523063939065
1773309701.0477245,Rest,-1.3546468222048134
1773309701.0487247,Rest,-1.4166044758167118
1773309701.0497246,Rest,-1.479852913878858
1773309701.0507245,Rest,-1.536647429689765
1773309701.0517244,Rest,-1.5844064543489367
1773309701.0527246,Rest,-1.6218392034061253
1773309701.0537245,Rest,-1.6437825390603393
1773309701.0547245,Rest,-1.6502364613115788
1773309701.0557246,Rest,-1.6373286168091
1773309701.0567245,Rest,-1.5998958677519113
1773309701.0577245,Rest,-1.5508460586424917
1773309701.0587246,Rest,-1.4940515428315848
1773309701.0597246,Rest,-1.437257027020678
1773309701.0607245,Rest,-1.3856256490107626
1773309701.0617247,Rest,-1.3443205466028303
1773309701.0627246,Rest,-1.314632504247129
1773309701.0637245,Rest,-1.2991430908441544
1773309701.0647244,Rest,-1.3004338752944022
1773309701.0657246,Rest,-1.3301219176501036
1773309701.0667245,Rest,-1.3740085889585316
1773309701.0677245,Rest,-1.4269307514186949
1773309701.0687246,Rest,-1.4875976205803454
1773309701.0697246,Rest,-1.546973705291748
1773309701.0707245,Rest,-1.5986050833016634
1773309701.0717247,Rest,-1.6412009701598436
1773309701.0727246,Rest,-1.6670166591648012
1773309701.0737245,Rest,-1.67992450366728
1773309701.0747244,Rest,-1.6773429347667843
1773309701.0757246,Rest,-1.6502364613115788
1773309701.0767245,Rest,-1.6063497900031507
1773309701.0777245,Rest,-1.548264489741996
1773309701.0787246,Rest,-1.4888884050305933
1773309701.0797246,Rest,-1.4320938892196864
1773309701.0807245,Rest,-1.3830440801102668
1773309701.0817246,Rest,-1.3443205466028303
1773309701.0827246,Rest,-1.3185048575978726
1773309701.0837245,Rest,-1.3094693664461374
1773309701.0847244,Rest,-1.3172140731476247
1773309701.0857246,Rest,-1.3417389777023345
1773309701.0867245,Rest,-1.3830440801102668
1773309701.0877244,Rest,-1.4669450693763793
1773309701.0887246,Rest,-1.5314842918887734
1773309701.0897245,Rest,-1.5947327299509197
1773309701.0907245,Rest,-1.6489456768613309
1773309701.0917246,Rest,-1.6902507792692631
1773309701.0927246,Rest,-1.7173572527244687
1773309701.0937245,Rest,-1.725101959425956
1773309701.0947247,Rest,-1.7160664682742208
1773309701.0957246,Rest,-1.681215288117528
1773309701.0967245,Rest,-1.625711556756869
1773309701.0977244,Rest,-1.5611723342444748
1773309701.0987246,Rest,-1.491469973931089
1773309701.0997245,Rest,-1.4282215358689427
1773309701.1007245,Rest,-1.3727178045082837
1773309701.1017246,Rest,-1.3275403487496078
1773309701.1027246,Rest,-1.2991430908441544
1773309701.1037245,Rest,-1.2888168152421713
1773309701.1047246,Rest,-1.2978523063939065
1773309701.1057246,Rest,-1.3494836844038218
1773309701.1067245,Rest,-1.370136235607788
1773309701.1077244,Rest,-1.4450017337221652
1773309701.1087246,Rest,-1.5082501717843115
1773309701.1097245,Rest,-1.5676262564957142
1773309701.1197698,Rest,-1.6179668500553817
1773309701.1207697,Rest,-1.6566903835628182
1773309701.12177,Rest,-1.681215288117528
1773309701.1227698,Rest,-1.6889599948190153
1773309701.1237698,Rest,-1.6760521503165364
1773309701.12477,Rest,-1.6386194012593478
1773309701.1257699,Rest,-1.5831156698986888
1773309701.1267698,Rest,-1.5198672318365425
1773309701.1277697,Rest,-1.4553280093241483
1773309701.1287699,Rest,-1.3959519246127456
1773309701.1297698,Rest,-1.3456113310530782
1773309701.1307697,Rest,-1.3068877975456417
1773309701.13177,Rest,-1.2823628929909319
1773309701.1327698,Rest,-1.2746181862894446
1773309701.1337698,Rest,-1.2875260307919234
1773309701.13477,Rest,-1.3223772109486163
1773309701.1357698,Rest,-1.3778809423092753
1773309701.1367698,Rest,-1.437257027020678
1773309701.1377697,Rest,-1.4966331117320806
1773309701.1387699,Rest,-1.5495552741922438
1773309701.1397698,Rest,-1.592151161050424
1773309701.1407697,Rest,-1.6205484189558774
1773309701.14177,Rest,-1.6334562634583563
1773309701.1427698,Rest,-1.6308746945578605
1773309701.1437697,Rest,-1.6076405744533986
1773309701.14477,Rest,-1.5624631186947227
1773309701.1457698,Rest,-1.50308703398332
1773309701.1467698,Rest,-1.4385478114709258
1773309701.14777,Rest,-1.3740085889585316
1773309701.1487699,Rest,-1.3172140731476247
1773309701.1497698,Rest,-1.2681642640382051
1773309701.1507697,Rest,-1.2333130838815123
1773309701.1517699,Rest,-1.2126605326775461
1773309701.1527698,Rest,-1.2087881793268025
1773309701.1537697,Rest,-1.225568377180025
1773309701.15477,Rest,-1.2642919106874615
1773309701.1557698,Rest,-1.3159232886973768
1773309701.1567698,Rest,-1.3752993734087795
1773309701.15777,Rest,-1.4682358538266271
1773309701.1587698,Rest,-1.4837252672296017
1773309701.1597698,Rest,-1.526321154087782
1773309701.1607697,Rest,-1.5547184119932353
1773309701.1617699,Rest,-1.57020782539621
1773309701.1627698,Rest,-1.568917040945962
1773309701.1637697,Rest,-1.5443921363912523
1773309701.16477,Rest,-1.5017962495330721
1773309701.1657698,Rest,-1.4450017337221652
1773309701.1667697,Rest,-1.3843348645605147
1773309701.16777,Rest,-1.324958779849112
1773309701.1687698,Rest,-1.2720366173889488
1773309701.1697698,Rest,-1.2281499460805207
1773309701.17077,Rest,-1.1971711192745715
1773309701.1717699,Rest,-1.181681705871597
1773309701.1727698,Rest,-1.1829724903218448
1773309701.1737697,Rest,-1.2074973948765546
1773309701.1747699,Rest,-1.2513840661849827
1773309701.1757698,Rest,-1.3094693664461374
1773309701.1767697,Rest,-1.36884545115754
1773309701.17777,Rest,-1.4308031047694385
1773309701.1787698,Rest,-1.4785621294286102
1773309701.1797698,Rest,-1.5185764473862946
1773309701.18077,Rest,-1.546973705291748
1773309701.1817698,Rest,-1.558590765343979
1773309701.1827698,Rest,-1.5534276275429875
1773309701.1837697,Rest,-1.5237395851872861
1773309701.1847699,Rest,-1.4746897760778666
1773309701.1857698,Rest,-1.414022906916216
1773309701.1867697,Rest,-1.348192899953574
1773309701.18777,Rest,-1.2862352463416755
1773309701.1887698,Rest,-1.2307315149810165
1773309701.1897697,Rest,-1.1842632747720927
1773309701.19077,Rest,-1.1507028790656477
1773309701.1917698,Rest,-1.1326318967621773
1773309701.1927698,Rest,-1.1300503278616816
1773309701.1937697,Rest,-1.1519936635158956
1773309701.1947699,Rest,-1.1894264125730842
1773309701.1957698,Rest,-1.2384762216825038
1773309701.1967697,Rest,-1.2888168152421713
1773309701.1977699,Rest,-1.3327034865505993
1773309701.1987698,Rest,-1.3727178045082837
1773309701.1997697,Rest,-1.4011150624137372
1773309701.20077,Rest,-1.4166044758167118
1773309701.2017698,Rest,-1.4166044758167118
1773309701.2027698,Rest,-1.4049874157644808
1773309701.20377,Rest,-1.3623915289063007
1773309701.2047698,Rest,-1.3055970130953938
1773309701.2057698,Rest,-1.2423485750332475
1773309701.2067697,Rest,-1.1765185680706054
1773309701.2077699,Rest,-1.114560914458707
1773309701.2087698,Rest,-1.0629295364487916
1773309701.2097697,Rest,-1.024206002941355
1773309701.21077,Rest,-0.9996810983866453
1773309701.2117698,Rest,-0.9906456072349101
1773309701.2127697,Rest,-0.9983903139363974
1773309701.21377,Rest,-1.0306599251925945
1773309701.2147698,Rest,-1.0771281654015183
1773309701.2157698,Rest,-1.1313411123119295
1773309701.2167697,Rest,-1.1855540592223406
1773309701.2177699,Rest,-1.237185437232256
1773309701.2187698,Rest,-1.2733274018391967
1773309701.2124019,Rest,-1.3017246597446501
1773309701.2134018,Rest,-1.314632504247129
1773309701.214402,Rest,-1.3107601508963853
1773309701.215402,Rest,-1.2888168152421713
1773309701.2164018,Rest,-1.2436393594834954
1773309701.217402,Rest,-1.1829724903218448
1773309701.218402,Rest,-1.1158516989089549
1773309701.2194018,Rest,-1.0461493385955691
1773309701.2204018,Rest,-0.9829009005334228
1773309701.221402,Rest,-0.9286879536230117
1773309701.2224019,Rest,-0.8873828512150794
1773309701.2234018,Rest,-0.8602763777598739
1773309701.224402,Rest,-0.8499501021578908
1773309701.2254019,Rest,-0.8602763777598739
1773309701.2264018,Rest,-0.8964183423668146
1773309701.227402,Rest,-0.9454681514762342
1773309701.228402,Rest,-1.002262667287141
1773309701.2294018,Rest,-1.059057183098048
1773309701.2304018,Rest,-1.1093977766577154
1773309701.231402,Rest,-1.1507028790656477
1773309701.2324018,Rest,-1.180390921421349
1773309701.2334018,Rest,-1.1958803348243237
1773309701.234402,Rest,-1.1971711192745715
1773309701.2354019,Rest,-1.1752277836203575
1773309701.2364018,Rest,-1.1313411123119295
1773309701.237402,Rest,-1.0719650276005268
1773309701.238402,Rest,-1.0061350206378847
1773309701.2394018,Rest,-0.9415957981254905
1773309701.240402,Rest,-0.8770565756130964
1773309701.241402,Rest,-0.825425197603181
1773309701.2424018,Rest,-0.7828293107450008
1773309701.2434018,Rest,-0.7544320528395474
1773309701.244402,Rest,-0.7402334238868207
1773309701.2454019,Rest,-0.747978130588308
1773309701.2464018,Rest,-0.7776661729440093
1773309701.247402,Rest,-0.8189712753519416
1773309701.2484019,Rest,-0.8641487311106175
1773309701.2494018,Rest,-0.9106169713195413
1773309701.250402,Rest,-0.9506312892772257
1773309701.251402,Rest,-0.9829009005334228
1773309701.2524018,Rest,-1.003553451737389
1773309701.2534018,Rest,-1.0087165895383805
1773309701.254402,Rest,-0.9996810983866453
1773309701.2554018,Rest,-0.9674114871304482
1773309701.2564018,Rest,-0.9170708935707808
1773309701.257402,Rest,-0.8538224555086344
1773309701.2584019,Rest,-0.7854108796454966
1773309701.2594018,Rest,-0.7195808726828545
1773309701.260402,Rest,-0.6614955724216998
1773309701.261402,Rest,-0.6124457633122802
1773309701.2624018,Rest,-0.5763037987053394
1773309701.263402,Rest,-0.5556512475013733
1773309701.264402,Rest,-0.5517788941506296
1773309701.2654018,Rest,-0.5724314453545958
1773309701.2664018,Rest,-0.6111549788620323
1773309701.267402,Rest,-0.658914003521204
1773309701.2684019,Rest,-0.7118361659813672
1773309701.2694018,Rest,-0.7595951906405389
1773309701.270402,Rest,-0.8009002930484712
1773309701.271402,Rest,-0.8305883354041725
1773309701.2724018,Rest,-0.8460777488071471
1773309701.273402,Rest,-0.847368533257395
1773309701.274402,Rest,-0.8305883354041725
1773309701.2754018,Rest,-0.7892832329962403
1773309701.2764018,Rest,-0.7311979327350855
1773309701.277402,Rest,-0.6640771413221955
1773309701.2784019,Rest,-0.591793212108314
1773309701.2794018,Rest,-0.5246724206954241
1773309701.280402,Rest,-0.4665871204342693
1773309701.2814019,Rest,-0.4188280957750976
1773309701.2824018,Rest,-0.38526770006865263
1773309701.283402,Rest,-0.369778286665678
1773309701.284402,Rest,-0.3710690711159259
1773309701.2854018,Rest,-0.39946632902137935
1773309701.2864017,Rest,-0.4420622158795595
1773309701.287402,Rest,-0.49498437833972275
1773309701.2884018,Rest,-0.5504881097003818
1773309701.2894018,Rest,-0.6008287032600492
1773309701.290402,Rest,-0.6421338056679815
1773309701.2914019,Rest,-0.6718218480236828
1773309701.2924018,Rest,-0.6873112614266574
1773309701.293402,Rest,-0.6847296925261617
1773309701.294402,Rest,-0.6653679257724434
1773309701.2954018,Rest,-0.6188996855635196
1773309701.296402,Rest,-0.5556512475013733
1773309701.297402,Rest,-0.4833673182874918
1773309701.2984018,Rest,-0.4110833890736103
1773309701.2994018,Rest,-0.34396259766072035
1773309701.300402,Rest,-0.2845865129493177
1773309701.3014019,Rest,-0.23811827274039388
1773309701.3024018,Rest,-0.20584866148419678
1773309701.303402,Rest,-0.19035924808122218
1773309701.3044019,Rest,-0.19294081698171794
1773309701.3054018,Rest,-0.2213380748871714
1773309701.306402,Rest,-0.26393396174535155
1773309701.307402,Rest,-0.314274555305019
1773309701.3084018,Rest,-0.36719671776518226
1773309701.3094018,Rest,-0.41495574242435396
1773309701.310402,Rest,-0.45497006038203835
1773309701.3114018,Rest,-0.4820765338372439
1773309701.3219457,Rest,-0.49627516278997064
1773309701.3229456,Rest,-0.49498437833972275
1773309701.3239458,Rest,-0.47045947378501296
1773309701.3249457,Rest,-0.43044515582732856
1773309701.3259456,Rest,-0.369778286665678
1773309701.3269458,Rest,-0.2987851419020444
1773309701.3279457,Rest,-0.23166435048915446
1773309701.3289456,Rest,-0.17099748132750392
1773309701.3299456,Rest,-0.11936610331758857
1773309701.3309457,Rest,-0.08064256981015205
1773309701.3319457,Rest,-0.057408449705690145
1773309701.3329456,Rest,-0.04837295855395496
1773309701.3339458,Rest,-0.06257158750668168
1773309701.3349457,Rest,-0.09871355211362243
1773309701.3359456,Rest,-0.147763361223042
1773309701.3369458,Rest,-0.20197630813345313
1773309701.3379457,Rest,-0.25618925504386425
1773309701.3389456,Rest,-0.30523906415328383
1773309701.3399456,Rest,-0.34396259766072035
1773309701.3409457,Rest,-0.369778286665678
1773309701.3419456,Rest,-0.381395346717909
1773309701.3429456,Rest,-0.37494142446666956
1773309701.3439457,Rest,-0.3465441665612161
1773309701.3449457,Rest,-0.29491278855130076
1773309701.3459456,Rest,-0.23166435048915446
1773309701.3469458,Rest,-0.16067120572552085
1773309701.3479457,Rest,-0.08967806096188724
1773309701.3489456,Rest,-0.029011191800236702
1773309701.3499458,Rest,0.025201755110174417
1773309701.3509457,Rest,0.0665068575181067
1773309701.3519456,Rest,0.09490411542356014
1773309701.3529456,Rest,0.10523039102554321
1773309701.3539457,Rest,0.09361333097331226
1773309701.3549457,Rest,0.061343719717115164
1773309701.3559456,Rest,0.01616626395843923
1773309701.3569458,Rest,-0.03417432960122824
1773309701.3579457,Rest,-0.08193335426039994
1773309701.3589456,Rest,-0.125820025568828
1773309701.3599458,Rest,-0.16067120572552085
1773309701.3609457,Rest,-0.18390532582998276
1773309701.3619456,Rest,-0.19165003253147006
1773309701.3629456,Rest,-0.18390532582998276
1773309701.3639457,Rest,-0.15421728347428143
1773309701.3649457,Rest,-0.10516747436486185
1773309701.3659456,Rest,-0.043209820752963424
1773309701.3669457,Rest,0.020038617309182882
1773309701.3679457,Rest,0.09748568432405591
1773309701.3689456,Rest,0.14266314008273184
1773309701.3699458,Rest,0.19042216474190354
1773309701.3709457,Rest,0.2265641293488443
1773309701.3719456,Rest,0.24850746500305831
1773309701.3729458,Rest,0.25496138725429773
1773309701.3739457,Rest,0.23689040495082736
1773309701.3749456,Rest,0.20333000924438238
1773309701.3759456,Rest,0.15815255348570645
1773309701.3769457,Rest,0.11039352882653475
1773309701.3779457,Rest,0.06779764196835458
1773309701.3789456,Rest,0.03294646181166172
1773309701.3799458,Rest,0.007130772806704044
1773309701.3809457,Rest,-0.003195502795279026
1773309701.3819456,Rest,0.0006768505554646254
1773309701.3829458,Rest,0.021329401759430766
1773309701.3839457,Rest,0.06779764196835458
1773309701.3849456,Rest,0.129755295580253
1773309701.3859456,Rest,0.2020392247941345
1773309701.3869457,Rest,0.274323154008016
1773309701.3879457,Rest,0.34144394542090595
1773309701.3889456,Rest,0.3995292456820607
1773309701.3899457,Rest,0.44470670144073665
1773309701.3909457,Rest,0.474394743796438
1773309701.3919456,Rest,0.48601180384866893
1773309701.3929458,Rest,0.4821394504979253
1773309701.3939457,Rest,0.4472882703412324
1773309701.3949456,Rest,0.39823846123181283
1773309701.3959455,Rest,0.34015316097065806
1773309701.3969457,Rest,0.2820678607095033
1773309701.3979456,Rest,0.22785491379909217
1773309701.3989456,Rest,0.18396824249066412
1773309701.3999457,Rest,0.15169863123446703
1773309701.4009457,Rest,0.13491843338124454
1773309701.4019456,Rest,0.13620921783149242
1773309701.4029458,Rest,0.15557098458521068
1773309701.4039457,Rest,0.2007484403438866
1773309701.4049456,Rest,0.26141530950553715
1773309701.4059458,Rest,0.329826885368675
1773309701.4069457,Rest,0.4008200301323086
1773309701.4079456,Rest,0.4640684681944549
1773309701.4089456,Rest,0.5208629840053618
1773309701.4099457,Rest,0.5647496553137898
1773309701.4109457,Rest,0.5957284821197391
1773309701.4119456,Rest,0.6099271110724658
1773309701.4129457,Rest,0.6086363266222179
1773309701.4139457,Rest,0.5776574998162687
1773309701.4149456,Rest,0.5350616129580885
1773309701.4159458,Rest,0.4873025882989168
1773309701.4169457,Rest,0.4395435636397451
1773309701.4179456,Rest,0.39823846123181283
1773309701.4189456,Rest,0.36596884997561574
1773309701.4199457,Rest,0.3453162987716496
1773309701.4209456,Rest,0.34015316097065806
1773309701.4150448,Rest,0.34918865212239325
1773309701.4160447,Rest,0.3762951255775988
1773309701.4170449,Rest,0.4253449346870184
1773309701.4180448,Rest,0.48601180384866893
1773309701.4190447,Rest,0.5505510263610631
1773309701.420045,Rest,0.6150902488734573
1773309701.4210448,Rest,0.6705939802341163
1773309701.4220448,Rest,0.718353004893288
1773309701.4230447,Rest,0.7544949695002288
1773309701.4240448,Rest,0.7751475207041949
1773309701.4250448,Rest,0.7816014429554343
1773309701.4260447,Rest,0.763530460651964
1773309701.4270449,Rest,0.7273884960450232
1773309701.4280448,Rest,0.6770479024853557
1773309701.4290447,Rest,0.6241257400251925
1773309701.430045,Rest,0.5712035775650293
1773309701.4310448,Rest,0.5208629840053618
1773309701.4320447,Rest,0.48343023494817317
1773309701.4330447,Rest,0.4576145459432155
1773309701.4340448,Rest,0.4472882703412324
1773309701.4350448,Rest,0.45245140814222395
1773309701.4360447,Rest,0.4795578815974295
1773309701.4370449,Rest,0.5273169062566012
1773309701.4380448,Rest,0.5879837754182518
1773309701.4390447,Rest,0.6538137823808938
1773309701.4400449,Rest,0.7170622204430401
1773309701.4410448,Rest,0.773856736253947
1773309701.4420447,Rest,0.8216157609131187
1773309701.443045,Rest,0.8577577255200595
1773309701.4440448,Rest,0.8784102767240256
1773309701.4450448,Rest,0.884864198975265
1773309701.4460447,Rest,0.8667932166717947
1773309701.4470448,Rest,0.829360467614606
1773309701.4480448,Rest,0.7828922274056822
1773309701.4490447,Rest,0.729970064945519
1773309701.4500449,Rest,0.6783386869356036
1773309701.4510448,Rest,0.6370335845276713
1773309701.4520447,Rest,0.5970192665699869
1773309701.453045,Rest,0.5724943620152771
1773309701.4540448,Rest,0.563458870863542
1773309701.4550447,Rest,0.5686220086645335
1773309701.4560447,Rest,0.5996008354704827
1773309701.4570448,Rest,0.6473598601296544
1773309701.4580448,Rest,0.7054451603908092
1773309701.4590447,Rest,0.7674028140027076
1773309701.4600449,Rest,0.8254881142638624
1773309701.4610448,Rest,0.8771194922737777
1773309701.4620447,Rest,0.91842459468171
1773309701.463045,Rest,0.9455310681369156
1773309701.4640448,Rest,0.9571481281891465
1773309701.4650447,Rest,0.9532757748384029
1773309701.466045,Rest,0.9222969480324537
1773309701.4670448,Rest,0.8758287078235298
1773309701.4680448,Rest,0.8229065453633666
1773309701.4690447,Rest,0.7648212451022118
1773309701.4700449,Rest,0.7131898670922965
1773309701.4710448,Rest,0.6680124113336205
1773309701.4720447,Rest,0.6357428000774235
1773309701.4730449,Rest,0.6176718177739531
1773309701.4740448,Rest,0.6150902488734573
1773309701.4750447,Rest,0.6305796622764319
1773309701.476045,Rest,0.6705939802341163
1773309701.4770448,Rest,0.7260977115947753
1773309701.4780447,Rest,0.7893461496569216
1773309701.4790447,Rest,0.8538853721693158
1773309701.4800448,Rest,0.9132614568807185
1773309701.4810448,Rest,0.9636020504403859
1773309701.4820447,Rest,1.0023255839478225
1773309701.4830449,Rest,1.0268504885025322
1773309701.4840448,Rest,1.0358859796542674
1773309701.4850447,Rest,1.0255597040522844
1773309701.486045,Rest,0.9907085238955915
1773309701.4870448,Rest,0.9416587147861719
1773309701.4880447,Rest,0.8822826300747693
1773309701.4890447,Rest,0.8216157609131187
1773309701.4900448,Rest,0.7661120295524597
1773309701.4910448,Rest,0.7170622204430401
1773309701.4920447,Rest,0.6783386869356036
1773309701.4930449,Rest,0.6551045668311417
1773309701.4940448,Rest,0.6473598601296544
1773309701.4950447,Rest,0.6563953512813896
1773309701.4960449,Rest,0.6912465314380825
1773309701.4970448,Rest,0.740296340547502
1773309701.4980447,Rest,0.795800071908161
1773309701.499045,Rest,0.85130380326882
1773309701.5000448,Rest,0.9016443968284875
1773309701.5010448,Rest,0.9442402836866677
1773309701.5020447,Rest,0.9752191104926169
1773309701.5030448,Rest,0.9919993083458394
1773309701.5040448,Rest,0.9932900927960873
1773309701.5050447,Rest,0.9752191104926169
1773309701.5060449,Rest,0.9364955769851804
1773309701.5070448,Rest,0.884864198975265
1773309701.5080447,Rest,0.829360467614606
1773309701.509045,Rest,0.7751475207041949
1773309701.5100448,Rest,0.7273884960450232
1773309701.5110447,Rest,0.6899557469878346
1773309701.5120447,Rest,0.6654308424331248
1773309701.5130448,Rest,0.6551045668311417
1773309701.5140448,Rest,0.6602677046321332
1773309701.5233395,Rest,0.6860833936370909
1773309701.5243394,Rest,0.7338424182962626
1773309701.5253396,Rest,0.7919277185574174
1773309701.5263395,Rest,0.8538853721693158
1773309701.5273395,Rest,0.9042259657289833
1773309701.5283396,Rest,0.9661836193408817
1773309701.5293396,Rest,1.0087795061990619
1773309701.5303395,Rest,1.0384675485547632
1773309701.5313394,Rest,1.05266617750749
1773309701.5323396,Rest,1.051375393057242
1773309701.5333395,Rest,1.0268504885025322
1773309701.5343394,Rest,0.9829638171941042
1773309701.5353396,Rest,0.9274600858334452
1773309701.5363395,Rest,0.8667932166717947
1773309701.5373394,Rest,0.8087079164106399
1773309701.5383396,Rest,0.7583673228509724
1773309701.5393395,Rest,0.7170622204430401
1773309701.5403395,Rest,0.6899557469878346
1773309701.5413394,Rest,0.6770479024853557
1773309701.5423396,Rest,0.6809202558360994
1773309701.5433395,Rest,0.7093175137415528
1773309701.5443394,Rest,0.7532041850499809
1773309701.5453396,Rest,0.8112894853111356
1773309701.5463395,Rest,0.8732471389230341
1773309701.5473394,Rest,0.9313324391841888
1773309701.5483396,Rest,0.9816730327438563
1773309701.5493395,Rest,1.0229781351517886
1773309701.5503395,Rest,1.05266617750749
1773309701.5513396,Rest,1.0668648064602166
1773309701.5523396,Rest,1.0655740220099688
1773309701.5533395,Rest,1.0371767641045153
1773309701.5543394,Rest,0.995871661696583
1773309701.5553396,Rest,0.9442402836866677
1773309701.5563395,Rest,0.8887365523260087
1773309701.5573394,Rest,0.8371051743160933
1773309701.5583396,Rest,0.7919277185574174
1773309701.5593395,Rest,0.7557857539504766
1773309701.5603395,Rest,0.7325516338460147
1773309701.5613396,Rest,0.7248069271445274
1773309701.5623395,Rest,0.7312608493957669
1773309701.5633395,Rest,0.763530460651964
1773309701.5643394,Rest,0.8099987008608878
1773309701.5653396,Rest,0.8655024322215468
1773309701.5663395,Rest,0.9248785169329494
1773309701.5673394,Rest,0.9803822482936084
1773309701.5683396,Rest,1.0268504885025322
1773309701.5693395,Rest,1.062992453109473
1773309701.5703394,Rest,1.084935788763687
1773309701.5713396,Rest,1.0926804954651743
1773309701.5723395,Rest,1.0823542198631912
1773309701.5733395,Rest,1.041049117455259
1773309701.5743396,Rest,0.9932900927960873
1773309701.5753396,Rest,0.9364955769851804
1773309701.5763395,Rest,0.8771194922737777
1773309701.5773394,Rest,0.8216157609131187
1773309701.5783396,Rest,0.7725659518036991
1773309701.5793395,Rest,0.7364239871967584
1773309701.5803394,Rest,0.7131898670922965
1773309701.5813396,Rest,0.7054451603908092
1773309701.5823395,Rest,0.718353004893288
1773309701.5833395,Rest,0.7544949695002288
1773309701.5843396,Rest,0.8048355630598962
1773309701.5853395,Rest,0.8655024322215468
1773309701.5863395,Rest,0.9261693013831973
1773309701.5873394,Rest,0.9816730327438563
1773309701.5883396,Rest,1.029432057403028
1773309701.5893395,Rest,1.0655740220099688
1773309701.5903394,Rest,1.0875173576641828
1773309701.5913396,Rest,1.0939712799154222
1773309701.5923395,Rest,1.0810634354129434
1773309701.5933394,Rest,1.0462122552562505
1773309701.5943396,Rest,0.9971624461468309
1773309701.5953395,Rest,0.940367930335924
1773309701.5963395,Rest,0.8835734145250171
1773309701.5973394,Rest,0.8383959587663412
1773309701.5983396,Rest,0.7906369341071695
1773309701.5993395,Rest,0.7596581073012203
1773309701.6003394,Rest,0.7441686938982457
1773309701.6013396,Rest,0.7467502627987415
1773309701.6023395,Rest,0.7699843829032034
1773309701.6033394,Rest,0.8164526231121272
1773309701.6043396,Rest,0.8771194922737777
1773309701.6053395,Rest,0.9429494992364198
1773309701.6063395,Rest,1.007488721748814
1773309701.6073396,Rest,1.0642832375597209
1773309701.6083395,Rest,1.1094606933183968
1773309701.6093395,Rest,1.141730304574594
1773309701.6103394,Rest,1.1585105024278164
1773309701.6113396,Rest,1.1585105024278164
1773309701.6123395,Rest,1.1365671667736024
1773309701.6133394,Rest,1.0926804954651743
1773309701.6143396,Rest,1.0358859796542674
1773309701.6153395,Rest,0.973928326042369
1773309701.6163394,Rest,0.9119706724304706
1773309701.6173396,Rest,0.8577577255200595
1773309701.6183395,Rest,0.8125802697613835
1773309701.6193395,Rest,0.7803106585051864
1773309701.6203394,Rest,0.763530460651964
1773309701.6213396,Rest,0.7648212451022118
1773309701.6223395,Rest,0.7880553652066737
1773309701.6161058,Rest,0.8332328209653497
1773309701.6171057,Rest,0.8900273367762566
1773309701.618106,Rest,0.9532757748384029
1773309701.6191058,Rest,1.0152334284503013
1773309701.6201057,Rest,1.0707371598109603
1773309701.621106,Rest,1.117205400019884
1773309701.6221058,Rest,1.1494750112760812
1773309701.6231058,Rest,1.1675459935795516
1773309701.6241057,Rest,1.1701275624800473
1773309701.6251059,Rest,1.1481842268258333
1773309701.6261058,Rest,1.106879124417901
1773309701.6271057,Rest,1.0552477464079857
1773309701.6281059,Rest,0.9997440150473267
1773309701.6291058,Rest,0.9442402836866677
1773309701.6301057,Rest,0.8977720434777439
1773309701.631106,Rest,0.8590485099703074
1773309701.6321058,Rest,0.8358143898658454
1773309701.6331058,Rest,0.8254881142638624
1773309701.6341057,Rest,0.8319420365151018
1773309701.6351058,Rest,0.8564669410698116
1773309701.6361058,Rest,0.9145522413309664
1773309701.6371057,Rest,0.9700559726916254
1773309701.6381059,Rest,1.0345951952040195
1773309701.6391058,Rest,1.0939712799154222
1773309701.6401057,Rest,1.1456026579253376
1773309701.641106,Rest,1.1881985447835177
1773309701.6421058,Rest,1.217886587139219
1773309701.6431057,Rest,1.2333760005421937
1773309701.644106,Rest,1.2333760005421937
1773309701.6451058,Rest,1.207560311537236
1773309701.6461058,Rest,1.1662552091293037
1773309701.6471057,Rest,1.1159146155696362
1773309701.6481059,Rest,1.062992453109473
1773309701.6491058,Rest,1.0139426440000534
1773309701.6501057,Rest,0.9713467571418732
1773309701.6511059,Rest,0.940367930335924
1773309701.6521058,Rest,0.9222969480324537
1773309701.6531057,Rest,0.91842459468171
1773309701.654106,Rest,0.9313324391841888
1773309701.6551058,Rest,0.9674744037911296
1773309701.6561058,Rest,1.017814997350797
1773309701.6571057,Rest,1.0681555909104645
1773309701.6581059,Rest,1.1352763823233545
1773309701.6591058,Rest,1.1881985447835177
1773309701.6601057,Rest,1.2333760005421937
1773309701.6611059,Rest,1.2669363962486386
1773309701.6621058,Rest,1.285007378552109
1773309701.6631057,Rest,1.2862981630023569
1773309701.664106,Rest,1.2695179651491344
1773309701.6651058,Rest,1.22950364719145
1773309701.6661057,Rest,1.1752907002810389
1773309701.667106,Rest,1.1120422622188926
1773309701.6681058,Rest,1.0487938241567463
1773309701.6691058,Rest,0.9919993083458394
1773309701.6701057,Rest,0.9429494992364198
1773309701.6711059,Rest,0.906807534629479
1773309701.6721058,Rest,0.884864198975265
1773309701.6731057,Rest,0.8809918456245214
1773309701.674106,Rest,0.8951904745772481
1773309701.6751058,Rest,0.9326232236344367
1773309701.6761057,Rest,0.9855453860946
1773309701.677106,Rest,1.0462122552562505
1773309701.6781058,Rest,1.106879124417901
1773309701.6791058,Rest,1.1610920713283122
1773309701.6801057,Rest,1.1998156048357487
1773309701.6811059,Rest,1.2385391383431852
1773309701.6821058,Rest,1.2566101206466556
1773309701.6831057,Rest,1.2579009050969034
1773309701.6841059,Rest,1.2385391383431852
1773309701.6851058,Rest,1.197234035935253
1773309701.6861057,Rest,1.141730304574594
1773309701.687106,Rest,1.0810634354129434
1773309701.6881058,Rest,1.0203965662512928
1773309701.6891057,Rest,0.9661836193408817
1773309701.6901057,Rest,0.9222969480324537
1773309701.6911058,Rest,0.8900273367762566
1773309701.6921058,Rest,0.874537923373282
1773309701.6931057,Rest,0.8758287078235298
1773309701.6941059,Rest,0.8977720434777439
1773309701.6951058,Rest,0.9429494992364198
1773309701.6961057,Rest,1.0023255839478225
1773309701.697106,Rest,1.0681555909104645
1773309701.6981058,Rest,1.1326948134228587
1773309701.6991057,Rest,1.1894893292337656
1773309701.700106,Rest,1.2372483538929373
1773309701.7011058,Rest,1.2720995340496302
1773309701.7021058,Rest,1.2901705163531005
1773309701.7031057,Rest,1.2914613008033484
1773309701.7041059,Rest,1.2604824739973992
1773309701.7051058,Rest,1.207560311537236
1773309701.7061057,Rest,1.1701275624800473
1773309701.7071059,Rest,1.106879124417901
1773309701.7081058,Rest,1.0475030397064984
1773309701.7091057,Rest,0.9945808772463351
1773309701.710106,Rest,0.9506942059379071
1773309701.7111058,Rest,0.9197153791319579
1773309701.7121058,Rest,0.9042259657289833
1773309701.7131057,Rest,0.9042259657289833
1773309701.7141058,Rest,0.9287508702836931
1773309701.7151058,Rest,0.9713467571418732
1773309701.7096355,Rest,1.0255597040522844
1773309701.7106354,Rest,1.086226573213935
1773309701.7116356,Rest,1.140439520124346
1773309701.7126355,Rest,1.1881985447835177
1773309701.7136354,Rest,1.2282128627412021
1773309701.7146356,Rest,1.252737767295912
1773309701.7156355,Rest,1.263064042897895
1773309701.7166355,Rest,1.2566101206466556
1773309701.7176354,Rest,1.2256312938407063
1773309701.7186356,Rest,1.1778722691815346
1773309701.7196355,Rest,1.117205400019884
1773309701.7206354,Rest,1.05266617750749
1773309701.7216356,Rest,0.9919993083458394
1773309701.7226355,Rest,0.940367930335924
1773309701.7236354,Rest,0.8990628279279917
1773309701.7246356,Rest,0.8732471389230341
1773309701.7256355,Rest,0.862920863321051
1773309701.7266355,Rest,0.8706655700225383
1773309701.7276354,Rest,0.9029351812787354
1773309701.7286355,Rest,0.951984990388155
1773309701.7296355,Rest,1.0113610750995576
1773309701.7306354,Rest,1.074609513161704
1773309701.7316356,Rest,1.1314040289726108
1773309701.7326355,Rest,1.1817446225322783
1773309701.7336354,Rest,1.2217589404899627
1773309701.7346356,Rest,1.2462838450446725
1773309701.7356355,Rest,1.2566101206466556
1773309701.7366354,Rest,1.2501561983954161
1773309701.7376356,Rest,1.217886587139219
1773309701.7386355,Rest,1.1714183469302952
1773309701.7396355,Rest,1.1146238311193883
1773309701.7406354,Rest,1.0565385308582336
1773309701.7416356,Rest,1.0152334284503013
1773309701.7426355,Rest,0.9571481281891465
1773309701.7436354,Rest,0.9222969480324537
1773309701.7446356,Rest,0.9016443968284875
1773309701.7456355,Rest,0.896481259027496
1773309701.7466354,Rest,0.906807534629479
1773309701.7476356,Rest,0.9416587147861719
1773309701.7486355,Rest,0.9907085238955915
1773309701.7496355,Rest,1.0487938241567463
1773309701.7506354,Rest,1.1055883399676532
1773309701.7516356,Rest,1.1598012868780643
1773309701.7526355,Rest,1.2036879581864923
1773309701.7536354,Rest,1.2359575694426894
1773309701.7546356,Rest,1.2540285517461598
1773309701.7556355,Rest,1.2566101206466556
1773309701.7566354,Rest,1.239829922793433
1773309701.7576356,Rest,1.1998156048357487
1773309701.7586355,Rest,1.1456026579253376
1773309701.7596354,Rest,1.086226573213935
1773309701.7606356,Rest,1.0242689196020365
1773309701.7616355,Rest,0.9700559726916254
1773309701.7626355,Rest,0.9235877324827015
1773309701.7636354,Rest,0.8887365523260087
1773309701.7646356,Rest,0.8693747855722904
1773309701.7656355,Rest,0.8655024322215468
1773309701.7666354,Rest,0.8809918456245214
1773309701.7676356,Rest,0.9210061635822058
1773309701.7686355,Rest,0.973928326042369
1773309701.7696354,Rest,1.030722841853276
1773309701.7706356,Rest,1.0900989265646785
1773309701.7716355,Rest,1.141730304574594
1773309701.7726355,Rest,1.1830354069825262
1773309701.7736354,Rest,1.2140142337884754
1773309701.7746356,Rest,1.22950364719145
1773309701.7756355,Rest,1.22950364719145
1773309701.7766354,Rest,1.2101418804377317
1773309701.7776356,Rest,1.1662552091293037
1773309701.7786355,Rest,1.1133330466691405
1773309701.7796354,Rest,1.05266617750749
1773309701.7806356,Rest,0.9971624461468309
1773309701.7816355,Rest,0.9468218525871634
1773309701.7826355,Rest,0.9080983190797269
1773309701.7836354,Rest,0.8835734145250171
1773309701.7846355,Rest,0.874537923373282
1773309701.7856355,Rest,0.8809918456245214
1773309701.7866354,Rest,0.9093891035299748
1773309701.7876356,Rest,0.9584389126393944
1773309701.7886355,Rest,1.0165242129005492
1773309701.7896354,Rest,1.0797726509626955
1773309701.7906356,Rest,1.1378579512238503
1773309701.7916355,Rest,1.1869077603332698
1773309701.7926354,Rest,1.2243405093904585
1773309701.7936356,Rest,1.2488654139451683
1773309701.7946355,Rest,1.2553193361964077
1773309701.7956355,Rest,1.2462838450446725
1773309701.7966354,Rest,1.2153050182387233
1773309701.7976356,Rest,1.1649644246790558
1773309701.7986355,Rest,1.106879124417901
1773309701.7996354,Rest,1.0436306863557547
1773309701.8006356,Rest,0.9855453860946
1773309701.8016355,Rest,0.9364955769851804
1773309701.8026354,Rest,0.896481259027496
1773309701.8036356,Rest,0.8706655700225383
1773309701.8046355,Rest,0.8603392944205552
1773309701.8056355,Rest,0.8655024322215468
1773309701.8066354,Rest,0.8926089056767523
1773309701.8076355,Rest,0.940367930335924
1773309701.8086355,Rest,0.9971624461468309
1773309701.8182476,Rest,1.0591200997587293
1773309701.8192475,Rest,1.1159146155696362
1773309701.8202477,Rest,1.163673640228808
1773309701.8212476,Rest,1.2011063892859966
1773309701.8222475,Rest,1.2256312938407063
1773309701.8232477,Rest,1.2346667849924415
1773309701.8242476,Rest,1.2282128627412021
1773309701.8252475,Rest,1.195943251485005
1773309701.8262475,Rest,1.1481842268258333
1773309701.8272476,Rest,1.0913897110149264
1773309701.8282475,Rest,1.0333044107537717
1773309701.8292475,Rest,0.9790914638433605
1773309701.8302476,Rest,0.9326232236344367
1773309701.8312476,Rest,0.896481259027496
1773309701.8322475,Rest,0.874537923373282
1773309701.8332477,Rest,0.8680840011220425
1773309701.8342476,Rest,0.8784102767240256
1773309701.8352475,Rest,0.9106798879802227
1773309701.8362474,Rest,0.9610204815398902
1773309701.8372476,Rest,1.017814997350797
1773309701.8382475,Rest,1.0784818665124476
1773309701.8392475,Rest,1.1314040289726108
1773309701.8402476,Rest,1.1791630536317825
1773309701.8412476,Rest,1.2153050182387233
1773309701.8422475,Rest,1.2359575694426894
1773309701.8432477,Rest,1.241120707243681
1773309701.8442476,Rest,1.22950364719145
1773309701.8452475,Rest,1.1946524670347571
1773309701.8462477,Rest,1.1443118734750897
1773309701.8472476,Rest,1.0875173576641828
1773309701.8482475,Rest,1.029432057403028
1773309701.8492475,Rest,0.9765098949428648
1773309701.8502476,Rest,0.9313324391841888
1773309701.8512475,Rest,0.8977720434777439
1773309701.8522475,Rest,0.8784102767240256
1773309701.8532476,Rest,0.8758287078235298
1773309701.8542476,Rest,0.8900273367762566
1773309701.8552475,Rest,0.9274600858334452
1773309701.8562477,Rest,0.9803822482936084
1773309701.8572476,Rest,1.0384675485547632
1773309701.8582475,Rest,1.0913897110149264
1773309701.8592474,Rest,1.1468934423755854
1773309701.8602476,Rest,1.1894893292337656
1773309701.8612475,Rest,1.2217589404899627
1773309701.8622475,Rest,1.2385391383431852
1773309701.8632476,Rest,1.239829922793433
1773309701.8642476,Rest,1.2230497249402106
1773309701.8652475,Rest,1.184326191432774
1773309701.8662477,Rest,1.1326948134228587
1773309701.8672476,Rest,1.0759002976119518
1773309701.8682475,Rest,1.0203965662512928
1773309701.8692477,Rest,0.9700559726916254
1773309701.8702476,Rest,0.930041654733941
1773309701.8712475,Rest,0.9016443968284875
1773309701.8722475,Rest,0.8874457678757608
1773309701.8732476,Rest,0.8887365523260087
1773309701.8742476,Rest,0.9093891035299748
1773309701.8752475,Rest,0.951984990388155
1773309701.8762476,Rest,1.0049071528483182
1773309701.8772476,Rest,1.062992453109473
1773309701.8782475,Rest,1.1210777533706278
1773309701.8792477,Rest,1.1881985447835177
1773309701.8802476,Rest,1.2101418804377317
1773309701.8812475,Rest,1.2359575694426894
1773309701.8822474,Rest,1.2475746294949204
1773309701.8832476,Rest,1.2437022761441767
1773309701.8842475,Rest,1.217886587139219
1773309701.8852475,Rest,1.1701275624800473
1773309701.8862476,Rest,1.1133330466691405
1773309701.8872476,Rest,1.0500846086069942
1773309701.8882475,Rest,0.9907085238955915
1773309701.8892477,Rest,0.9364955769851804
1773309701.8902476,Rest,0.8951904745772481
1773309701.8912475,Rest,0.8655024322215468
1773309701.8922474,Rest,0.8538853721693158
1773309701.8932476,Rest,0.8603392944205552
1773309701.8942475,Rest,0.8900273367762566
1773309701.8952475,Rest,0.9416587147861719
1773309701.8962476,Rest,1.0023255839478225
1773309701.8972476,Rest,1.0668648064602166
1773309701.8982475,Rest,1.1262408911716193
1773309701.8992476,Rest,1.1752907002810389
1773309701.9002476,Rest,1.2140142337884754
1773309701.9012475,Rest,1.2359575694426894
1773309701.9022477,Rest,1.2424114916939288
1773309701.9032476,Rest,1.2320852160919458
1773309701.9042475,Rest,1.197234035935253
1773309701.9052474,Rest,1.141730304574594
1773309701.9062476,Rest,1.0759002976119518
1773309701.9072475,Rest,1.0087795061990619
1773309701.9082475,Rest,0.9468218525871634
1773309701.9092476,Rest,0.8913181212265044
1773309701.9102476,Rest,0.8487222343683243
1773309701.9112475,Rest,0.8203249764628708
1773309701.9122477,Rest,0.807417131960392
1773309701.9132476,Rest,0.8112894853111356
1773309701.9142475,Rest,0.8422683121170849
1773309701.9152474,Rest,0.8900273367762566
1773309701.9162476,Rest,0.9468218525871634
1773309701.9172475,Rest,1.007488721748814
1773309701.9121358,Rest,1.062992453109473
1773309701.9131358,Rest,1.1120422622188926
1773309701.914136,Rest,1.1494750112760812
1773309701.9151359,Rest,1.173999915830791
1773309701.9161358,Rest,1.1817446225322783
1773309701.917136,Rest,1.173999915830791
1773309701.918136,Rest,1.1443118734750897
1773309701.9191358,Rest,1.0913897110149264
1773309701.9201357,Rest,1.0358859796542674
1773309701.921136,Rest,0.9778006793931127
1773309701.9221358,Rest,0.9248785169329494
1773309701.9231358,Rest,0.8809918456245214
1773309701.924136,Rest,0.8487222343683243
1773309701.9251359,Rest,0.829360467614606
1773309701.9261358,Rest,0.8254881142638624
1773309701.927136,Rest,0.8396867432165891
1773309701.9281359,Rest,0.8771194922737777
1773309701.9291358,Rest,0.9287508702836931
1773309701.9301357,Rest,0.9868361705448478
1773309701.931136,Rest,1.0462122552562505
1773309701.9321358,Rest,1.0991344177164137
1773309701.9331357,Rest,1.1430210890248418
1773309701.934136,Rest,1.1765814847312868
1773309701.9351358,Rest,1.195943251485005
1773309701.9361358,Rest,1.1998156048357487
1773309701.937136,Rest,1.184326191432774
1773309701.9381359,Rest,1.1443118734750897
1773309701.9391358,Rest,1.0939712799154222
1773309701.940136,Rest,1.0371767641045153
1773309701.941136,Rest,0.973928326042369
1773309701.9421358,Rest,0.9210061635822058
1773309701.9431357,Rest,0.874537923373282
1773309701.944136,Rest,0.840977527666837
1773309701.9451358,Rest,0.8203249764628708
1773309701.9461358,Rest,0.8138710542116314
1773309701.947136,Rest,0.8280696831643581
1773309701.9481359,Rest,0.8642116477712989
1773309701.9491358,Rest,0.9132614568807185
1773309701.950136,Rest,0.9700559726916254
1773309701.9511359,Rest,1.0242689196020365
1773309701.9521358,Rest,1.073318728711456
1773309701.9531357,Rest,1.1133330466691405
1773309701.954136,Rest,1.141730304574594
1773309701.9551358,Rest,1.1546381490770727
1773309701.9561357,Rest,1.152056580176577
1773309701.957136,Rest,1.130113244522363
1773309701.9581358,Rest,1.096552848815918
1773309701.9591358,Rest,1.029432057403028
1773309701.960136,Rest,0.9674744037911296
1773309701.9611359,Rest,0.906807534629479
1773309701.9621358,Rest,0.8564669410698116
1773309701.963136,Rest,0.8138710542116314
1773309701.964136,Rest,0.785473796306178
1773309701.9651358,Rest,0.7699843829032034
1773309701.9661357,Rest,0.7712751673534513
1773309701.967136,Rest,0.7945092874579132
1773309701.9681358,Rest,0.8396867432165891
1773309701.9691358,Rest,0.8938996901270002
1773309701.970136,Rest,0.9545665592886508
1773309701.9711359,Rest,1.0113610750995576
1773309701.9721358,Rest,1.0642832375597209
1773309701.973136,Rest,1.1042975555174053
1773309701.9741359,Rest,1.1326948134228587
1773309701.9751358,Rest,1.1456026579253376
1773309701.9761357,Rest,1.1430210890248418
1773309701.977136,Rest,1.1159146155696362
1773309701.9781358,Rest,1.0707371598109603
1773309701.9791358,Rest,1.0152334284503013
1773309701.980136,Rest,0.9545665592886508
1773309701.9811358,Rest,0.8938996901270002
1773309701.9821358,Rest,0.8487222343683243
1773309701.983136,Rest,0.8112894853111356
1773309701.9841359,Rest,0.7867645807564259
1773309701.9851358,Rest,0.7790198740549386
1773309701.9861357,Rest,0.785473796306178
1773309701.987136,Rest,0.8151618386618793
1773309701.9881358,Rest,0.8642116477712989
1773309701.9891357,Rest,0.9222969480324537
1773309701.990136,Rest,0.9816730327438563
1773309701.9911358,Rest,1.0345951952040195
1773309701.9921358,Rest,1.0797726509626955
1773309701.993136,Rest,1.1120422622188926
1773309701.9941359,Rest,1.130113244522363
1773309701.9951358,Rest,1.1326948134228587
1773309701.996136,Rest,1.117205400019884
1773309701.9971359,Rest,1.0784818665124476
1773309701.9981358,Rest,1.0242689196020365
1773309701.9991357,Rest,0.962311265990138
1773309702.000136,Rest,0.8990628279279917
1773309702.0011358,Rest,0.8538853721693158
1773309702.0021358,Rest,0.7867645807564259
1773309702.003136,Rest,0.7467502627987415
1773309702.0041358,Rest,0.7209345737937838
1773309702.0051358,Rest,0.7106082981918007
1773309702.006136,Rest,0.7170622204430401
1773309702.0071359,Rest,0.7480410472489893
1773309702.0081358,Rest,0.7945092874579132
1773309702.0091357,Rest,0.8487222343683243
1773309702.010136,Rest,0.9055167501792312
1773309702.0111358,Rest,0.9558573437388986
1773309702.021874,Rest,0.9984532305970788
1773309702.0228739,Rest,1.0281412729527801
1773309702.023874,Rest,1.0462122552562505
1773309702.024874,Rest,1.0462122552562505
1773309702.025874,Rest,1.029432057403028
1773309702.026874,Rest,0.9881269549950957
1773309702.027874,Rest,0.9339140080846846
1773309702.028874,Rest,0.8719563544727862
1773309702.0298738,Rest,0.8087079164106399
1773309702.030874,Rest,0.7544949695002288
1773309702.031874,Rest,0.7067359448410571
1773309702.0328739,Rest,0.6731755491346121
1773309702.033874,Rest,0.6538137823808938
1773309702.034874,Rest,0.6499414290301502
1773309702.035874,Rest,0.6641400579828769
1773309702.036874,Rest,0.7028635914903134
1773309702.037874,Rest,0.7544949695002288
1773309702.038874,Rest,0.8125802697613835
1773309702.0398738,Rest,0.8706655700225383
1773309702.040874,Rest,0.9197153791319579
1773309702.041874,Rest,0.9584389126393944
1773309702.0428739,Rest,0.9855453860946
1773309702.043874,Rest,0.9971624461468309
1773309702.044874,Rest,0.9932900927960873
1773309702.0458739,Rest,0.9700559726916254
1773309702.046874,Rest,0.9235877324827015
1773309702.047874,Rest,0.8655024322215468
1773309702.048874,Rest,0.8035447786096483
1773309702.049874,Rest,0.7415871249977499
1773309702.050874,Rest,0.6873741780873388
1773309702.051874,Rest,0.6421967223286629
1773309702.0528738,Rest,0.6099271110724658
1773309702.053874,Rest,0.5931469132192433
1773309702.054874,Rest,0.5931469132192433
1773309702.0558739,Rest,0.6125086799729615
1773309702.056874,Rest,0.6538137823808938
1773309702.057874,Rest,0.708026729291305
1773309702.058874,Rest,0.7674028140027076
1773309702.059874,Rest,0.8241973298136145
1773309702.060874,Rest,0.8732471389230341
1773309702.061874,Rest,0.9132614568807185
1773309702.0628738,Rest,0.940367930335924
1773309702.063874,Rest,0.951984990388155
1773309702.064874,Rest,0.9481126370374113
1773309702.0658739,Rest,0.9210061635822058
1773309702.066874,Rest,0.874537923373282
1773309702.067874,Rest,0.8164526231121272
1773309702.068874,Rest,0.7544949695002288
1773309702.069874,Rest,0.6938281003385782
1773309702.070874,Rest,0.6434875067789108
1773309702.071874,Rest,0.6008916199207306
1773309702.072874,Rest,0.5712035775650293
1773309702.073874,Rest,0.5582957330625504
1773309702.074874,Rest,0.5608773019630462
1773309702.0758739,Rest,0.585402206517756
1773309702.076874,Rest,0.6305796622764319
1773309702.077874,Rest,0.684792609186843
1773309702.0788739,Rest,0.7428779094479978
1773309702.079874,Rest,0.7983816408086568
1773309702.080874,Rest,0.8448498810175806
1773309702.081874,Rest,0.8809918456245214
1773309702.082874,Rest,0.9029351812787354
1773309702.083874,Rest,0.9093891035299748
1773309702.084874,Rest,0.8990628279279917
1773309702.0858738,Rest,0.8642116477712989
1773309702.086874,Rest,0.8112894853111356
1773309702.087874,Rest,0.7506226161494851
1773309702.0888739,Rest,0.6873741780873388
1773309702.089874,Rest,0.6279980933759362
1773309702.090874,Rest,0.5776574998162687
1773309702.091874,Rest,0.54022475075908
1773309702.092874,Rest,0.5144090617541224
1773309702.093874,Rest,0.5053735706023872
1773309702.094874,Rest,0.5118274928536266
1773309702.0958738,Rest,0.5428063196595758
1773309702.096874,Rest,0.5892745598684996
1773309702.097874,Rest,0.6434875067789108
1773309702.0988739,Rest,0.6989912381395698
1773309702.099874,Rest,0.7493318316992372
1773309702.100874,Rest,0.7919277185574174
1773309702.1018739,Rest,0.8216157609131187
1773309702.102874,Rest,0.8371051743160933
1773309702.103874,Rest,0.8358143898658454
1773309702.104874,Rest,0.8177434075623751
1773309702.105874,Rest,0.7764383051544428
1773309702.106874,Rest,0.7196437893435359
1773309702.107874,Rest,0.6538137823808938
1773309702.1088738,Rest,0.585402206517756
1773309702.109874,Rest,0.5247353373561054
1773309702.110874,Rest,0.4718131748959422
1773309702.1118739,Rest,0.43050807248800993
1773309702.112874,Rest,0.40469238348305225
1773309702.113874,Rest,0.3943661078810692
