Participant,Gesture,Repetition,Noise_Floor,Peak_MAV,Is_Flat,Onset_ms,Offset_ms,Length
Arundhati,Fist,1,0.003997378358968219,0.11708899650442353,False,0,334,4000
Arundhati,Fist,2,0.003860407506279054,0.11504674291230435,False,0,339,4000
Arundhati,Fist,3,0.0038117097215479355,0.10225830722380724,False,0,345,4000
Arundhati,Fist,4,0.0037635808987768003,0.1098278103208478,False,0,336,4000
Arundhati,Fist,5,0.004056278527122943,0.1065020145059577,False,0,364,4100
Arundhati,Fist,6,0.0035788614814187395,0.10712577498462526,False,0,346,4000
Arundhati,Fist,7,0.004231633641032506,0.10227840476331411,False,0,326,4000
Arundhati,Fist,8,0.003868613631605245,0.09905005447539691,False,0,315,4000
Arundhati,Fist,9,0.003592688624269055,0.1061557069548307,False,0,332,4000
Arundhati,Fist,10,0.004086778527127607,0.09962302390044975,False,0,4000,4000
Arundhati,Fist,11,0.0038156760145184932,0.10127758720764783,False,0,4000,4000
Arundhati,Fist,12,0.003847410649689328,0.10447289664467069,False,0,4000,4000
Arundhati,Fist,13,0.003738434670311922,0.1065557343910247,False,0,344,4000
Arundhati,Fist,14,0.003789406073235432,0.11087191123307687,False,0,341,4000
Arundhati,Fist,15,0.0038174944095565326,0.11331831434582959,False,0,340,3900
Arundhati,Fist,16,0.0037173799085209996,0.10876706538732982,False,0,337,4000
Arundhati,Fist,17,0.00359664244909825,0.09931093497681012,False,0,346,4000
Arundhati,Fist,18,0.00444987246621388,0.11473123294269617,False,0,3154,4000
Arundhati,Fist,19,0.003642341862127344,0.10490802462404236,False,0,341,4000
Arundhati,Fist,20,0.004693346766047178,0.12990487560267694,False,0,338,4000
Arundhati,Fist,21,0.004643570911330696,0.13993615571576015,False,0,452,4000
Arundhati,Fist,22,0.0035800015077799476,0.10728771810301616,False,0,334,4000
Arundhati,Fist,23,0.003738216008290083,0.09756498088675317,False,0,335,4000
Arundhati,Fist,24,0.003826546525195863,0.09972742919070696,False,0,3999,4000
Arundhati,Fist,25,0.003797878310141451,0.1028368140849591,False,0,4000,4000
Arundhati,Fist,26,0.0035998126302656517,0.10402813595287683,False,0,341,4000
Arundhati,Fist,27,0.0035775946705999813,0.10612294027609685,False,0,339,4000
Arundhati,Fist,28,0.0038011229588650343,0.11110157162781716,False,0,346,4000
Arundhati,Fist,29,0.003666303528479361,0.10274667028571571,False,0,4000,4000
Arundhati,Fist,30,0.0036796832760467367,0.11256399016090375,False,0,338,3900
Arundhati,Open palm,1,0.003753218237806479,0.10757829834463585,False,0,337,4000
Arundhati,Open palm,2,0.0037272190777023506,0.1090585687630036,False,0,339,4000
Arundhati,Open palm,3,0.003768390723959529,0.09913316875577506,False,0,343,4000
Arundhati,Open palm,4,0.0037832734944669134,0.11395100615654082,False,0,331,4000
Arundhati,Open palm,5,0.0037605564891132013,0.09803338200308317,False,0,347,4000
Arundhati,Open palm,6,0.0038061560819938247,0.11297678763025176,False,0,338,3900
Arundhati,Open palm,7,0.0037807677925395435,0.10165579011860892,False,0,343,4000
Arundhati,Open palm,8,0.003993509373946893,0.10971095027831965,False,0,346,4000
Arundhati,Open palm,9,0.0037302918435276927,0.1094440196740906,False,0,337,4000
Arundhati,Open palm,10,0.003570526707120428,0.09482368578742559,False,0,339,4000
Arundhati,Open palm,11,0.0036265403884471635,0.10406132845956971,False,0,343,4000
Arundhati,Open palm,12,0.004240744678513529,0.10642409312070077,False,0,331,4000
Arundhati,Open palm,13,0.003963086203780325,0.10021494197085964,False,0,4000,4000
Arundhati,Open palm,14,0.004091620776264302,0.09948048405393545,False,0,4000,4000
Arundhati,Open palm,15,0.003863258956248469,0.11390143739756063,False,0,342,4000
Arundhati,Open palm,16,0.0038955090693495987,0.11312294489534938,False,0,338,4000
Arundhati,Open palm,17,0.003974787338755774,0.15563141224512336,False,0,353,4000
Arundhati,Open palm,18,0.00397173296858956,0.10830714163796845,False,0,348,4000
Arundhati,Open palm,19,0.003943532938332987,0.12037281482027147,False,0,343,4000
Arundhati,Open palm,20,0.004023194988945556,0.11861880236690975,False,0,338,4000
Arundhati,Open palm,21,0.005129886518205102,0.13852118181438988,False,0,347,4100
Arundhati,Open palm,22,0.0038239997956970844,0.10261356897189444,False,0,345,4000
Arundhati,Open palm,23,0.003930044711065045,0.10026821355993151,False,0,355,4000
Arundhati,Open palm,24,0.003953398574571735,0.10019730000312366,False,0,354,4000
Arundhati,Open palm,25,0.00386679991127184,0.10285587296924092,False,0,345,4000
Arundhati,Open palm,26,0.003711206876611903,0.10568741036089423,False,0,4000,4000
Arundhati,Open palm,27,0.004233435936704918,0.10823851056260045,False,0,4000,4000
Arundhati,Open palm,28,0.004136396369909636,0.10083368895180583,False,0,346,4000
Arundhati,Open palm,29,0.004832154614182626,0.15782797735471335,False,0,352,4000
Arundhati,Open palm,30,0.0041077937369386535,0.09952938633895805,False,0,355,4000
Arundhati,Pinch,1,0.006640605937935704,0.11792524862291287,False,0,362,4000
Arundhati,Pinch,2,0.006437824837037409,0.11489621975430038,False,0,364,4000
Arundhati,Pinch,3,0.005362988388371318,0.10529410550251292,False,0,4000,4000
Arundhati,Pinch,4,0.006160267592263418,0.10403099946830531,False,0,4000,4000
Arundhati,Pinch,5,0.007027206662064101,0.11131276579204587,False,0,4000,4000
Arundhati,Pinch,6,0.007506660729190392,0.15281578887027195,False,0,386,4000
Arundhati,Pinch,7,0.0068152787944305215,0.11590035602275295,False,0,4000,4000
Arundhati,Pinch,8,0.0067176427488692125,0.10930878370384123,False,0,4000,4000
Arundhati,Pinch,9,0.006739760238381171,0.12247346682480005,False,0,4000,4000
Arundhati,Pinch,10,0.006016791781648347,0.11763732091892042,False,0,4000,4000
Arundhati,Pinch,11,0.00444819110159285,0.10853969901590643,False,0,4100,4100
Arundhati,Pinch,12,0.006936199642008536,0.12291464687942076,False,0,357,4000
Arundhati,Pinch,13,0.007084256718668361,0.11570231219947548,False,0,4000,4000
Arundhati,Pinch,14,0.0071576955492837135,0.11062879773901434,False,0,4000,4000
Arundhati,Pinch,15,0.007457110563769055,0.12227054430420806,False,0,4000,4000
Arundhati,Pinch,16,0.007850439227343211,0.11538964090175596,False,0,4000,4000
Arundhati,Pinch,17,0.009421259713160168,0.1396846171102587,False,0,350,4100
Arundhati,Pinch,18,0.010294347464659528,0.12010886754731277,False,0,366,4000
Arundhati,Pinch,19,0.008562391837208534,0.11088466432787447,False,0,4000,4000
Arundhati,Pinch,20,0.006965975539365576,0.1245839585537467,False,0,359,4000
Arundhati,Pinch,21,0.005632491827646766,0.11118841361610057,False,0,4000,4000
Arundhati,Pinch,22,0.004384458846318426,0.11038986789096819,False,0,4100,4100
Arundhati,Pinch,23,0.00857924926391647,0.12150920439628074,False,0,3900,3900
Arundhati,Pinch,24,0.009446488462113323,0.12154811407634249,False,0,361,4000
Arundhati,Pinch,25,0.00783965711825824,0.11146794188565275,False,0,4000,4000
Arundhati,Pinch,26,0.00847905161149951,0.12477096851669751,False,0,4000,4000
Arundhati,Pinch,27,0.008268094493333796,0.1118829547298433,False,0,4000,4000
Arundhati,Pinch,28,0.007979515267132017,0.12303037233543003,False,0,4000,4000
Arundhati,Pinch,29,0.008377172024345526,0.11078676981842595,False,0,4000,4000
Arundhati,Pinch,30,0.008573984674232232,0.12397700979578236,False,0,4000,4000
Arundhati,Wrist down,1,0.004690287735956102,0.10147658356707899,False,0,361,4000
Arundhati,Wrist down,2,0.00461201420100809,0.11086099594581376,False,0,3900,3900
Arundhati,Wrist down,3,0.004730460362022243,0.11136272104932617,False,0,4000,4000
Arundhati,Wrist down,4,0.004168003580262387,0.10133081309741222,False,0,4000,4000
Arundhati,Wrist down,5,0.004189450367884063,0.11100223609006568,False,0,4000,4000
Arundhati,Wrist down,6,0.004162892016285745,0.10623887901981315,False,0,356,4000
Arundhati,Wrist down,7,0.003984303633761053,0.10982706134575664,False,0,4000,4000
Arundhati,Wrist down,8,0.0042832002176269425,0.10128405181313214,False,0,356,4000
Arundhati,Wrist down,9,0.004027798733497417,0.11154481356901386,False,0,4000,4000
Arundhati,Wrist down,10,0.004024552318496986,0.09998618490041986,False,0,355,4000
Arundhati,Wrist down,11,0.004076730931113382,0.1092116409245586,False,0,347,4000
Arundhati,Wrist down,12,0.0042194825212525724,0.10936968857661482,False,0,4000,4000
Arundhati,Wrist down,13,0.004538829184118615,0.10619320179754112,False,0,347,4000
Arundhati,Wrist down,14,0.00395236245051675,0.1083024779203586,False,0,4000,4000
Arundhati,Wrist down,15,0.004115111433955207,0.09688719888283048,False,0,356,4100
Arundhati,Wrist down,16,0.004000062520710696,0.10532180922882238,False,0,345,4000
Arundhati,Wrist down,17,0.0037035280719454676,0.1105654722905686,False,0,4000,4000
Arundhati,Wrist down,18,0.0046080227039543235,0.09558397870443176,False,0,364,4000
Arundhati,Wrist down,19,0.0050181439983755525,0.10684306112374836,False,0,360,4000
Arundhati,Wrist down,20,0.004326636415640454,0.11005208428358745,False,0,4000,4000
Arundhati,Wrist down,21,0.004234049044083594,0.09873696804423576,False,0,4100,4100
Arundhati,Wrist down,22,0.004846602382954258,0.10045841064603152,False,0,363,4000
Arundhati,Wrist down,23,0.005275859828216566,0.11247996035058362,False,0,347,4000
Arundhati,Wrist down,24,0.005542913012993098,0.11262781967133657,False,0,359,4000
Arundhati,Wrist down,25,0.005361525302260009,0.11233274357920703,False,0,357,4000
Arundhati,Wrist down,26,0.0055891883616604795,0.15733666856402753,False,0,4000,4000
Arundhati,Wrist down,27,0.006574311350272404,0.1282263697180897,False,0,348,4100
Arundhati,Wrist down,28,0.005155252420343022,0.10687400301355104,False,0,386,3900
Arundhati,Wrist down,29,0.005797457895013183,0.10836750184261806,False,0,364,4000
Arundhati,Wrist down,30,0.0060404741736832575,0.11198818529180324,False,0,353,4000
Arundhati,Wrist up,1,0.004127115182794332,0.09984515624701343,False,0,364,4000
Arundhati,Wrist up,2,0.004498703567673404,0.11360523087771587,False,0,4000,4000
Arundhati,Wrist up,3,0.003975885003203578,0.09832609988445157,False,0,364,4000
Arundhati,Wrist up,4,0.004371693610697048,0.10948648247975055,False,0,4000,4000
Arundhati,Wrist up,5,0.004106972367840484,0.10179708310128291,False,0,350,4100
Arundhati,Wrist up,6,0.0041507387528144065,0.11226344378763516,False,0,4000,4000
Arundhati,Wrist up,7,0.0037857161526512516,0.0974494811666689,False,0,362,4000
Arundhati,Wrist up,8,0.004399372405762487,0.11912066981125986,False,0,4000,4000
Arundhati,Wrist up,9,0.0040012434658446075,0.10251338814170724,False,0,364,4000
Arundhati,Wrist up,10,0.003971271362392138,0.11432087777084218,False,0,4100,4100
Arundhati,Wrist up,11,0.003923156382677621,0.1456900453596037,False,0,374,4100
Arundhati,Wrist up,12,0.004040993058724362,0.10306154107541075,False,0,363,4000
Arundhati,Wrist up,13,0.0039015420464522093,0.106899964042362,False,0,357,4000
Arundhati,Wrist up,14,0.0043159822712152416,0.11657024939603393,False,0,4000,4000
Arundhati,Wrist up,15,0.005220640442901559,0.12373774040712632,False,0,4000,4000
Arundhati,Wrist up,16,0.005210994779584682,0.11201925967577261,False,0,363,4000
Arundhati,Wrist up,17,0.0052711316494557245,0.1246077123001817,False,0,359,4000
Arundhati,Wrist up,18,0.005279197512897748,0.128938919598158,False,0,4000,4000
Arundhati,Wrist up,19,0.005329483605624099,0.11856778233411289,False,0,4000,4000
Arundhati,Wrist up,20,0.0051986235099638,0.11409752514013316,False,0,370,4100
Arundhati,Wrist up,21,0.004941781284442251,0.13436544045878854,False,0,4000,4000
Arundhati,Wrist up,22,0.005180402396662859,0.1407067829504519,False,0,4000,4000
Arundhati,Wrist up,23,0.005970034806235691,0.11894691693026052,False,0,4000,4000
Arundhati,Wrist up,24,0.005261481085659291,0.12615910911574457,False,0,4000,4000
Arundhati,Wrist up,25,0.005328888017264224,0.11464126709170733,False,0,4000,4000
Arundhati,Wrist up,26,0.005562735027731966,0.10917971398793781,False,0,4000,4000
Arundhati,Wrist up,27,0.005373163473732161,0.10481254845375255,False,0,4100,4100
Arundhati,Wrist up,28,0.005448991121341156,0.10185120779845863,False,0,4100,4100
Arundhati,Wrist up,29,0.0048355807324460326,0.09883591559570276,False,0,4000,4000
Arundhati,Wrist up,30,0.0046889570059106215,0.11034353861697861,False,0,343,4000
Tanishka_,Fist,1,0.004517418179629139,0.1399703927575045,False,0,333,4000
Tanishka_,Fist,2,0.004554242804595076,0.13140394209563488,False,0,338,4000
Tanishka_,Fist,3,0.004566077169252013,0.1427542186181882,False,0,340,4100
Tanishka_,Fist,4,0.004549583832644742,0.1243152674813901,False,0,345,4000
Tanishka_,Fist,5,0.004481167493625233,0.14323382003693627,False,0,335,4000
Tanishka_,Fist,6,0.004558290953564099,0.13799811239189266,False,0,343,4000
Tanishka_,Fist,7,0.0045344455611350054,0.13017292600323382,False,0,346,4000
Tanishka_,Fist,8,0.004597719472500401,0.14547661549998386,False,0,338,4000
Tanishka_,Fist,9,0.00460261570515836,0.12771869899630164,False,0,346,4000
Tanishka_,Fist,10,0.0046430843553390035,0.1466399449641628,False,0,338,4000
Tanishka_,Fist,11,0.004630889036458756,0.1315248738099138,False,0,341,4000
Tanishka_,Fist,12,0.004588722773960254,0.14312739600046767,False,0,335,4000
Tanishka_,Fist,13,0.004657041543584362,0.13492592226711933,False,0,338,4000
Tanishka_,Fist,14,0.004587184173267785,0.1403343346582804,False,0,335,4000
Tanishka_,Fist,15,0.004689267974277375,0.138194980174538,False,0,343,4000
Tanishka_,Fist,16,0.004632913243850596,0.14237881595962812,False,0,337,4000
Tanishka_,Fist,17,0.004623146562750951,0.13517552991612264,False,0,345,4000
Tanishka_,Fist,18,0.004752932795720116,0.14919962134551357,False,0,337,4000
Tanishka_,Fist,19,0.0047662892491057785,0.13181640579411627,False,0,344,4000
Tanishka_,Fist,20,0.004636158417356838,0.13667063845756602,False,0,336,4000
Tanishka_,Fist,21,0.0048313146173547625,0.14624161245203063,False,0,339,4000
Tanishka_,Fist,22,0.004840792720091013,0.14913911733368396,False,0,341,4000
Tanishka_,Fist,23,0.004971883270700918,0.15192449517889425,False,0,341,4000
Tanishka_,Fist,24,0.004864733799073352,0.14651622851003554,False,0,344,4000
Tanishka_,Fist,25,0.004980232550364793,0.14829149532397992,False,0,344,4000
Tanishka_,Fist,26,0.00491936216375058,0.15515883283814355,False,0,339,4000
Tanishka_,Fist,27,0.00509440509914829,0.15932258652468576,False,0,339,4100
Tanishka_,Fist,28,0.004896158221002338,0.16210254599343002,False,0,334,4000
Tanishka_,Fist,29,0.004987200957228235,0.1555828905019361,False,0,342,4000
Tanishka_,Fist,30,0.004984548320526735,0.14274900963322013,False,0,343,4000
Tanishka_,Open palm,1,0.005023258219753235,0.16181265677116408,False,0,329,4000
Tanishka_,Open palm,2,0.005026581459958821,0.15959237911442437,False,0,340,4000
Tanishka_,Open palm,3,0.004960552930747834,0.1421478100075122,False,0,346,4000
Tanishka_,Open palm,4,0.004994374756647951,0.1502051341716191,False,0,338,4100
Tanishka_,Open palm,5,0.005146404402299239,0.16482724231266832,False,0,340,4000
Tanishka_,Open palm,6,0.005074805115215179,0.147502057783837,False,0,344,4000
Tanishka_,Open palm,7,0.005109757419009047,0.16639326537041912,False,0,332,4000
Tanishka_,Open palm,8,0.004951155490091891,0.14795225894872893,False,0,343,4000
Tanishka_,Open palm,9,0.004974230508925089,0.15723671851747809,False,0,340,4000
Tanishka_,Open palm,10,0.0051940788541234625,0.16605402355914056,False,0,341,4000
Tanishka_,Open palm,11,0.00509799021281031,0.15065449009319404,False,0,344,4000
Tanishka_,Open palm,12,0.005200289630527061,0.1553472181542917,False,0,4000,4000
Tanishka_,Open palm,13,0.005306482246255054,0.1730881754750627,False,0,340,4000
Tanishka_,Open palm,14,0.005533832522459064,0.17635816816414146,False,0,338,4000
Tanishka_,Open palm,15,0.005383494993585381,0.17683351932312313,False,0,340,4000
Tanishka_,Open palm,16,0.005495660664215343,0.16919354815127924,False,0,338,4000
Tanishka_,Open palm,17,0.005568902308420901,0.1625878622039489,False,0,344,4000
Tanishka_,Open palm,18,0.005408121430289352,0.1561055588652347,False,0,346,4000
Tanishka_,Open palm,19,0.005424639678923182,0.17227795052342196,False,0,342,4100
Tanishka_,Open palm,20,0.005365308975107778,0.1601387164271281,False,0,339,4000
Tanishka_,Open palm,21,0.00544146654607259,0.16497710871258892,False,0,344,4000
Tanishka_,Open palm,22,0.00522247392665264,0.17829360329641225,False,0,340,4000
Tanishka_,Open palm,23,0.005461597259814734,0.16495062422962975,False,0,336,4000
Tanishka_,Open palm,24,0.0053994448235812845,0.15759819954259416,False,0,354,4000
Tanishka_,Open palm,25,0.005425696614842493,0.1789546737880217,False,0,339,4000
Tanishka_,Open palm,26,0.005340488030781041,0.15741804283451366,False,0,346,4100
Tanishka_,Open palm,27,0.005352849468305796,0.17681992125598703,False,0,339,4000
Tanishka_,Open palm,28,0.005422079466942843,0.1600012094410881,False,0,345,4000
Tanishka_,Open palm,29,0.005349874161991421,0.17482495604909468,False,0,342,4000
Tanishka_,Open palm,30,0.005324661290406585,0.1671980335901995,False,0,340,4000
Tanishka_,Pinch,1,0.0058401566510224365,0.19046884003260467,False,0,361,4000
Tanishka_,Pinch,2,0.005715901731104331,0.1855632965823546,False,0,343,4100
Tanishka_,Pinch,3,0.005736815326423117,0.20729489168865714,False,0,339,4000
Tanishka_,Pinch,4,0.005751119517461135,0.1827424107287089,False,0,346,4000
Tanishka_,Pinch,5,0.005586363447714928,0.18975777294982546,False,0,338,4000
Tanishka_,Pinch,6,0.00561102857942973,0.2043966547871283,False,0,338,4000
Tanishka_,Pinch,7,0.005766542070749445,0.181977422299551,False,0,347,4000
Tanishka_,Pinch,8,0.0057132793470884066,0.18741594385817462,False,0,340,4100
Tanishka_,Pinch,9,0.005542844713361687,0.20196357072440344,False,0,336,4000
Tanishka_,Pinch,10,0.0056410578962742975,0.20095307669833803,False,0,338,4000
Tanishka_,Pinch,11,0.0056781160185699585,0.20080323671878106,False,0,338,4000
Tanishka_,Pinch,12,0.00583365508683412,0.20935661349084206,False,0,338,4000
Tanishka_,Pinch,13,0.005735404791681422,0.19783914186894191,False,0,352,4000
Tanishka_,Pinch,14,0.005676545431961568,0.2044188782132547,False,0,336,4000
Tanishka_,Pinch,15,0.00565002250932369,0.19561756579883036,False,0,343,4000
Tanishka_,Pinch,16,0.005650981231781498,0.17963631923036796,False,0,347,4100
Tanishka_,Pinch,17,0.005540126004717838,0.1730376135261545,False,0,339,4000
Tanishka_,Pinch,18,0.005640040285201564,0.1949482405295556,False,0,338,4000
Tanishka_,Pinch,19,0.005708136091428473,0.20326071156946923,False,0,338,4000
Tanishka_,Pinch,20,0.005699923847833224,0.20490199263891687,False,0,339,4000
Tanishka_,Pinch,21,0.005833131981174971,0.21522482729898137,False,0,340,4000
Tanishka_,Pinch,22,0.005647084565380462,0.20571757743093216,False,0,339,4000
Tanishka_,Pinch,23,0.005653341220008736,0.21291184034961158,False,0,339,4000
Tanishka_,Pinch,24,0.005674324026087524,0.21090115039833632,False,0,338,4000
Tanishka_,Pinch,25,0.005706929893392897,0.19698292044936155,False,0,343,4000
Tanishka_,Pinch,26,0.005597218304770018,0.18212098366634324,False,0,352,4000
Tanishka_,Pinch,27,0.005634704641083927,0.1829849733845007,False,0,343,4000
Tanishka_,Pinch,28,0.005736975614028104,0.19083334045972303,False,0,337,4000
Tanishka_,Pinch,29,0.0056936306137615866,0.1907462915852913,False,0,338,4100
Tanishka_,Pinch,30,0.005789388214092727,0.19713515226142014,False,0,333,4000
Tanishka_,Wrist down,1,0.00639403630622024,0.18934144987231039,False,0,4000,4000
Tanishka_,Wrist down,2,0.006248042160550419,0.22235632306433353,False,0,347,4000
Tanishka_,Wrist down,3,0.006105327793812604,0.22351654407332908,False,0,341,4000
Tanishka_,Wrist down,4,0.006029166234320581,0.1922353774403961,False,0,351,4000
Tanishka_,Wrist down,5,0.005982430072979,0.20157569603252995,False,0,350,4000
Tanishka_,Wrist down,6,0.005899295817398984,0.21300001319712564,False,0,342,4000
Tanishka_,Wrist down,7,0.006005517140538786,0.2251383335800897,False,0,367,4000
Tanishka_,Wrist down,8,0.006015983478925397,0.22422158444025658,False,0,347,4000
Tanishka_,Wrist down,9,0.005839210213947248,0.18981094621497557,False,0,3999,4000
Tanishka_,Wrist down,10,0.005853898431871994,0.20787512181676,False,0,343,4100
Tanishka_,Wrist down,11,0.00582913229924289,0.21421222253961633,False,0,342,4000
Tanishka_,Wrist down,12,0.005934870985245037,0.1958202019361071,False,0,355,4000
Tanishka_,Wrist down,13,0.005992906230930357,0.18429075731838146,False,0,353,4000
Tanishka_,Wrist down,14,0.005794157188799875,0.19547637606037813,False,0,353,4000
Tanishka_,Wrist down,15,0.005836363361790742,0.20911057560750546,False,0,1501,4000
Tanishka_,Wrist down,16,0.005715343179624104,0.18134482265275767,False,0,349,4000
Tanishka_,Wrist down,17,0.005776203131614417,0.19919412424260266,False,0,338,3900
Tanishka_,Wrist down,18,0.005759711687737938,0.2067264485582793,False,0,341,4100
Tanishka_,Wrist down,19,0.005634323258728608,0.1824982564126087,False,0,352,4000
Tanishka_,Wrist down,20,0.00578337111216286,0.20099649446986922,False,0,337,4000
Tanishka_,Wrist down,21,0.00556967462951101,0.18883838184840188,False,0,352,4000
Tanishka_,Wrist down,22,0.005771006769174966,0.19955344223236834,False,0,338,4000
Tanishka_,Wrist down,23,0.005639373608024051,0.19497701685720187,False,0,348,4000
Tanishka_,Wrist down,24,0.005676962280239808,0.18571220364311844,False,0,345,4000
Tanishka_,Wrist down,25,0.00597657679393385,0.2016866100036246,False,0,322,4000
Tanishka_,Wrist down,26,0.005709221847608224,0.1821885988769026,False,0,346,4000
Tanishka_,Wrist down,27,0.006029897276276991,0.19158507234541985,False,0,346,4000
Tanishka_,Wrist down,28,0.005682749871907651,0.203805169050589,False,0,339,4000
Tanishka_,Wrist down,29,0.005713856894115246,0.1888463806263479,False,0,351,4000
Tanishka_,Wrist down,30,0.005683107732211381,0.1925373073810642,False,0,339,4000
Tanishka_,Wrist up,1,0.005516268323003388,0.15667695444224347,False,0,344,4000
Tanishka_,Wrist up,2,0.0054876469255369445,0.18243702444274681,False,0,338,4000
Tanishka_,Wrist up,3,0.005514119521296941,0.16361269153882074,False,0,351,4000
Tanishka_,Wrist up,4,0.0053755038723753805,0.17461537951752096,False,0,349,4000
Tanishka_,Wrist up,5,0.005518522660518623,0.17778166212611482,False,0,337,4000
Tanishka_,Wrist up,6,0.005409769442017911,0.15847311180905105,False,0,346,4000
Tanishka_,Wrist up,7,0.005442314732114265,0.16342420584438833,False,0,352,4000
Tanishka_,Wrist up,8,0.0054546215912158426,0.18095731003567855,False,0,342,4000
Tanishka_,Wrist up,9,0.0053684988159525505,0.17322903370979947,False,0,338,3900
Tanishka_,Wrist up,10,0.005410468251616641,0.15733382455832567,False,0,4000,4000
Tanishka_,Wrist up,11,0.005968555328869648,0.1775895896206719,False,0,4000,4000
Tanishka_,Wrist up,12,0.005968820167019261,0.19501711057308774,False,0,352,4000
Tanishka_,Wrist up,13,0.005923823080373358,0.20445963460490207,False,0,346,4000
Tanishka_,Wrist up,14,0.006017099638559857,0.20539968983894819,False,0,340,4000
Tanishka_,Wrist up,15,0.0060442669064504516,0.19723053850485855,False,0,340,4000
Tanishka_,Wrist up,16,0.006006724283981053,0.1964497004256452,False,0,339,4000
Tanishka_,Wrist up,17,0.005975906259806071,0.18413447428815996,False,0,342,4000
Tanishka_,Wrist up,18,0.0058886234765221515,0.18462935067529065,False,0,351,4000
Tanishka_,Wrist up,19,0.005691809945636819,0.1997023576276608,False,0,343,4000
Tanishka_,Wrist up,20,0.005878662369445082,0.1942308519519214,False,0,338,4000
Tanishka_,Wrist up,21,0.005859024861625905,0.17999007686559076,False,0,352,4000
Tanishka_,Wrist up,22,0.005794639061648471,0.1989649921965662,False,0,341,4100
Tanishka_,Wrist up,23,0.00575450254189413,0.19100342725999653,False,0,338,4100
Tanishka_,Wrist up,24,0.005811876649586534,0.18988078766030217,False,0,343,4000
Tanishka_,Wrist up,25,0.005829224893961737,0.1970690940764152,False,0,340,4000
Tanishka_,Wrist up,26,0.005683160910793206,0.17675540307994278,False,0,3998,4000
Tanishka_,Wrist up,27,0.005804181854765282,0.20298314747678753,False,0,342,4000
Tanishka_,Wrist up,28,0.005912349624556528,0.2010711910007816,False,0,339,4000
Tanishka_,Wrist up,29,0.005796974921574514,0.17713050625483176,False,0,351,4000
Tanishka_,Wrist up,30,0.0058837400103893935,0.19711733014688565,False,0,348,4000
Thrisha,Fist,1,0.002999718250848219,0.07915735296344914,False,0,3006,4000
Thrisha,Fist,2,0.004038322548339717,0.0745700181266901,False,0,3909,4000
Thrisha,Fist,3,0.004557699905554615,0.07168712521896385,False,0,322,4100
Thrisha,Fist,4,0.00547136467613586,0.07226116208893263,False,0,3410,4000
Thrisha,Fist,5,0.0028893464308254345,0.058429301815046804,False,0,2781,4000
Thrisha,Fist,6,0.0050886637216995744,0.07096173231874256,False,0,929,4000
Thrisha,Fist,7,0.003638302891798906,0.06572629278703433,False,0,331,4000
Thrisha,Fist,8,0.002583436186475474,0.06219870199762071,False,0,336,4000
Thrisha,Fist,9,0.005515038492455233,0.06401277074528401,False,0,3853,4000
Thrisha,Fist,10,0.003317015559372123,0.07379586738847985,False,0,319,4100
Thrisha,Fist,11,0.0033988490024548755,0.06988061595951395,False,0,365,4100
Thrisha,Fist,12,0.003933639035843341,0.06905677940356716,False,0,317,4000
Thrisha,Fist,13,0.0044678143154804565,0.07408163790720831,False,0,4000,4000
Thrisha,Fist,14,0.002601539276685191,0.08066499169334466,False,0,341,4000
Thrisha,Fist,15,0.003601119198183957,0.08164778954759916,False,0,308,4000
Thrisha,Fist,16,0.004296721116518077,0.08304020595841904,False,0,329,4000
Thrisha,Fist,17,0.006883478883897104,0.2200970071233704,False,513,4000,4000
Thrisha,Fist,18,0.014645907552816133,0.24161519462513123,False,256,1391,4000
Thrisha,Fist,19,0.009323301592169991,0.12278022623387913,False,595,4000,4000
Thrisha,Fist,20,0.013041116835058358,0.08061854277109132,False,374,4000,4000
Thrisha,Fist,21,0.006626661193546648,0.09965628025264894,False,574,4000,4000
Thrisha,Fist,22,0.010115097359423078,0.08285396970933193,False,269,4000,4000
Thrisha,Fist,23,0.007614151096650601,0.05979157290174038,False,297,4000,4000
Thrisha,Fist,24,0.01072900172108076,0.06833229193417217,False,0,4000,4000
Thrisha,Fist,25,0.006518191594498325,0.06989453480764928,False,3,4000,4000
Thrisha,Fist,26,0.008254432987508848,0.07901565754914162,False,647,4000,4000
Thrisha,Fist,27,0.007756491559919602,0.08707223406613186,False,583,4000,4000
Thrisha,Fist,28,0.007025286837673489,0.06796244150713361,False,479,4000,4000
Thrisha,Fist,29,0.006962447041878761,0.09310244580447061,False,481,4100,4100
Thrisha,Fist,30,0.009548658644775844,0.0717310969040548,False,513,4000,4000
Thrisha,Open palm,1,0.00721477524651767,0.15169168242464737,False,654,4000,4000
Thrisha,Open palm,2,0.015176279400122,0.1377177889975086,False,372,3982,4000
Thrisha,Open palm,3,0.006143598958447205,0.1573150285252164,False,942,3783,4000
Thrisha,Open palm,4,0.008730849338512661,0.13383968361933146,False,678,4000,4000
Thrisha,Open palm,5,0.010275493879579725,0.08987529015654917,False,495,4000,4000
Thrisha,Open palm,6,0.007507173786287505,0.08521550507423066,False,723,4100,4100
Thrisha,Open palm,7,0.009804901139972058,0.08973911650486427,False,385,4000,4000
Thrisha,Open palm,8,0.0065061114323258186,0.11661997238701126,False,483,4000,4000
Thrisha,Open palm,9,0.005955376674092491,0.14009128504698867,False,454,4000,4000
Thrisha,Open palm,10,0.008620917450079568,0.08598031082418865,False,516,4000,4000
Thrisha,Open palm,11,0.007176401872835569,0.11295236267977009,False,804,3943,4000
Thrisha,Open palm,12,0.009949584438813342,0.154895070382555,False,476,1998,4000
Thrisha,Open palm,13,0.007671619600919943,0.16333452185360908,False,943,3865,3900
Thrisha,Open palm,14,0.015173392440085644,0.14470387845263666,False,253,1937,4000
Thrisha,Open palm,15,0.007461879833556728,0.08977612516227765,False,676,3922,4000
Thrisha,Open palm,16,0.01284728375649352,0.08370504275175396,False,288,4000,4000
Thrisha,Open palm,17,0.003951792366378337,0.14292414229525727,False,962,4000,4000
Thrisha,Open palm,18,0.011085207846376254,0.15794025354622834,False,466,1137,4000
Thrisha,Open palm,19,0.01578506877101188,0.10508145376892675,False,147,3588,3900
Thrisha,Open palm,20,0.006357421333481228,0.1746331059571034,False,1022,4000,4000
Thrisha,Open palm,21,0.004477036967993248,0.020450506765383958,False,0,4000,4000
Thrisha,Open palm,22,0.010608624916574558,0.09018449188288502,False,338,4000,4000
Thrisha,Open palm,23,0.011322350262191562,0.16776889452917057,False,476,1290,4000
Thrisha,Open palm,24,0.010459071038012621,0.12197390894926975,False,292,3816,4000
Thrisha,Open palm,25,0.007579749620929376,0.12555709739364943,False,565,2589,4000
Thrisha,Open palm,26,0.006815829228539227,0.08931878993403183,False,487,3993,4000
Thrisha,Open palm,27,0.010572361575659647,0.07243679076216906,False,395,4000,4000
Thrisha,Open palm,28,0.005668954551559886,0.07326812461013457,False,854,3902,4000
Thrisha,Open palm,29,0.022062496217528222,0.16425425121741286,False,364,3648,4000
Thrisha,Open palm,30,0.006793106639157645,0.06007338990763742,False,771,4000,4000
Thrisha,Pinch,1,0.011331114403471,0.05973699375803329,False,0,3910,4000
Thrisha,Pinch,2,0.006610540905802416,0.09317078411609012,False,1620,4000,4000
Thrisha,Pinch,3,0.009949685981495836,0.0775424513586702,False,496,4000,4000
Thrisha,Pinch,4,0.0051375599014872346,0.058672379283132674,False,0,3953,4000
Thrisha,Pinch,5,0.007544788671600463,0.0753082302370474,False,844,4000,4000
Thrisha,Pinch,6,0.007526031287394212,0.11290229803345951,False,884,4000,4000
Thrisha,Pinch,7,0.0073104493071916195,0.08039376412877022,False,695,4000,4000
Thrisha,Pinch,8,0.008368195338249064,0.08297383952168076,False,740,3996,4000
Thrisha,Pinch,9,0.00688586176465877,0.09004690767907805,False,1219,4000,4000
Thrisha,Pinch,10,0.007243056316037443,0.07193958110078881,False,362,4000,4000
Thrisha,Pinch,11,0.00541768773456385,0.081298638947074,False,0,4000,4000
Thrisha,Pinch,12,0.006478906422111512,0.11686986204820535,False,1405,4000,4000
Thrisha,Pinch,13,0.0048477942348896545,0.07142342740323666,False,0,4100,4100
Thrisha,Pinch,14,0.014448046354279032,0.08283555487851783,False,603,3807,4000
Thrisha,Pinch,15,0.007424386160796359,0.07131444471007303,False,0,4000,4000
Thrisha,Pinch,16,0.005600899525338223,0.09736319594808272,False,943,4000,4000
Thrisha,Pinch,17,0.008636641598625294,0.05795500375127667,False,0,4000,4000
Thrisha,Pinch,18,0.006214654917835408,0.07968696141700833,False,0,4000,4000
Thrisha,Pinch,19,0.007822362675872819,0.09814965531691865,False,921,4000,4000
Thrisha,Pinch,20,0.004676122930356093,0.10133232076104144,False,769,4100,4100
Thrisha,Pinch,21,0.00792457938066619,0.08365438834729222,False,0,3993,4000
Thrisha,Pinch,22,0.007503090563269845,0.06702864300113691,False,0,4000,4000
Thrisha,Pinch,23,0.010680726569301423,0.08846971728342531,False,351,4000,4000
Thrisha,Pinch,24,0.0061568040831439476,0.06657545033770984,False,0,4000,4000
Thrisha,Pinch,25,0.007563403371693596,0.08137102163897288,False,522,4000,4000
Thrisha,Pinch,26,0.008713891814761019,0.08611879720715686,False,551,3784,4000
Thrisha,Pinch,27,0.013865300810281972,0.07871587054780252,False,445,4100,4100
Thrisha,Pinch,28,0.006313259457980728,0.0668947891855278,False,0,4100,4100
Thrisha,Pinch,29,0.009003788603665767,0.05532401994774967,False,0,4000,4000
Thrisha,Pinch,30,0.007411485073206721,0.11544481463772244,False,571,3893,4000
Thrisha,Wrist down,1,0.012443482734279943,0.13455961648461676,False,376,3954,4000
Thrisha,Wrist down,2,0.01214740043243852,0.11529320240250689,False,487,3984,4000
Thrisha,Wrist down,3,0.008519561515469488,0.11135795844615394,False,623,3948,4000
Thrisha,Wrist down,4,0.011302372601823832,0.15214603887332906,False,684,2600,4100
Thrisha,Wrist down,5,0.009732569156854588,0.08928886072537696,False,360,4000,4000
Thrisha,Wrist down,6,0.006288012938452559,0.10216078263380099,False,709,4000,4000
Thrisha,Wrist down,7,0.015896524477713152,0.09101600363220276,False,465,3885,4000
Thrisha,Wrist down,8,0.01073053025961955,0.10613752450428836,False,0,3833,4000
Thrisha,Wrist down,9,0.009571303666680632,0.09077615482348027,False,0,4000,4000
Thrisha,Wrist down,10,0.011784474834423686,0.1545042573457535,False,719,3933,4000
Thrisha,Wrist down,11,0.010284888803479079,0.18289604567153003,False,516,4000,4000
Thrisha,Wrist down,12,0.006355373606946057,0.10407999445131909,False,432,4100,4100
Thrisha,Wrist down,13,0.006945843900643028,0.08160426593982555,False,1,4000,4000
Thrisha,Wrist down,14,0.01522399084796204,0.1646660009219442,False,361,3980,4000
Thrisha,Wrist down,15,0.011444193178225967,0.18532672994346475,False,461,3552,4000
Thrisha,Wrist down,16,0.010722747698150402,0.12344503023661944,False,512,3909,4000
Thrisha,Wrist down,17,0.006724933818632943,0.08280836130264754,False,576,4000,4000
Thrisha,Wrist down,18,0.009198371823488491,0.08708573299508336,False,787,4100,4100
Thrisha,Wrist down,19,0.009866873610323575,0.18686896044866275,False,671,3900,3900
Thrisha,Wrist down,20,0.007005164046944763,0.1649790940630561,False,521,3948,4000
Thrisha,Wrist down,21,0.008558471994549299,0.12311080348817426,False,454,4000,4000
Thrisha,Wrist down,22,0.013227548475836837,0.0948590525721786,False,760,3971,4000
Thrisha,Wrist down,23,0.011485640890244906,0.09998705437658456,False,553,3988,4000
Thrisha,Wrist down,24,0.01132429487393067,0.13541397683756742,False,716,4000,4000
Thrisha,Wrist down,25,0.009092121159538962,0.08823623670576497,False,567,4100,4100
Thrisha,Wrist down,26,0.024781389756326346,0.16858579250456368,False,0,4000,4000
Thrisha,Wrist down,27,0.007137097873303617,0.09228276051770681,False,478,4000,4000
Thrisha,Wrist down,28,0.009102832666525585,0.15366875239702465,False,518,3896,4000
Thrisha,Wrist down,29,0.010989729751802783,0.1074671754627392,False,431,4000,4000
Thrisha,Wrist down,30,0.007673366054994142,0.08276581200789282,False,15,4000,4000
Thrisha,Wrist up,1,0.006761826998390647,0.3295213454064159,False,804,4000,4000
Thrisha,Wrist up,2,0.014880243252726433,0.1845225814053521,False,470,4000,4000
Thrisha,Wrist up,3,0.011917134872415169,0.25646760817761544,False,399,3983,4100
Thrisha,Wrist up,4,0.021274966343792338,0.28946357921267046,False,638,3993,4000
Thrisha,Wrist up,5,0.012599728747688221,0.23756306950154332,False,613,4000,4000
Thrisha,Wrist up,6,0.009912245111914525,0.2304305580317914,False,466,4000,4000
Thrisha,Wrist up,7,0.013066429574926866,0.1914445929960417,False,702,4000,4000
Thrisha,Wrist up,8,0.011732236078678335,0.17712507111526815,False,515,4000,4000
Thrisha,Wrist up,9,0.0070828333643225575,0.20301028199612825,False,459,4000,4000
Thrisha,Wrist up,10,0.010228803970165967,0.22331207836988548,False,719,4000,4000
Thrisha,Wrist up,11,0.005070059753815329,0.13796779599268208,False,772,4000,4000
Thrisha,Wrist up,12,0.008094274184413785,0.20683597438474755,False,800,3897,4000
Thrisha,Wrist up,13,0.004226405718411752,0.2028477335146425,False,1512,4000,4000
Thrisha,Wrist up,14,0.004864101339460948,0.15381064565408487,False,937,4000,4000
Thrisha,Wrist up,15,0.006168155139462624,0.14373657990203978,False,1168,4000,4000
Thrisha,Wrist up,16,0.0054237759070053905,0.2195223835150789,False,603,3321,4100
Thrisha,Wrist up,17,0.01182604051419401,0.19845377609514542,False,373,4000,4000
Thrisha,Wrist up,18,0.008299676120523503,0.2396878280310578,False,674,3999,4000
Thrisha,Wrist up,19,0.006471606221228674,0.15189655272209554,False,1680,4000,4000
Thrisha,Wrist up,20,0.006785875908972647,0.1166051786017732,False,332,4000,4000
Thrisha,Wrist up,21,0.007953498521906896,0.14334320807813505,False,616,3942,4000
Thrisha,Wrist up,22,0.04871024596676483,0.32198732348838727,False,144,3897,3900
Thrisha,Wrist up,23,0.004429082892003306,0.1622178245781154,False,706,4000,4000
Thrisha,Wrist up,24,0.007425196410503788,0.17485961273972211,False,645,4000,4000
Thrisha,Wrist up,25,0.009442454701123646,0.30567049250014405,False,663,4000,4000
Thrisha,Wrist up,26,0.005865398299516916,0.2422256415560885,False,617,4000,4000
Thrisha,Wrist up,27,0.006662876527696146,0.2861542862618416,False,993,3511,4000
Thrisha,Wrist up,28,0.011208128471996474,0.47690218486647523,False,593,3994,4000
Thrisha,Wrist up,29,0.01107925781596305,0.14993241671285015,False,427,3729,4000
Thrisha,Wrist up,30,0.009325344455630411,0.16508616041757848,False,687,4000,4000
chinmaya,Fist,1,0.011700795724425759,0.20701477257046108,False,0,1320,4100
chinmaya,Fist,2,0.010437943993862123,0.2110512572311841,False,0,875,4000
chinmaya,Fist,3,0.009270415921974369,0.09264484754075206,False,0,1454,4000
chinmaya,Fist,4,0.027301488733982256,0.3894810129796088,False,403,847,4000
chinmaya,Fist,5,0.008918418034006798,0.09843398006697202,False,0,3791,4000
chinmaya,Fist,6,0.010410372762615165,0.0985701284198833,False,0,1743,4000
chinmaya,Fist,7,0.012094215456431254,0.10708197167333491,False,0,1535,4100
chinmaya,Fist,8,0.014859104741621722,0.1633937397023434,False,0,1510,4000
chinmaya,Fist,9,0.011140108733180706,0.09916800593812342,False,0,1540,4000
chinmaya,Fist,10,0.011589511891736208,0.10160842118629158,False,0,3999,4000
chinmaya,Fist,11,0.008557943143651237,0.13985438835577133,False,0,938,4000
chinmaya,Fist,12,0.006925173360831519,0.10362351006671203,False,0,1459,4000
chinmaya,Fist,13,0.00832813928602034,0.09669435591075617,False,0,4000,4000
chinmaya,Fist,14,0.00924342092051407,0.09713422459759365,False,0,1424,4000
chinmaya,Fist,15,0.00932788363786837,0.1041850997392032,False,0,4100,4100
chinmaya,Fist,16,0.013379510685632092,0.09496877050334941,False,0,3759,4000
chinmaya,Fist,17,0.017171761296130933,0.1480402180416157,False,0,904,4000
chinmaya,Fist,18,0.009909204285569002,0.12194147892571308,False,0,1399,4000
chinmaya,Fist,19,0.006280278922479734,0.08964534032495435,False,0,3989,4000
chinmaya,Fist,20,0.00799492876378474,0.10548493596776172,False,0,3994,4000
chinmaya,Fist,21,0.009847683216725052,0.11024639480956712,False,0,4000,4000
chinmaya,Fist,22,0.011135367400328394,0.1319285133934325,False,0,1859,4000
chinmaya,Fist,23,0.01742004165795651,0.1049088600781173,False,0,2177,4000
chinmaya,Fist,24,0.007658940960518681,0.1413278587523596,False,0,3994,4000
chinmaya,Fist,25,0.006924092282908638,0.230918410124356,False,0,2089,4000
chinmaya,Fist,26,0.006555285588811588,0.1187514993000151,False,0,4000,4000
chinmaya,Fist,27,0.0074982652486678516,0.1149033254043315,False,0,4000,4000
chinmaya,Fist,28,0.008956677380195191,0.11233898282587004,False,0,4000,4000
chinmaya,Fist,29,0.01031288978019854,0.1137894718573541,False,0,4000,4000
chinmaya,Fist,30,0.009104371940494304,0.11643877465564371,False,0,4000,4000
chinmaya,Open palm,1,0.013872097944681583,0.249100051420014,False,0,3098,4000
chinmaya,Open palm,2,0.01155706909156382,0.30987384659175854,False,0,885,4000
chinmaya,Open palm,3,0.014095963880571081,0.6702734810287581,False,965,1268,4000
chinmaya,Open palm,4,0.010066545870110084,0.4777988424906044,False,373,2478,4000
chinmaya,Open palm,5,0.010618679103550561,0.6754427072501612,False,2482,2791,4000
chinmaya,Open palm,6,0.010673224600623947,0.46035483097657187,False,1209,1730,4000
chinmaya,Open palm,7,0.012016295572230056,0.3353077010925258,False,0,1250,4000
chinmaya,Open palm,8,0.010428036124217933,0.592170747666802,False,0,981,4000
chinmaya,Open palm,9,0.009569781968743078,0.32584189101489763,False,0,1162,4000
chinmaya,Open palm,10,0.009906626150363704,1.1185887410005346,False,741,1003,4000
chinmaya,Open palm,11,0.01083106516739503,0.18295111403287453,False,0,1330,4100
chinmaya,Open palm,12,0.015008609383495358,0.22762376459623102,False,0,1207,4000
chinmaya,Open palm,13,0.014047892118984034,0.5787068761877958,False,927,1284,4000
chinmaya,Open palm,14,0.009510137309899492,0.6760910840719829,False,464,776,4000
chinmaya,Open palm,15,0.011696431993482439,0.3167036580482701,False,0,2412,4000
chinmaya,Open palm,16,0.014587304009800546,0.20721524858831078,False,0,1651,4000
chinmaya,Open palm,17,0.009886784934038278,0.34077906586275214,False,0,914,4000
chinmaya,Open palm,18,0.011455585685117724,0.15568887290639277,False,0,1643,4000
chinmaya,Open palm,19,0.009741311105680916,0.33894330515922877,False,0,804,4100
chinmaya,Open palm,20,0.006761055336502801,0.35397283180793415,False,0,1703,4000
chinmaya,Open palm,21,0.011609929370967737,0.27019023595115566,False,0,970,4000
chinmaya,Open palm,22,0.008567644299111466,0.3364610176667452,False,0,1532,4000
chinmaya,Open palm,23,0.007182824596042914,0.47881003615689577,False,400,806,4000
chinmaya,Open palm,24,0.007322170914758243,0.37828189880287494,False,517,4000,4000
chinmaya,Open palm,25,0.011252474943706861,0.6574341971360204,False,689,1205,4100
chinmaya,Open palm,26,0.00897541330485291,0.13996278038830956,False,0,1106,4000
chinmaya,Open palm,27,0.009066541744468597,0.13544530709839006,False,0,4000,4000
chinmaya,Open palm,28,0.0071356814339291605,0.103084963055648,False,0,4000,4000
chinmaya,Open palm,29,0.009360229886335204,0.6347369426898024,False,293,719,4000
chinmaya,Open palm,30,0.006951793525465295,0.09923484578942379,False,0,335,4000
chinmaya,Pinch,1,0.007356318221055175,0.07308440819344739,False,0,2642,4000
chinmaya,Pinch,2,0.006562065173365772,0.07431663411345422,False,0,1140,4000
chinmaya,Pinch,3,0.006009561678530169,0.07129051645629784,False,0,4100,4100
chinmaya,Pinch,4,0.009532248718553477,0.0701971962860823,False,0,4000,4000
chinmaya,Pinch,5,0.006676074054099019,0.0722948822765868,False,0,2908,4000
chinmaya,Pinch,6,0.005072871262888923,0.07715150728505984,False,0,3908,4000
chinmaya,Pinch,7,0.018997302321387192,0.2362112733686958,False,418,3563,4000
chinmaya,Pinch,8,0.025702624838288404,0.15535103632516883,False,0,3276,4000
chinmaya,Pinch,9,0.007589661179016314,0.20404722773220915,False,0,3698,4100
chinmaya,Pinch,10,0.01776040076869942,0.14344323199484213,False,0,2678,4000
chinmaya,Pinch,11,0.00907386843276966,0.07777185047228873,False,0,2421,4000
chinmaya,Pinch,12,0.013563534536511122,0.13474552964448563,False,0,1833,4000
chinmaya,Pinch,13,0.013663069876776315,0.11029487383568717,False,0,3885,4000
chinmaya,Pinch,14,0.00786943864878497,0.07868562644441077,False,0,2445,4000
chinmaya,Pinch,15,0.005574743889281582,0.06975910453584495,False,0,1365,4000
chinmaya,Pinch,16,0.008631015660111336,0.0761965304330548,False,0,1556,4000
chinmaya,Pinch,17,0.005200000112965105,0.07469051345463643,False,0,3749,4000
chinmaya,Pinch,18,0.007672377677674428,0.06528307510647678,False,0,4000,4000
chinmaya,Pinch,19,0.012198217728064198,0.07558135807487247,False,0,3205,4000
chinmaya,Pinch,20,0.007059789408653285,0.07303479059892849,False,0,738,4000
chinmaya,Pinch,21,0.006938438418372629,0.0696212941106685,False,0,3819,4000
chinmaya,Pinch,22,0.004775195508222005,0.06523287663122045,False,0,419,4100
chinmaya,Pinch,23,0.007875857147942448,0.06360822128376674,False,0,3959,4000
chinmaya,Pinch,24,0.008086127741769767,0.0743864642366991,False,0,1074,4000
chinmaya,Pinch,25,0.009875185388242272,0.061573469522188826,False,0,3780,4000
chinmaya,Pinch,26,0.0063544187356740335,0.07285919985428041,False,0,340,4000
chinmaya,Pinch,27,0.005529143282914978,0.0690773510962088,False,0,323,4000
chinmaya,Pinch,28,0.00579746886321342,0.07026854343620915,False,0,1122,4100
chinmaya,Pinch,29,0.005844804060500619,0.06448065157557775,False,0,4000,4000
chinmaya,Pinch,30,0.010292088885275632,0.06841120516953139,False,0,1238,4000
chinmaya,Wrist down,1,0.005680153360635323,0.21746811673930774,False,0,2432,4000
chinmaya,Wrist down,2,0.007221740487341581,0.16991096471579278,False,0,820,4000
chinmaya,Wrist down,3,0.008835071347787287,0.14224968594269083,False,0,758,4000
chinmaya,Wrist down,4,0.0078015789303143976,0.12826656187932037,False,0,1892,3900
chinmaya,Wrist down,5,0.008220564675237053,0.2711477479992809,False,5,4100,4100
chinmaya,Wrist down,6,0.0071434293592958584,0.2248859106283339,False,0,4000,4000
chinmaya,Wrist down,7,0.00922857033077086,0.16513014740424456,False,0,783,4000
chinmaya,Wrist down,8,0.006148948500462479,0.08450925949365323,False,0,1766,4000
chinmaya,Wrist down,9,0.008289656014181296,0.07684278888283487,False,0,1741,4000
chinmaya,Wrist down,10,0.007487739888885031,0.18020321566277173,False,0,1862,4000
chinmaya,Wrist down,11,0.0066427409644981205,0.06793400583272155,False,0,2372,4000
chinmaya,Wrist down,12,0.007532792906953752,0.1729763448365499,False,0,2313,4000
chinmaya,Wrist down,13,0.005959402114611333,0.13655806803890652,False,0,2332,4000
chinmaya,Wrist down,14,0.0070927079059396395,0.14914393244725188,False,0,1862,4000
chinmaya,Wrist down,15,0.009517629833153412,0.1720818462001542,False,0,2058,4000
chinmaya,Wrist down,16,0.007174900130020622,0.0709876774321391,False,0,1381,4000
chinmaya,Wrist down,17,0.007340115780782075,0.09187736121733348,False,0,1563,4000
chinmaya,Wrist down,18,0.008299221629409407,0.14974905571058572,False,0,1558,4100
chinmaya,Wrist down,19,0.0066833076644459265,0.18077172147491935,False,0,854,4000
chinmaya,Wrist down,20,0.006411799294672073,0.06713494420774635,False,0,1002,4000
chinmaya,Wrist down,21,0.004608628151868767,0.08174619608735861,False,0,3415,4000
chinmaya,Wrist down,22,0.005599524652900002,0.08662395167670056,False,0,945,4000
chinmaya,Wrist down,23,0.007051462287436987,0.07450638907182489,False,0,2070,4000
chinmaya,Wrist down,24,0.006036925035769155,0.1880302523471111,False,0,1389,4000
chinmaya,Wrist down,25,0.006491162457630785,0.07099232811017514,False,0,1179,4000
chinmaya,Wrist down,26,0.00663184475357294,0.07810470292972324,False,0,999,4000
chinmaya,Wrist down,27,0.007219666135390251,0.10071395407831853,False,0,2620,4000
chinmaya,Wrist down,28,0.006749097766033784,0.17267717101027866,False,0,1053,4000
chinmaya,Wrist down,29,0.007077602587264305,0.0856120982452679,False,0,2935,4000
chinmaya,Wrist down,30,0.007539839462058806,0.12385392621643565,False,0,1397,4000
chinmaya,Wrist up,1,0.01094841259530337,0.19645690687194806,False,0,1898,4000
chinmaya,Wrist up,2,0.012082424449955326,0.3065166477407562,False,0,1844,4000
chinmaya,Wrist up,3,0.011378670774986919,0.10070487936200635,False,0,2741,4000
chinmaya,Wrist up,4,0.010086549072936048,0.11016798235038655,False,0,4000,4000
chinmaya,Wrist up,5,0.00998900541786955,0.09992657987175363,False,0,1792,4000
chinmaya,Wrist up,6,0.009898819419670708,0.11161559069478637,False,0,2673,4000
chinmaya,Wrist up,7,0.013413181432164105,0.09260923684016799,False,0,4000,4000
chinmaya,Wrist up,8,0.015574901597206047,0.09118472275077537,False,0,3900,3900
chinmaya,Wrist up,9,0.01001752962874359,0.21816013532379486,False,0,995,4100
chinmaya,Wrist up,10,0.010296473135092774,0.08488817987460172,False,0,4000,4000
chinmaya,Wrist up,11,0.01244963294711594,0.10961407943448927,False,0,1176,4000
chinmaya,Wrist up,12,0.009453802604702723,0.09310990623710845,False,0,4000,4000
chinmaya,Wrist up,13,0.009041007312923725,0.08201524201613632,False,0,3860,4000
chinmaya,Wrist up,14,0.010078999202549146,0.15458615681483867,False,0,1333,4000
chinmaya,Wrist up,15,0.014562323392209722,0.15607311158298265,False,0,1717,4000
chinmaya,Wrist up,16,0.01090225110017164,0.1612587593898672,False,0,844,4000
chinmaya,Wrist up,17,0.014313056880670607,0.13593617127421903,False,0,3846,4000
chinmaya,Wrist up,18,0.007119163694905847,0.23193771039864955,False,0,2812,4000
chinmaya,Wrist up,19,0.011147417394121456,0.07727892274179016,False,0,4000,4000
chinmaya,Wrist up,20,0.014675433133005716,0.09993180088983382,False,0,2968,4000
chinmaya,Wrist up,21,0.010475951660453835,0.11285744545736544,False,0,1676,4000
chinmaya,Wrist up,22,0.014045480887524784,0.2500474105780199,False,4,813,4100
chinmaya,Wrist up,23,0.009954241905556289,0.25716063028128633,False,0,944,4000
chinmaya,Wrist up,24,0.011712246506853643,0.07350446317255786,False,0,4000,4000
chinmaya,Wrist up,25,0.012291574777551042,0.08172980285603254,False,0,2630,4000
chinmaya,Wrist up,26,0.010280995630466068,0.16040188348470377,False,0,3952,4000
chinmaya,Wrist up,27,0.010775986908907487,0.07911849684157382,False,0,1812,4000
chinmaya,Wrist up,28,0.013885378440918332,0.10167545551237249,False,0,3397,4000
chinmaya,Wrist up,29,0.011852063343260215,0.15497397045858302,False,0,1284,3900
chinmaya,Wrist up,30,0.006221482582743202,0.17860734626142222,False,0,1633,4000
guru_raj,Fist,1,0.005540635097263331,0.14880437022009027,False,0,1407,4000
guru_raj,Fist,2,0.005513831654276484,0.1673860408356495,False,0,365,4000
guru_raj,Fist,3,0.005302729891707443,0.17105961994137078,False,0,901,4000
guru_raj,Fist,4,0.00547199294580762,0.1710297568231747,False,0,351,4000
guru_raj,Fist,5,0.005421542345123558,0.17565124007150107,False,0,339,4000
guru_raj,Fist,6,0.005471164672831401,0.17398757370644166,False,0,347,4100
guru_raj,Fist,7,0.005637432596869027,0.17319112629923825,False,0,341,4000
guru_raj,Fist,8,0.005495668636741089,0.18079645856414184,False,0,348,4000
guru_raj,Fist,9,0.005502010981981853,0.17291870224699735,False,0,349,4000
guru_raj,Fist,10,0.005335273166920649,0.1582463838554301,False,0,347,4000
guru_raj,Fist,11,0.005388615762814602,0.1749318608056718,False,0,338,4000
guru_raj,Fist,12,0.005286474027673987,0.17788625771464045,False,0,342,4000
guru_raj,Fist,13,0.0053696380467101535,0.15865553636258029,False,0,351,4000
guru_raj,Fist,14,0.005086347583651013,0.15550482045808653,False,0,346,4000
guru_raj,Fist,15,0.005639206382083338,0.16986236252355774,False,0,344,4000
guru_raj,Fist,16,0.005462974121640674,0.17057717449829934,False,0,340,4000
guru_raj,Fist,17,0.005392441129361947,0.17911266038250445,False,0,340,4000
guru_raj,Fist,18,0.005289763163384524,0.16886117294615333,False,0,344,4000
guru_raj,Fist,19,0.005301908997467622,0.16958594785256825,False,0,339,4000
guru_raj,Fist,20,0.005335357080816414,0.17478267023191807,False,0,348,4000
guru_raj,Fist,21,0.0052148194309101946,0.15345330620276018,False,0,4100,4100
guru_raj,Fist,22,0.005441533220983334,0.17926143993196383,False,0,348,4000
guru_raj,Fist,23,0.005585091267503546,0.15576812927608688,False,0,356,4000
guru_raj,Fist,24,0.005363681226756425,0.1737801572780459,False,0,346,4000
guru_raj,Fist,25,0.005595077372024106,0.15842909325883997,False,0,351,4000
guru_raj,Fist,26,0.005264245791921615,0.17457210837828938,False,0,345,4000
guru_raj,Fist,27,0.00520950232928064,0.17485460607980702,False,0,351,4000
guru_raj,Fist,28,0.005350882618994576,0.15883359440167907,False,0,344,4000
guru_raj,Fist,29,0.005700579150328316,0.17837584878105436,False,0,342,4000
guru_raj,Fist,30,0.005250613407869867,0.16743075658678044,False,0,359,4000
guru_raj,Open palm,1,0.005333192967838613,0.15814741224273499,False,0,1756,4000
guru_raj,Open palm,2,0.005280188122360636,0.16006184518476183,False,0,314,4000
guru_raj,Open palm,3,0.005358944230546456,0.1633432149212869,False,0,385,3900
guru_raj,Open palm,4,0.005099087419511134,0.1700671525313348,False,0,342,4000
guru_raj,Open palm,5,0.005261296752618638,0.18064332899897292,False,0,352,4000
guru_raj,Open palm,6,0.005239240591485126,0.17665590966124145,False,0,368,4000
guru_raj,Open palm,7,0.0051903851130448,0.16459747254286267,False,0,364,4000
guru_raj,Open palm,8,0.005178777748649649,0.17771611840618792,False,0,342,4000
guru_raj,Open palm,9,0.005125552862335061,0.1666515629248568,False,0,506,4000
guru_raj,Open palm,10,0.004995933156147607,0.1817212684960332,False,0,381,4000
guru_raj,Open palm,11,0.005075671578568506,0.17113902477984547,False,0,354,4000
guru_raj,Open palm,12,0.005369918390140715,0.17293210500751288,False,0,365,4000
guru_raj,Open palm,13,0.005260056840517339,0.17118785436289502,False,0,358,4000
guru_raj,Open palm,14,0.005453410780049699,0.1768478521657841,False,0,350,4100
guru_raj,Open palm,15,0.005392030786263967,0.15511560299374452,False,0,755,4000
guru_raj,Open palm,16,0.005292043330743172,0.18097135410801637,False,0,348,4000
guru_raj,Open palm,17,0.005202238470850617,0.16165930824526595,False,0,350,4000
guru_raj,Open palm,18,0.005372160615798971,0.1826046191987458,False,0,349,4000
guru_raj,Open palm,19,0.005418334298778899,0.15947942696176887,False,0,353,4000
guru_raj,Open palm,20,0.005331354218901906,0.1871480421820298,False,0,399,4000
guru_raj,Open palm,21,0.005193442861359425,0.16622263780189658,False,0,375,4000
guru_raj,Open palm,22,0.00549615337879107,0.16575819737442468,False,0,687,4000
guru_raj,Open palm,23,0.005381689492051018,0.1835642814964337,False,0,380,4000
guru_raj,Open palm,24,0.005864039138132066,0.16534035556791682,False,0,1047,4000
guru_raj,Open palm,25,0.00537492599279119,0.18593596586783093,False,0,661,4000
guru_raj,Open palm,26,0.005343749398294001,0.1698494675936083,False,0,341,4100
guru_raj,Open palm,27,0.005269840012779853,0.17530727998759907,False,0,354,4000
guru_raj,Open palm,28,0.005396406184081405,0.1946090934148424,False,0,603,4000
guru_raj,Open palm,29,0.0052970811014243935,0.17852294359426565,False,0,629,4000
guru_raj,Open palm,30,0.005372391679901536,0.15961666378530917,False,0,364,4000
guru_raj,Pinch,1,0.005328028203195809,0.16345215489625026,False,0,353,4000
guru_raj,Pinch,2,0.005461764595389337,0.18400881829285776,False,0,342,4000
guru_raj,Pinch,3,0.005520904809200704,0.16610089580857348,False,0,346,4000
guru_raj,Pinch,4,0.005685267234922342,0.18099878061580035,False,0,339,4000
guru_raj,Pinch,5,0.005947657943767131,0.14950105307467512,False,0,879,4000
guru_raj,Pinch,6,0.0061409970384564425,0.14978153290885207,False,0,335,4000
guru_raj,Pinch,7,0.005822120026797741,0.16229443135151594,False,0,333,4000
guru_raj,Pinch,8,0.005768549711806386,0.14421305727669229,False,0,3501,4000
guru_raj,Pinch,9,0.0059085319389645,0.16440025495343863,False,0,339,4000
guru_raj,Pinch,10,0.00549066030798387,0.16656292653675467,False,0,422,4000
guru_raj,Pinch,11,0.005666202223368794,0.19056778754985415,False,0,326,4000
guru_raj,Pinch,12,0.005296961296104947,0.16844144850727016,False,0,344,4000
guru_raj,Pinch,13,0.005457273856977487,0.15830663761372038,False,0,299,3900
guru_raj,Pinch,14,0.006417766586172871,0.1745016714302039,False,0,327,4100
guru_raj,Pinch,15,0.005641437521280708,0.17692397783750904,False,0,323,4000
guru_raj,Pinch,16,0.007203532752029292,0.1772716930743732,False,0,327,4000
guru_raj,Pinch,17,0.005743216809551015,0.16600595770516496,False,0,339,4000
guru_raj,Pinch,18,0.006656612034833336,0.1536621056080307,False,0,336,4000
guru_raj,Pinch,19,0.006429812383464252,0.16126203848064413,False,0,308,4100
guru_raj,Pinch,20,0.007699327255487522,0.16395247199646742,False,0,368,4100
guru_raj,Pinch,21,0.007223214643344541,0.19232116498455087,False,0,350,4000
guru_raj,Pinch,22,0.006525613708025076,0.17534995612680737,False,0,304,4000
guru_raj,Pinch,23,0.008764104357555645,0.17036980669775342,False,0,407,4000
guru_raj,Pinch,24,0.006671836330465636,0.16536676387987423,False,0,991,4000
guru_raj,Pinch,25,0.005255874345474718,0.17656779447270915,False,0,345,4000
guru_raj,Pinch,26,0.0054990860626498795,0.1583193254528514,False,0,352,4000
guru_raj,Pinch,27,0.005637213869156091,0.17522963453504936,False,0,351,4000
guru_raj,Pinch,28,0.008457755604124085,0.16060700342160625,False,0,333,4000
guru_raj,Pinch,29,0.005684817429727026,0.18208571218189995,False,0,339,4000
guru_raj,Pinch,30,0.006068338869083502,0.18010767290093163,False,0,431,4000
guru_raj,Wrist down,1,0.0061214674065442455,0.1955958872585102,False,0,1942,4000
guru_raj,Wrist down,2,0.005615113097133394,0.19518907334084934,False,0,336,4000
guru_raj,Wrist down,3,0.005643561781996697,0.18674642509836745,False,0,352,4000
guru_raj,Wrist down,4,0.007051490318330562,0.17315908248272652,False,0,864,4000
guru_raj,Wrist down,5,0.005870667205559719,0.19629763625226265,False,0,3875,4000
guru_raj,Wrist down,6,0.005665939247430279,0.1826589311668688,False,0,353,4000
guru_raj,Wrist down,7,0.006161293587878009,0.16975295840685725,False,0,1384,4000
guru_raj,Wrist down,8,0.0055014568392291715,0.17324225569221685,False,0,3753,4100
guru_raj,Wrist down,9,0.0066743991680003716,0.16900864602630505,False,0,770,4000
guru_raj,Wrist down,10,0.005600749273015435,0.173313512302855,False,0,669,4000
guru_raj,Wrist down,11,0.005574167505615025,0.181858833315064,False,0,345,4000
guru_raj,Wrist down,12,0.005639628805382733,0.17968011059147743,False,0,347,4000
guru_raj,Wrist down,13,0.005375254719901572,0.1881159027804661,False,0,339,4000
guru_raj,Wrist down,14,0.005748650831979919,0.1930235039803678,False,0,336,4000
guru_raj,Wrist down,15,0.005664623482100738,0.19153686246735332,False,0,338,3900
guru_raj,Wrist down,16,0.0054055470986119104,0.17583408121222732,False,0,344,4000
guru_raj,Wrist down,17,0.005671329633493856,0.16700291950371354,False,0,348,4000
guru_raj,Wrist down,18,0.00536380346843171,0.16881680855609524,False,0,361,4000
guru_raj,Wrist down,19,0.005698838073477556,0.17116337052040634,False,0,352,4100
guru_raj,Wrist down,20,0.0053605570331213825,0.1705124195037174,False,0,352,4000
guru_raj,Wrist down,21,0.005427555662390769,0.16930207710304793,False,0,346,4000
guru_raj,Wrist down,22,0.005260135511822723,0.18601387708863126,False,0,346,4000
guru_raj,Wrist down,23,0.005288162549174761,0.1685365417329269,False,0,360,4000
guru_raj,Wrist down,24,0.005670237564671567,0.18525005826785626,False,0,340,4000
guru_raj,Wrist down,25,0.005255993762783164,0.17624796647405788,False,0,352,4000
guru_raj,Wrist down,26,0.005210686896465704,0.17149033839619715,False,0,344,4000
guru_raj,Wrist down,27,0.005366063091040052,0.18051222556368804,False,0,342,4100
guru_raj,Wrist down,28,0.005289522848124146,0.17144221043343916,False,0,348,4000
guru_raj,Wrist down,29,0.0054405784806551005,0.16932331222334046,False,0,352,4000
guru_raj,Wrist down,30,0.005249448134234419,0.18120855546196282,False,0,332,4000
guru_raj,Wrist up,1,0.005548181707203333,0.17775572910679116,False,0,1084,4000
guru_raj,Wrist up,2,0.005598759603820994,0.171765007125774,False,0,372,4000
guru_raj,Wrist up,3,0.005498592912065099,0.1981333284903376,False,0,2612,4000
guru_raj,Wrist up,4,0.005646079492313844,0.18699184612982186,False,0,773,4000
guru_raj,Wrist up,5,0.00549347866371661,0.16762081615547572,False,0,356,4000
guru_raj,Wrist up,6,0.0055733270813371405,0.1725792103890212,False,0,1233,4000
guru_raj,Wrist up,7,0.005453785417749177,0.18116832575966627,False,0,698,4100
guru_raj,Wrist up,8,0.005513790586264575,0.19331579056371376,False,0,602,4000
guru_raj,Wrist up,9,0.005578379475050019,0.18488749869127433,False,0,928,4000
guru_raj,Wrist up,10,0.005555449001387423,0.16914345925038468,False,0,1024,4000
guru_raj,Wrist up,11,0.005439654193786288,0.18744566044031089,False,0,345,4000
guru_raj,Wrist up,12,0.00578922164911204,0.18273132032737827,False,0,1118,4000
guru_raj,Wrist up,13,0.005375245935861854,0.1871837323456938,False,0,705,4000
guru_raj,Wrist up,14,0.005413068791599639,0.16905386266916145,False,0,412,4000
guru_raj,Wrist up,15,0.0056577995894617605,0.1911471211443812,False,0,1045,4000
guru_raj,Wrist up,16,0.005611563082832413,0.17001561226317777,False,0,927,4000
guru_raj,Wrist up,17,0.0057517109631905925,0.1956825948005353,False,0,737,4000
guru_raj,Wrist up,18,0.005474371487564563,0.16826873172984372,False,0,1948,4000
guru_raj,Wrist up,19,0.0063894097777855,0.26020844153249795,False,0,989,4000
guru_raj,Wrist up,20,0.0058124066642433105,0.17177133238817732,False,0,806,4000
guru_raj,Wrist up,21,0.005547881684623683,0.1974495623426424,False,0,1590,4000
guru_raj,Wrist up,22,0.0054350525699306184,0.17343300459009506,False,0,742,4000
guru_raj,Wrist up,23,0.005734352126800823,0.1927138779467474,False,0,2102,4000
guru_raj,Wrist up,24,0.00536774979138945,0.17282350748009606,False,0,347,4000
guru_raj,Wrist up,25,0.005673168871752401,0.18588820175312423,False,0,3687,4100
guru_raj,Wrist up,26,0.005752320056013429,0.19892769870641835,False,0,342,4000
guru_raj,Wrist up,27,0.005755864884899891,0.18519077077364365,False,0,1433,4000
guru_raj,Wrist up,28,0.005375612743744137,0.1729708819906439,False,0,355,4000
guru_raj,Wrist up,29,0.005734298965980128,0.173680649359301,False,0,881,4000
guru_raj,Wrist up,30,0.005727744853974459,0.17916143976013793,False,0,900,4000
halu,Fist,1,0.01978838197112518,0.21153800824981184,False,0,4000,4000
halu,Fist,2,0.023227577779179408,0.19426347468548413,False,0,4100,4100
halu,Fist,3,0.0245318536082384,0.19900836580927717,False,0,4000,4000
halu,Fist,4,0.02731033144526447,0.21733816145123425,False,0,4000,4000
halu,Fist,5,0.03174283419223279,0.21657913332997897,False,0,4000,4000
halu,Fist,6,0.0323662271969665,0.21920082965042834,False,0,4000,4000
halu,Fist,7,0.03480015254415505,0.22209684066729887,False,0,4000,4000
halu,Fist,8,0.03697082000849136,0.22397740320495768,False,0,4100,4100
halu,Fist,9,0.034520171850373066,0.21162350100018787,False,0,4000,4000
halu,Fist,10,0.034979089984572415,0.21157754627833658,False,0,4000,4000
halu,Fist,11,0.033742810906501795,0.20919136954154424,False,0,4000,4000
halu,Fist,12,0.031724374681591234,0.20108009736744786,False,0,4000,4000
halu,Fist,13,0.03286245153802198,0.2023048666825778,False,0,4000,4000
halu,Fist,14,0.03373951532008719,0.20239932168943567,False,0,4100,4100
halu,Fist,15,0.03534254512133713,0.21661094425779695,False,0,4000,4000
halu,Fist,16,0.038785274975153564,0.22976081881669785,False,0,4000,4000
halu,Fist,17,0.03760595202806374,0.2231584513444192,False,0,4000,4000
halu,Fist,18,0.035425081925152854,0.20786450169505716,False,0,4000,4000
halu,Fist,19,0.03530563478548014,0.2125835510904244,False,0,4000,4000
halu,Fist,20,0.0348867639326441,0.2282106811529212,False,0,4000,4000
halu,Fist,21,0.03377756295125969,0.22934075576930002,False,0,4000,4000
halu,Fist,22,0.03477885694502739,0.22754818137289856,False,0,4000,4000
halu,Fist,23,0.03566663296291834,0.23059603044871804,False,0,4000,4000
halu,Fist,24,0.034568319271080616,0.22656866528121258,False,0,4000,4000
halu,Fist,25,0.035143721343343565,0.22799033184588818,False,0,4000,4000
halu,Fist,26,0.037070410485638465,0.2323684744307664,False,0,4000,4000
halu,Fist,27,0.03772209042705742,0.22968043840793975,False,0,4000,4000
halu,Fist,28,0.037008176650491234,0.22542274387023262,False,0,4000,4000
halu,Fist,29,0.03308106563803739,0.21034367247755623,False,0,4000,4000
halu,Fist,30,0.03203395010702474,0.2082401057624909,False,0,4000,4000
halu,Open palm,1,0.03368330999006346,0.24572072491764427,False,0,4000,4000
halu,Open palm,2,0.03521334563229157,0.22852568856221814,False,0,4100,4100
halu,Open palm,3,0.03378784815510012,0.22888264179157997,False,0,4000,4000
halu,Open palm,4,0.03325170126995428,0.23003763658152457,False,0,4000,4000
halu,Open palm,5,0.030383941846964756,0.22782881522956866,False,0,4000,4000
halu,Open palm,6,0.027291942269522897,0.21303200473826908,False,0,4000,4000
halu,Open palm,7,0.029068356748101553,0.20309135323621327,False,0,4000,4000
halu,Open palm,8,0.026099135267797294,0.22283325273242888,False,0,4000,4000
halu,Open palm,9,0.02221076531107503,0.1988733958450743,False,0,4000,4000
halu,Open palm,10,0.021385946731166984,0.1942329655490865,False,0,4000,4000
halu,Open palm,11,0.01966044776939251,0.19649845570349755,False,0,4000,4000
halu,Open palm,12,0.014878404169861742,0.19035978346757101,False,0,4000,4000
halu,Open palm,13,0.015171942934472975,0.20936120349633217,False,0,353,4000
halu,Open palm,14,0.016026691568661242,0.18893934536539647,False,0,4000,4000
halu,Open palm,15,0.016053772483338467,0.19842704780150391,False,0,4000,4000
halu,Open palm,16,0.016874143923424276,0.2201024667172087,False,0,362,4000
halu,Open palm,17,0.017491731431310494,0.2029114372230285,False,0,4000,4000
halu,Open palm,18,0.017944898272241237,0.19322028548783451,False,0,4000,4000
halu,Open palm,19,0.016280626202362095,0.19857101246027256,False,0,4000,4000
halu,Open palm,20,0.013980643622353035,0.21613795682799275,False,0,4000,4000
halu,Open palm,21,0.014061176016960086,0.2034660596363128,False,0,4000,4000
halu,Open palm,22,0.014465034955770298,0.1992649583495976,False,0,4000,4000
halu,Open palm,23,0.012639523869992973,0.2083615194483799,False,0,362,4100
halu,Open palm,24,0.01258261068861327,0.18698846324864904,False,0,4000,4000
halu,Open palm,25,0.012028604554065556,0.2103904003506007,False,0,4000,4000
halu,Open palm,26,0.011428561205072532,0.19243602970673312,False,0,3998,4000
halu,Open palm,27,0.011630953744126695,0.18323145191138118,False,0,4000,4000
halu,Open palm,28,0.010227896358550918,0.199764391395424,False,0,4100,4100
halu,Open palm,29,0.010011164309060816,0.20252726994976378,False,0,4000,4000
halu,Open palm,30,0.009460578193187378,0.20315782362445112,False,0,4000,4000
halu,Pinch,1,0.034962661459117035,0.2526604748244653,False,0,4000,4000
halu,Pinch,2,0.030118526508610338,0.2519543991646266,False,0,4000,4000
halu,Pinch,3,0.0337525284670636,0.23508104002641933,False,0,4100,4100
halu,Pinch,4,0.032809496296157495,0.2578189589386971,False,0,4100,4100
halu,Pinch,5,0.0314601500828695,0.23103302396750883,False,0,4000,4000
halu,Pinch,6,0.03509748532227607,0.2491137357138626,False,0,4000,4000
halu,Pinch,7,0.03203170500289784,0.25524433088246,False,0,4000,4000
halu,Pinch,8,0.03593596079674435,0.23663954329930592,False,0,4100,4100
halu,Pinch,9,0.032836458213033194,0.23278584361212282,False,0,4000,4000
halu,Pinch,10,0.033697380936656376,0.23629996124712957,False,0,4000,4000
halu,Pinch,11,0.04003570679297137,0.2584807715390303,False,0,4000,4000
halu,Pinch,12,0.04201107764821492,0.26061050185214907,False,0,4000,4000
halu,Pinch,13,0.0380514782332989,0.2559059018350289,False,0,4000,4000
halu,Pinch,14,0.0330886038995903,0.25756559453178035,False,0,4000,4000
halu,Pinch,15,0.031196442377896125,0.22769069844818352,False,0,4000,4000
halu,Pinch,16,0.029322612455824078,0.2452695196678375,False,0,4000,4000
halu,Pinch,17,0.0264491252937826,0.22093317075615385,False,0,4000,4000
halu,Pinch,18,0.024061140106681467,0.23734126423551083,False,0,4000,4000
halu,Pinch,19,0.023937375186058887,0.22171998979644564,False,0,4000,4000
halu,Pinch,20,0.02302246268778439,0.2102464433827781,False,0,4000,4000
halu,Pinch,21,0.022353875805564645,0.20380647898426654,False,0,4000,4000
halu,Pinch,22,0.02136399643891217,0.20472899998856206,False,0,4000,4000
halu,Pinch,23,0.02031816631887464,0.205588295553033,False,0,4100,4100
halu,Pinch,24,0.01754435370380593,0.2120401624253971,False,0,4100,4100
halu,Pinch,25,0.015029890095116119,0.22530607889541973,False,0,350,4000
halu,Pinch,26,0.010896667825511307,0.19782413787912823,False,0,4000,4000
halu,Pinch,27,0.008770650501639391,0.1913349007555575,False,0,363,4000
halu,Pinch,28,0.007898249616712585,0.21223988131364957,False,0,4000,4000
halu,Pinch,29,0.0067034505062996885,0.19332740336545257,False,0,357,4000
halu,Pinch,30,0.006146693327452348,0.20401747302467407,False,0,352,3900
halu,Wrist down,1,0.030718601644620397,0.23924076550328854,False,0,4000,4000
halu,Wrist down,2,0.030281322186273395,0.2653078359000999,False,0,4000,4000
halu,Wrist down,3,0.028945572521925887,0.22618998654080763,False,0,4000,4000
halu,Wrist down,4,0.026050767249903163,0.24325757084581798,False,0,4000,4000
halu,Wrist down,5,0.022547548755512778,0.24663249393176326,False,0,4000,4000
halu,Wrist down,6,0.023012473971695823,0.23525771736180473,False,0,4000,4000
halu,Wrist down,7,0.02244580606073644,0.22287927276738134,False,0,4000,4000
halu,Wrist down,8,0.018881141242636127,0.22480949270956632,False,0,4000,4000
halu,Wrist down,9,0.021696367666412343,0.23988019987134074,False,0,4000,4000
halu,Wrist down,10,0.02128389959384368,0.24587268647933816,False,0,4000,4000
halu,Wrist down,11,0.020819276850700986,0.24216355322391553,False,0,4000,4000
halu,Wrist down,12,0.023765009166113973,0.2360428611721352,False,0,4000,4000
halu,Wrist down,13,0.02815007084281129,0.23032657597105677,False,0,4000,4000
halu,Wrist down,14,0.027660070208929223,0.25141630884538513,False,0,4000,4000
halu,Wrist down,15,0.027861764786095988,0.25564747534321397,False,0,4000,4000
halu,Wrist down,16,0.027323295910831193,0.22999390402824338,False,0,4000,4000
halu,Wrist down,17,0.027459112185877307,0.23049256790994396,False,0,4000,4000
halu,Wrist down,18,0.0271751855409241,0.2517954517500052,False,0,4000,4000
halu,Wrist down,19,0.028840187777512273,0.2431220027439734,False,0,4000,4000
halu,Wrist down,20,0.028255975901082676,0.23173030364495525,False,0,4000,4000
halu,Wrist down,21,0.02930656777471228,0.2581439922163237,False,0,4000,4000
halu,Wrist down,22,0.033143098864053006,0.22955058603470768,False,0,4000,4000
halu,Wrist down,23,0.03415606059017584,0.25888810095315495,False,0,4100,4100
halu,Wrist down,24,0.03428914795983176,0.25467374130025244,False,0,4000,4000
halu,Wrist down,25,0.03236069149634757,0.22974757712011853,False,0,4000,4000
halu,Wrist down,26,0.03427189958373514,0.24101370161671715,False,0,4000,4000
halu,Wrist down,27,0.034008359273180425,0.26113995174492977,False,0,4000,4000
halu,Wrist down,28,0.03097888992734303,0.23412653577333953,False,0,4000,4000
halu,Wrist down,29,0.03472077243456598,0.23396041799164352,False,0,4000,4000
halu,Wrist down,30,0.03479041374982167,0.2565627828996573,False,0,4000,4000
halu,Wrist up,1,0.011735139813724675,0.2055705576462473,False,0,4000,4000
halu,Wrist up,2,0.012012178209716113,0.21992192174449346,False,0,350,4000
halu,Wrist up,3,0.008229821802533671,0.21088840757148572,False,0,358,4000
halu,Wrist up,4,0.009257690280471017,0.20592340268850282,False,0,357,4000
halu,Wrist up,5,0.011714653924953893,0.2071976690736894,False,0,351,4100
halu,Wrist up,6,0.011797472272952587,0.20005418486420706,False,0,4000,4000
halu,Wrist up,7,0.011245748496728221,0.19174672003122983,False,0,4000,4000
halu,Wrist up,8,0.009854629163346746,0.19775835696363944,False,0,4000,4000
halu,Wrist up,9,0.007149210491296569,0.19607836194850894,False,0,4000,4000
halu,Wrist up,10,0.009145758341392408,0.1933424493281782,False,0,365,4000
halu,Wrist up,11,0.00906466707491825,0.20004698858171416,False,0,362,4000
halu,Wrist up,12,0.0114618170626049,0.19794378679235972,False,0,4000,4000
halu,Wrist up,13,0.012073103806989225,0.20615478806916346,False,0,4000,4000
halu,Wrist up,14,0.013570152143300358,0.22212794668423755,False,0,4000,4000
halu,Wrist up,15,0.015785698339878765,0.2488813819066758,False,0,355,4000
halu,Wrist up,16,0.014658943933183509,0.21644813886428618,False,0,4000,4000
halu,Wrist up,17,0.016661282770361174,0.24275573965744904,False,0,4000,4000
halu,Wrist up,18,0.016534534931338354,0.2319573813016529,False,0,4000,4000
halu,Wrist up,19,0.017807238075011885,0.24271377068448846,False,0,4000,4000
halu,Wrist up,20,0.01934562550720379,0.22710249784812558,False,0,4000,4000
halu,Wrist up,21,0.01948161220963905,0.24982314459444896,False,0,4000,4000
halu,Wrist up,22,0.020417649730757235,0.2440244822333077,False,0,4000,4000
halu,Wrist up,23,0.022338577395356368,0.22446942489196037,False,0,4000,4000
halu,Wrist up,24,0.023167800630504783,0.22957236204335174,False,0,4000,4000
halu,Wrist up,25,0.025467563463464998,0.23179080513107375,False,0,4000,4000
halu,Wrist up,26,0.028953044765632274,0.23105575572027,False,0,4000,4000
halu,Wrist up,27,0.029728161762073796,0.24388114832957755,False,0,4000,4000
halu,Wrist up,28,0.03012417438311079,0.2596027280672909,False,0,4000,4000
halu,Wrist up,29,0.03272091933491091,0.23399769100824636,False,0,4000,4000
halu,Wrist up,30,0.02888247178172227,0.26249239190501744,False,0,4000,4000
harsha,Fist,1,0.0032647432586333635,0.09286866022916282,False,0,333,4000
harsha,Fist,2,0.0032618455877648426,0.08863829110014666,False,0,327,4000
harsha,Fist,3,0.0032918594063763985,0.09079085123102962,False,0,321,4000
harsha,Fist,4,0.0032826910188327512,0.08326759716883819,False,0,352,4000
harsha,Fist,5,0.0031908661915518092,0.08918162319729005,False,0,350,4000
harsha,Fist,6,0.0032479104357032063,0.09222378975164347,False,0,673,4000
harsha,Fist,7,0.0032734838801343276,0.09542452398099707,False,0,340,4000
harsha,Fist,8,0.003191532208120433,0.09765306288390029,False,0,338,4000
harsha,Fist,9,0.003365191812205951,0.09771515166700245,False,0,336,4000
harsha,Fist,10,0.0033726561182962547,0.0984132171945876,False,0,987,4000
harsha,Fist,11,0.003311593067073345,0.09802941066849356,False,0,332,4100
harsha,Fist,12,0.003396331424690547,0.09895281604241093,False,0,338,4000
harsha,Fist,13,0.0033469995974503065,0.09197015706780587,False,0,345,4000
harsha,Fist,14,0.0033368779915188395,0.09180264113661106,False,0,338,4000
harsha,Fist,15,0.003420331480677544,0.09657255399533594,False,0,741,4000
harsha,Fist,16,0.0034287216285317995,0.08912234161062577,False,0,346,4000
harsha,Fist,17,0.003471125100742794,0.09700225115217385,False,0,790,4000
harsha,Fist,18,0.0033592841741338164,0.09271328527821229,False,0,337,4000
harsha,Fist,19,0.0033951493325023235,0.08607705658478797,False,0,4000,4000
harsha,Fist,20,0.0033560476615883293,0.09685987241448757,False,0,653,4000
harsha,Fist,21,0.0036120495732464763,0.09970023618733771,False,0,339,4000
harsha,Fist,22,0.003435290516977165,0.1039848150355536,False,0,599,4000
harsha,Fist,23,0.003534376697308742,0.09937494318585977,False,0,601,4000
harsha,Fist,24,0.003563010107199411,0.09146231818552274,False,0,346,4000
harsha,Fist,25,0.003477993720534211,0.09664296179984654,False,0,653,4000
harsha,Fist,26,0.0034759323118337426,0.10241905763324309,False,0,342,4000
harsha,Fist,27,0.003472763924234948,0.1044791416385631,False,0,344,4000
harsha,Fist,28,0.003394387894538,0.09901838052705542,False,0,338,4000
harsha,Fist,29,0.003432677254500547,0.0925714496369126,False,0,347,4100
harsha,Fist,30,0.0034945473002442507,0.09119460831436936,False,0,354,4000
harsha,Open palm,1,0.0035772282416824262,0.09559296259849188,False,0,343,4000
harsha,Open palm,2,0.0036220792782729527,0.0927143435747654,False,0,345,4000
harsha,Open palm,3,0.0036070480456428006,0.09040388409344942,False,0,348,4000
harsha,Open palm,4,0.003590980071005964,0.08950143831694433,False,0,355,4000
harsha,Open palm,5,0.003663187649800484,0.09300782622641211,False,0,344,4100
harsha,Open palm,6,0.0036060546995689753,0.09098563915252461,False,0,347,4100
harsha,Open palm,7,0.003530293576161686,0.0893871522712642,False,0,4000,4000
harsha,Open palm,8,0.0035812024186286286,0.08991996433506731,False,0,354,4000
harsha,Open palm,9,0.0035858151791420103,0.08860683342276365,False,0,789,4000
harsha,Open palm,10,0.0035602212578773884,0.08723162395002909,False,0,353,4000
harsha,Open palm,11,0.0037798069430115843,0.09239188263071199,False,0,1056,4000
harsha,Open palm,12,0.0036023117451650733,0.10004620714376547,False,0,935,3900
harsha,Open palm,13,0.003747759607358242,0.3896061001355384,False,2567,3925,4000
harsha,Open palm,14,0.00316065166932531,0.062332682181867494,False,0,4000,4000
harsha,Open palm,15,0.0030064768693307863,0.08849221852615388,False,0,4000,4000
harsha,Open palm,16,0.003590740593241295,0.0852261539710068,False,0,354,4000
harsha,Open palm,17,0.0036378091965049418,0.08612500297772537,False,0,716,4100
harsha,Open palm,18,0.0035729553332314217,0.0834647814767805,False,0,945,4100
harsha,Open palm,19,0.0036650816798867213,0.08501173242304896,False,0,350,4000
harsha,Open palm,20,0.0037680102714226903,0.0927431092189299,False,0,4000,4000
harsha,Open palm,21,0.003755921808938677,0.09116349620558778,False,0,4000,4000
harsha,Open palm,22,0.0036746485392298673,0.08645580922199629,False,0,991,4000
harsha,Open palm,23,0.0038691142204376884,0.09301469929824155,False,0,708,4000
harsha,Open palm,24,0.0038841425082888482,0.09386795344964739,False,0,4000,4000
harsha,Open palm,25,0.0037237834643918553,0.08502771847420329,False,0,351,4000
harsha,Open palm,26,0.0036547513381904205,0.09714930077040872,False,0,4000,4000
harsha,Open palm,27,0.003622923540644728,0.08601169365521213,False,0,4000,4000
harsha,Open palm,28,0.0036280796709393416,0.08265537912222148,False,0,348,4100
harsha,Open palm,29,0.0034829834037212394,0.09214311631682671,False,0,351,4100
harsha,Open palm,30,0.003580515043880588,0.09922836384190342,False,0,710,4000
harsha,Pinch,1,0.0032435087510069606,0.08527668363229778,False,0,932,4000
harsha,Pinch,2,0.0032662210295337822,0.07922997042361303,False,0,3407,4100
harsha,Pinch,3,0.00320953220707666,0.08298885964760064,False,0,342,4000
harsha,Pinch,4,0.003281598864790979,0.08798979278822133,False,0,339,4000
harsha,Pinch,5,0.00327609260731154,0.09120425339621513,False,0,338,4000
harsha,Pinch,6,0.0033110527296290214,0.08224673626967259,False,0,347,4000
harsha,Pinch,7,0.003262964469774924,0.08735218253348759,False,0,336,4000
harsha,Pinch,8,0.0032803504641511607,0.09013769776220966,False,0,341,4000
harsha,Pinch,9,0.003178569994709283,0.08056994055370907,False,0,354,4000
harsha,Pinch,10,0.003313169659967712,0.0897940713083151,False,0,332,4000
harsha,Pinch,11,0.0032081743143265867,0.09052635285700684,False,0,338,4000
harsha,Pinch,12,0.0030096530275098986,0.08366767709560083,False,0,355,4000
harsha,Pinch,13,0.0031521413829810174,0.079346746690306,False,0,344,4000
harsha,Pinch,14,0.0032933941382267584,0.0836335739221032,False,0,336,4000
harsha,Pinch,15,0.0031538058644828555,0.09112749886881343,False,0,337,4000
harsha,Pinch,16,0.003180216557739374,0.08148308502340543,False,0,344,4100
harsha,Pinch,17,0.00322751728513438,0.08932634254840136,False,0,333,4000
harsha,Pinch,18,0.0031218969367545757,0.08163813944198792,False,0,346,4000
harsha,Pinch,19,0.0032694965676983686,0.08975448957964069,False,0,337,4000
harsha,Pinch,20,0.0032504680736887325,0.07930621779438816,False,0,342,4000
harsha,Pinch,21,0.0031898773772307022,0.08649545632945572,False,0,344,4000
harsha,Pinch,22,0.0031899892590784586,0.08892580781052768,False,0,341,4000
harsha,Pinch,23,0.0031729350531893062,0.0797579648239782,False,0,347,4100
harsha,Pinch,24,0.0031519408393814565,0.08329518276128554,False,0,352,4000
harsha,Pinch,25,0.0030670012651597624,0.0900820046512566,False,0,343,4000
harsha,Pinch,26,0.0031518942728974166,0.08646289474093476,False,0,339,4000
harsha,Pinch,27,0.0032908011835518242,0.08080283999930582,False,0,349,4000
harsha,Pinch,28,0.003184700466975863,0.08060013506753748,False,0,4000,4000
harsha,Pinch,29,0.0032706498447016975,0.08696030938601058,False,0,349,4000
harsha,Pinch,30,0.003010725953799646,0.09056386821046564,False,0,350,4000
harsha,Wrist down,1,0.0031248587820976647,0.09320369649816937,False,0,1035,4000
harsha,Wrist down,2,0.0036054688787312337,0.08651743864430028,False,0,350,4000
harsha,Wrist down,3,0.0033158421925427,0.09092465363943525,False,0,337,4000
harsha,Wrist down,4,0.003316258824677354,0.08464120006951853,False,0,349,4000
harsha,Wrist down,5,0.003362237093914452,0.08945646004482861,False,0,334,4000
harsha,Wrist down,6,0.0036118767155711973,0.08341342897331923,False,0,344,4000
harsha,Wrist down,7,0.0033786331132354907,0.08846588470243148,False,0,339,4100
harsha,Wrist down,8,0.0033009553147832693,0.09044253235068211,False,0,343,4000
harsha,Wrist down,9,0.003351574815479896,0.08111445360237875,False,0,343,4000
harsha,Wrist down,10,0.003228562021827486,0.09005970809835309,False,0,347,4000
harsha,Wrist down,11,0.0033545791286119244,0.09270938511342976,False,0,339,4000
harsha,Wrist down,12,0.0032756037666154857,0.08347672818930132,False,0,353,4000
harsha,Wrist down,13,0.0032863323109196597,0.08272850602033908,False,0,345,4000
harsha,Wrist down,14,0.003189342705780583,0.09196313202111449,False,0,337,4000
harsha,Wrist down,15,0.003123559659786852,0.08162316848621254,False,0,352,4000
harsha,Wrist down,16,0.0032442870811131004,0.08918907399687923,False,0,335,4000
harsha,Wrist down,17,0.0030785502114993846,0.08783338739432256,False,0,359,4000
harsha,Wrist down,18,0.0031814905956792676,0.08498174652045483,False,0,337,4000
harsha,Wrist down,19,0.003249871416751815,0.0861955111694266,False,0,343,4000
harsha,Wrist down,20,0.003228422959967785,0.09055514904715131,False,0,342,4000
harsha,Wrist down,21,0.0033193466606068187,0.09113541350345365,False,0,337,4000
harsha,Wrist down,22,0.00323124093912006,0.09013636790411252,False,0,331,4000
harsha,Wrist down,23,0.003318475352916696,0.08409218431706178,False,0,338,4000
harsha,Wrist down,24,0.0033674908205259093,0.08270074140473178,False,0,798,4000
harsha,Wrist down,25,0.003241455031754453,0.08013694826452555,False,0,759,4000
harsha,Wrist down,26,0.0032148537589886143,0.07653558836639544,False,0,346,4100
harsha,Wrist down,27,0.0032703910922736103,0.07615480162007303,False,0,668,4000
harsha,Wrist down,28,0.003057832060057023,0.0806099837706247,False,0,566,4000
harsha,Wrist down,29,0.0032632533048381008,0.08258694442205933,False,0,625,4000
harsha,Wrist down,30,0.003420727093826189,0.08577115410015378,False,0,339,4000
harsha,Wrist up,1,0.0034791718067935973,0.08893289500879875,False,0,347,4000
harsha,Wrist up,2,0.0034570936529064846,0.0970388138396588,False,0,346,4000
harsha,Wrist up,3,0.0034776638079764242,0.09634829889684099,False,0,860,4000
harsha,Wrist up,4,0.0038242396075040363,0.11125771824998373,False,0,704,4000
harsha,Wrist up,5,0.0037597059506994514,0.09697280197015008,False,0,737,4000
harsha,Wrist up,6,0.003942186402604464,0.10154898938320354,False,0,4000,4000
harsha,Wrist up,7,0.0037484637830602287,0.08946649696068563,False,0,928,4000
harsha,Wrist up,8,0.003625987251085596,0.10152768185248993,False,0,4100,4100
harsha,Wrist up,9,0.003529395203662565,0.09279173118937965,False,0,3900,3900
harsha,Wrist up,10,0.0035846901797765836,0.089528678196785,False,0,663,4000
harsha,Wrist up,11,0.0035767029401278017,0.10368111081026092,False,0,1002,4000
harsha,Wrist up,12,0.0033400787714077153,0.0975604925019116,False,0,741,4000
harsha,Wrist up,13,0.003413699436831635,0.09528524344797867,False,0,819,4000
harsha,Wrist up,14,0.0034398905338436448,0.13476525242077939,False,0,890,4000
harsha,Wrist up,15,0.0035178786161500085,0.11578852782757584,False,0,795,4000
harsha,Wrist up,16,0.0033190240175521592,0.09831086732672704,False,0,740,4000
harsha,Wrist up,17,0.0033224519778272997,0.09678050440469488,False,0,731,4100
harsha,Wrist up,18,0.0032561709818297456,0.09004713839233151,False,0,706,4000
harsha,Wrist up,19,0.0034411351084494275,0.0973128918458586,False,0,822,4000
harsha,Wrist up,20,0.0034306180152878355,0.08562043842335401,False,0,746,4000
harsha,Wrist up,21,0.0033924521452162407,0.09270203132163596,False,0,803,4000
harsha,Wrist up,22,0.003328506773426152,0.09876592803411804,False,0,754,4000
harsha,Wrist up,23,0.0032831642371826397,0.08943589876241406,False,0,847,4000
harsha,Wrist up,24,0.0034733719560756156,0.08562594360274633,False,0,905,4000
harsha,Wrist up,25,0.0033307007343896912,0.0965506668396399,False,0,821,4000
harsha,Wrist up,26,0.0032226287775152444,0.09741636194146784,False,0,766,4000
harsha,Wrist up,27,0.003357280215552354,0.09579868808937225,False,0,773,4000
harsha,Wrist up,28,0.003269904300698361,0.08382807610835231,False,0,603,4000
harsha,Wrist up,29,0.0032311850228524653,0.09626187191362856,False,0,698,4000
harsha,Wrist up,30,0.003447681726109948,0.0835853211796732,False,0,935,4100
harshitha_nc,Fist,1,0.014493903975596991,0.4210364734252643,False,612,4000,4000
harshitha_nc,Fist,2,0.03191927080762969,0.4566337930418413,False,405,3984,4000
harshitha_nc,Fist,3,0.02200289719396034,0.45293097970055607,False,505,4000,4000
harshitha_nc,Fist,4,0.037427255736513496,0.8167309109094393,False,514,4000,4000
harshitha_nc,Fist,5,0.024183147104177016,0.375174201445633,False,648,4100,4100
harshitha_nc,Fist,6,0.014739773764259508,0.32811159922993594,False,457,4000,4000
harshitha_nc,Fist,7,0.032210890191826234,0.3379497830157009,False,518,4000,4000
harshitha_nc,Fist,8,0.033992717812368116,0.8113120094521067,False,1022,4000,4000
harshitha_nc,Fist,9,0.024335764651458865,0.3371110230912286,False,404,4000,4000
harshitha_nc,Fist,10,0.027331848638164614,0.27426164271179465,False,415,4000,4000
harshitha_nc,Fist,11,0.012829602810518616,0.33023756814534266,False,480,4000,4000
harshitha_nc,Fist,12,0.0283520792979093,0.4000696728388192,False,576,4000,4000
harshitha_nc,Fist,13,0.0366890952500156,0.40268162441065813,False,599,4000,4000
harshitha_nc,Fist,14,0.024040729888922065,0.3271649315382814,False,528,4000,4000
harshitha_nc,Fist,15,0.027863191377792567,0.34487376611476483,False,547,4000,4000
harshitha_nc,Fist,16,0.021553972096688984,0.30107099063111015,False,454,4000,4000
harshitha_nc,Fist,17,0.030901625883828002,0.2562851819104206,False,0,4000,4000
harshitha_nc,Fist,18,0.023219625755276335,0.588684179991532,False,2451,4100,4100
harshitha_nc,Fist,19,0.03297419402878567,0.19234446583590273,False,355,4000,4000
harshitha_nc,Fist,20,0.011414597031469582,0.5895734804680217,False,1004,4000,4000
harshitha_nc,Fist,21,0.02779162744186005,0.3947997864247871,False,341,3969,4000
harshitha_nc,Fist,22,0.03295205032262902,0.5493789492341644,False,446,4000,4000
harshitha_nc,Fist,23,0.0273455442386798,0.3003619067676098,False,377,4100,4100
harshitha_nc,Fist,24,0.016554515702204915,0.3593336047258755,False,500,4000,4000
harshitha_nc,Fist,25,0.04133420159707978,0.20980299433118157,False,133,3950,4000
harshitha_nc,Fist,26,0.036300587113149235,0.18342024199299234,False,283,4000,4000
harshitha_nc,Fist,27,0.0261745697344586,0.2567549196891439,False,362,4000,4000
harshitha_nc,Fist,28,0.015833801222365086,0.3889531179556512,False,379,4000,4000
harshitha_nc,Fist,29,0.02512116156693833,0.23444609640379635,False,310,4100,4100
harshitha_nc,Fist,30,0.027142366094671883,0.33809715776623916,False,728,4000,4000
harshitha_nc,Open palm,1,0.025658419159511378,0.1447884653953831,False,469,3974,4000
harshitha_nc,Open palm,2,0.03264261624291192,0.1587582548613976,False,347,3766,4000
harshitha_nc,Open palm,3,0.02557659432292307,0.2495931876552009,False,367,3495,4000
harshitha_nc,Open palm,4,0.023920525821344785,0.2485026332750433,False,486,4100,4100
harshitha_nc,Open palm,5,0.021010063385405855,0.23802006366121514,False,423,4100,4100
harshitha_nc,Open palm,6,0.04399501753714827,0.28540337316082665,False,258,4000,4000
harshitha_nc,Open palm,7,0.03107083191007601,0.2678895830879377,False,284,3905,4000
harshitha_nc,Open palm,8,0.02554466467883558,0.20262401260232846,False,427,3995,4000
harshitha_nc,Open palm,9,0.021479831080327402,0.14164756028713066,False,1,3904,4000
harshitha_nc,Open palm,10,0.019950404036115903,0.15627056260190314,False,386,4000,4000
harshitha_nc,Open palm,11,0.020684895457915138,0.2584954442935621,False,532,3134,4100
harshitha_nc,Open palm,12,0.03641493758761622,0.1998017004749055,False,218,4000,4000
harshitha_nc,Open palm,13,0.02618124453756673,0.21677498886856625,False,303,3104,4000
harshitha_nc,Open palm,14,0.02060641722102966,0.17591613089250782,False,368,2671,4000
harshitha_nc,Open palm,15,0.019308889096732028,0.23356788543358065,False,404,4070,4100
harshitha_nc,Open palm,16,0.01847146034972247,0.32938218692566446,False,532,3896,4000
harshitha_nc,Open palm,17,0.026939745743819868,0.15977888490205527,False,2,4000,4000
harshitha_nc,Open palm,18,0.01644084371854415,0.7317910204958697,False,558,821,4000
harshitha_nc,Open palm,19,0.0074871461250019455,0.271695997535631,False,1713,3508,4000
harshitha_nc,Open palm,20,0.02017721531739314,0.1386785958634677,False,0,3651,4100
harshitha_nc,Open palm,21,0.0241409762634577,0.13492666654969787,False,0,4100,4100
harshitha_nc,Open palm,22,0.010658883824824163,0.18381398219201361,False,0,2901,4000
harshitha_nc,Open palm,23,0.017869209894565266,0.07239860628172295,False,0,3891,4000
harshitha_nc,Open palm,24,0.015034057811881003,0.1801688025688314,False,0,3939,4000
harshitha_nc,Open palm,25,0.01881034887300541,0.11862377905478429,False,0,3498,4000
harshitha_nc,Open palm,26,0.02745748205861702,0.17040598096578127,False,351,4000,4000
harshitha_nc,Open palm,27,0.028271033347339946,0.12488777537937004,False,0,4000,4000
harshitha_nc,Open palm,28,0.03239835847295819,0.20155857547150505,False,365,3374,4100
harshitha_nc,Open palm,29,0.017521580532748434,0.16720816769036667,False,0,2544,4100
harshitha_nc,Open palm,30,0.027841748955041153,0.1570184186389604,False,386,3883,4000
harshitha_nc,Pinch,1,0.02009087925571495,0.2932768282907126,False,535,4000,4000
harshitha_nc,Pinch,2,0.018921374501019148,0.39813072164861757,False,541,3990,4000
harshitha_nc,Pinch,3,0.029085650656001282,0.2862544394801352,False,276,2805,4000
harshitha_nc,Pinch,4,0.015968887686106777,0.2561013193868433,False,684,4000,4000
harshitha_nc,Pinch,5,0.025361977458862813,0.3347918145707625,False,345,4000,4000
harshitha_nc,Pinch,6,0.023837751887294565,0.3825043348640367,False,419,2814,4000
harshitha_nc,Pinch,7,0.03264223638858682,0.7099671526148836,False,321,4000,4000
harshitha_nc,Pinch,8,0.011283912349462839,0.41612128998632497,False,580,4000,4000
harshitha_nc,Pinch,9,0.016171253122603854,0.4827930196027832,False,677,3816,4100
harshitha_nc,Pinch,10,0.023571669139942422,0.3549833955441293,False,353,3822,4000
harshitha_nc,Pinch,11,0.01338338281040961,0.24111918755916242,False,0,4000,4000
harshitha_nc,Pinch,12,0.01055503407894892,0.21696932747610295,False,980,4000,4000
harshitha_nc,Pinch,13,0.019548774012060073,0.30603142058067884,False,387,4000,4000
harshitha_nc,Pinch,14,0.01867695591857126,0.34236988273493507,False,434,4000,4000
harshitha_nc,Pinch,15,0.011979460241125155,0.14796893836083932,False,0,4000,4000
harshitha_nc,Pinch,16,0.020889678218241847,0.23025353737493084,False,524,4000,4000
harshitha_nc,Pinch,17,0.016878107614842087,0.36446315315561106,False,628,3792,4000
harshitha_nc,Pinch,18,0.021068266709345106,0.4668235390460264,False,423,4000,4000
harshitha_nc,Pinch,19,0.017622440996862353,0.14340135746744037,False,0,4100,4100
harshitha_nc,Pinch,20,0.015453330787643514,0.1896442056428546,False,421,4000,4000
harshitha_nc,Pinch,21,0.019139757580734138,0.09842123168051638,False,0,4000,4000
harshitha_nc,Pinch,22,0.009498382776086172,0.10029208646990606,False,0,4000,4000
harshitha_nc,Pinch,23,0.024117578769521638,0.21108958016569906,False,322,4000,4000
harshitha_nc,Pinch,24,0.008151128853007242,0.09976896320564035,False,0,4000,4000
harshitha_nc,Pinch,25,0.01617787358384949,0.2901881960183014,False,525,4100,4100
harshitha_nc,Pinch,26,0.017570051045647017,0.23659839162479684,False,422,4000,4000
harshitha_nc,Pinch,27,0.01764546469112608,0.1759168841275624,False,573,3548,4000
harshitha_nc,Pinch,28,0.007016259308219813,0.14722752767651096,False,0,4000,4000
harshitha_nc,Pinch,29,0.017516527397042653,0.3273195013550651,False,688,4000,4000
harshitha_nc,Pinch,30,0.02354215454238137,0.3992505680689217,False,677,4000,4000
harshitha_nc,Wrist down,1,0.0182009320099444,0.20714787071486868,False,0,3847,4000
harshitha_nc,Wrist down,2,0.009566793642113875,0.179383114965524,False,0,3839,4000
harshitha_nc,Wrist down,3,0.015484419490788244,0.38930768222508055,False,704,3965,4000
harshitha_nc,Wrist down,4,0.05551373944244098,0.2774949544932406,False,0,4000,4000
harshitha_nc,Wrist down,5,0.010684045168940703,0.6426788937587076,False,905,3733,4000
harshitha_nc,Wrist down,6,0.024961744465378334,0.4811386040161213,False,424,727,4000
harshitha_nc,Wrist down,7,0.02801632927241346,0.44928614237403897,False,342,3945,4000
harshitha_nc,Wrist down,8,0.027811590073051354,0.39444360945460943,False,278,3940,4000
harshitha_nc,Wrist down,9,0.02004531756006707,0.3754452756175889,False,40,2383,4000
harshitha_nc,Wrist down,10,0.0168768261897113,0.2562002360779967,False,98,3705,4000
harshitha_nc,Wrist down,11,0.032752854450609395,0.44575504262007065,False,0,3888,4000
harshitha_nc,Wrist down,12,0.025181181480408318,0.6266529161615093,False,417,784,4000
harshitha_nc,Wrist down,13,0.013398201867730792,0.2693213693361036,False,1070,4000,4000
harshitha_nc,Wrist down,14,0.031573863012500064,0.4532524637969897,False,573,3856,4000
harshitha_nc,Wrist down,15,0.034646936295868215,0.7331916245751477,False,377,936,4000
harshitha_nc,Wrist down,16,0.03454329282720289,0.5653790859336182,False,322,4000,4000
harshitha_nc,Wrist down,17,0.023653227243428568,0.4847161905863041,False,435,3774,4000
harshitha_nc,Wrist down,18,0.030186414701735224,0.2812127597673874,False,304,3417,4000
harshitha_nc,Wrist down,19,0.01634216419698252,0.33754903666285146,False,1229,2764,4000
harshitha_nc,Wrist down,20,0.03455710764901847,0.17708334569153641,False,347,3614,4000
harshitha_nc,Wrist down,21,0.02448393058424739,0.7112417561106865,False,398,645,4000
harshitha_nc,Wrist down,22,0.02254051499869013,0.4311805971316718,False,345,1151,4000
harshitha_nc,Wrist down,23,0.014318952305211154,0.47057068750696424,False,1555,3906,4000
harshitha_nc,Wrist down,24,0.02336910018923577,0.28915745774183527,False,434,1135,4000
harshitha_nc,Wrist down,25,0.019536251787752864,0.5528305093390725,False,606,2226,4100
harshitha_nc,Wrist down,26,0.01293067140215797,0.4729079146691431,False,520,4000,4000
harshitha_nc,Wrist down,27,0.013983220956871543,0.4617047228112067,False,407,922,4000
harshitha_nc,Wrist down,28,0.022670560392316404,0.804977002002405,False,365,3229,4000
harshitha_nc,Wrist down,29,0.01393688331425825,0.23774127706294393,False,384,3010,4000
harshitha_nc,Wrist down,30,0.014019884670645856,0.47086306721274956,False,1255,2134,4000
harshitha_nc,Wrist up,1,0.013528157961567836,0.3316313938087319,False,1055,4000,4000
harshitha_nc,Wrist up,2,0.016630538943937952,0.29900906618305123,False,467,3946,4000
harshitha_nc,Wrist up,3,0.038683280011873024,0.4327702540108879,False,406,4000,4000
harshitha_nc,Wrist up,4,0.04598447929459305,0.3684193907858959,False,287,3985,4000
harshitha_nc,Wrist up,5,0.042398927039254276,0.5871631932577848,False,917,4000,4000
harshitha_nc,Wrist up,6,0.02733699223142053,0.28927763982872146,False,354,4000,4000
harshitha_nc,Wrist up,7,0.01638377981999044,0.38763308864086077,False,429,3988,4000
harshitha_nc,Wrist up,8,0.028294406266565087,0.3649148424868609,False,423,4000,4000
harshitha_nc,Wrist up,9,0.009952568537545857,0.16504572811002677,False,0,3930,4000
harshitha_nc,Wrist up,10,0.02848599815748739,0.266862694949791,False,308,4100,4100
harshitha_nc,Wrist up,11,0.04774327198374348,0.23909993137815858,False,227,4000,4000
harshitha_nc,Wrist up,12,0.024315091556380786,0.20670546033328732,False,372,3976,4000
harshitha_nc,Wrist up,13,0.03195539056307625,0.2629680506235999,False,300,3720,4000
harshitha_nc,Wrist up,14,0.019710592943519414,0.20535859591575986,False,0,3703,4000
harshitha_nc,Wrist up,15,0.03578137978887896,0.24519377844011905,False,63,2710,4000
harshitha_nc,Wrist up,16,0.03753494406566429,0.23814785145678946,False,0,3596,4000
harshitha_nc,Wrist up,17,0.02216044469791016,0.2188388470306342,False,438,4100,4100
harshitha_nc,Wrist up,18,0.027427047834239892,0.2565718894273877,False,311,4000,4000
harshitha_nc,Wrist up,19,0.022354166606735826,0.25066261010381297,False,356,3599,4000
harshitha_nc,Wrist up,20,0.025394286167912554,0.3058466558711832,False,0,4000,4000
harshitha_nc,Wrist up,21,0.01149753047381598,0.3281883929955059,False,1008,3702,4000
harshitha_nc,Wrist up,22,0.02568688942903037,0.2611954890927585,False,313,3768,4000
harshitha_nc,Wrist up,23,0.01230598945156854,0.26704228393538143,False,521,4000,4000
harshitha_nc,Wrist up,24,0.05261874373326795,0.3233370320177638,False,306,4076,4100
harshitha_nc,Wrist up,25,0.013438667404283611,0.30796160659887645,False,487,4000,4000
harshitha_nc,Wrist up,26,0.015648989274093732,0.2789805704646666,False,969,3472,4000
harshitha_nc,Wrist up,27,0.022208602439278646,0.26957825558900045,False,391,4000,4000
harshitha_nc,Wrist up,28,0.027324516654551913,0.24356754435158529,False,318,4100,4100
harshitha_nc,Wrist up,29,0.06412668968681258,0.26776012829171575,False,0,3611,4100
harshitha_nc,Wrist up,30,0.02129527414961144,0.29474210962857217,False,515,3938,4000
keerthana_k,Fist,1,0.00990819905022172,0.885208610496676,False,1147,3928,4000
keerthana_k,Fist,2,0.015441762338436615,0.2908874862218697,False,393,1077,4100
keerthana_k,Fist,3,0.018182378311528417,0.7104851805807094,False,683,4000,4000
keerthana_k,Fist,4,0.009724394447879604,0.5540861006976433,False,636,1147,4000
keerthana_k,Fist,5,0.009121549226772186,0.14642292427280126,False,557,1056,4000
keerthana_k,Fist,6,0.010411485153572344,0.10912958683326907,False,0,1913,4000
keerthana_k,Fist,7,0.01534011454673728,0.6749531560780616,False,497,3720,4000
keerthana_k,Fist,8,0.01837198737616263,0.7191369705376528,False,734,1140,4000
keerthana_k,Fist,9,0.012269418309711854,0.7391730486638426,False,695,1007,4000
keerthana_k,Fist,10,0.015072165099744954,0.2742854632197133,False,349,992,4000
keerthana_k,Fist,11,0.006430029879788666,0.2963955691817413,False,63,3831,4000
keerthana_k,Fist,12,0.011614150812556838,0.38891405281671815,False,566,1213,4000
keerthana_k,Fist,13,0.023328422539533183,0.2423565125037274,False,327,3386,4100
keerthana_k,Fist,14,0.018401552521518493,0.5240758377900263,False,589,1128,4000
keerthana_k,Fist,15,0.015408279704908349,0.26694378392805596,False,310,911,4000
keerthana_k,Fist,16,0.014003491918506535,0.39808518436698614,False,466,1379,4000
keerthana_k,Fist,17,0.013904345713262328,0.4349002449195878,False,527,983,4000
keerthana_k,Fist,18,0.015039617247627106,0.13314767245848785,False,364,1588,4000
keerthana_k,Fist,19,0.014787222077825735,0.17499072824653847,False,434,3661,4000
keerthana_k,Fist,20,0.00964676326215066,0.3983597671147776,False,942,3632,4100
keerthana_k,Fist,21,0.008174802498321383,0.6208930301268274,False,1226,1555,4100
keerthana_k,Fist,22,0.015842465759928853,0.30643418875934497,False,362,946,4000
keerthana_k,Fist,23,0.014493548587880167,0.16615884616641338,False,498,1367,4000
keerthana_k,Fist,24,0.011904138699045986,0.7066656907441788,False,378,760,4000
keerthana_k,Fist,25,0.011126940472462392,0.950833276647009,False,782,1157,4000
keerthana_k,Fist,26,0.009318472844547263,0.5049259648668454,False,856,1336,4000
keerthana_k,Fist,27,0.014065065068744088,0.1893191327151095,False,573,1290,4000
keerthana_k,Fist,28,0.0173845028597847,0.690587144533449,False,871,1145,4000
keerthana_k,Fist,29,0.015007550167259139,0.2694309435191776,False,382,1630,4000
keerthana_k,Fist,30,0.01479881285153747,0.1602632953702627,False,352,2056,4000
keerthana_k,Open palm,1,0.018026672259135356,0.6495722024401688,False,1441,4000,4000
keerthana_k,Open palm,2,0.0170445154308531,0.8433181873897813,False,785,4000,4000
keerthana_k,Open palm,3,0.012550327806781678,0.33354802770285746,False,585,1535,4000
keerthana_k,Open palm,4,0.013531431448417421,0.3112029455323564,False,538,3319,4000
keerthana_k,Open palm,5,0.012749269733296714,0.3229592366076076,False,815,1304,4000
keerthana_k,Open palm,6,0.011377171232340229,0.1845541167650845,False,729,3992,4000
keerthana_k,Open palm,7,0.013685011002280261,0.08744587747834229,False,0,3462,4000
keerthana_k,Open palm,8,0.007182440769016398,0.14419647426672347,False,734,4000,4000
keerthana_k,Open palm,9,0.012119031022013935,0.14412452223746547,False,450,4100,4100
keerthana_k,Open palm,10,0.0161253915818022,0.408001093074216,False,235,1373,4000
keerthana_k,Open palm,11,0.01244691290774035,0.21081664849311502,False,322,905,4000
keerthana_k,Open palm,12,0.007399319668217616,0.2315757473708179,False,539,2558,4000
keerthana_k,Open palm,13,0.007895107138687515,0.4782928408576032,False,1523,3687,4000
keerthana_k,Open palm,14,0.01355714296411462,0.2376499556779352,False,34,728,4000
keerthana_k,Open palm,15,0.013823544962182325,0.28440688810766795,False,133,2110,4000
keerthana_k,Open palm,16,0.020145194623265222,0.340044384243441,False,338,741,4000
keerthana_k,Open palm,17,0.013935728217921257,0.32622217657668817,False,248,656,4000
keerthana_k,Open palm,18,0.027002202693600853,0.595199185831666,False,583,3429,4000
keerthana_k,Open palm,19,0.023344572120299743,0.6249036103544056,False,307,2073,4000
keerthana_k,Open palm,20,0.014091177105683281,0.7525939892189552,False,413,910,4000
keerthana_k,Open palm,21,0.009338394096218417,0.5130031573502438,False,862,3790,4000
keerthana_k,Open palm,22,0.019926493218234722,0.19029874250757714,False,392,2670,4000
keerthana_k,Open palm,23,0.02720626829614198,0.9450266764368547,False,455,1828,3900
keerthana_k,Open palm,24,0.02111382700441749,0.5038676921638708,False,379,3892,4000
keerthana_k,Open palm,25,0.015364344233228886,0.19633227125685226,False,344,1169,4000
keerthana_k,Open palm,26,0.011395707692222565,0.3949685060703195,False,783,1220,4000
keerthana_k,Open palm,27,0.010895420426889704,0.19013644253261786,False,555,3343,4000
keerthana_k,Open palm,28,0.011685393204521673,0.12492600076277355,False,0,4000,4000
keerthana_k,Open palm,29,0.015810569616912636,0.14158400263573248,False,0,3795,4000
keerthana_k,Open palm,30,0.0094549741012284,0.12722111359593932,False,670,3804,4000
keerthana_k,Pinch,1,0.010395852149036919,0.1441854006142747,False,0,1314,4000
keerthana_k,Pinch,2,0.02092926408655398,0.30594322848103966,False,173,3943,4000
keerthana_k,Pinch,3,0.012094197486386914,0.2087077763681523,False,424,3776,4000
keerthana_k,Pinch,4,0.011814920972265797,0.123396355741551,False,0,1512,4000
keerthana_k,Pinch,5,0.012742378516644988,0.15313430537990635,False,0,3869,4000
keerthana_k,Pinch,6,0.017597117893304273,0.18966173053661478,False,0,4100,4100
keerthana_k,Pinch,7,0.012099572829447312,0.3473804920338943,False,0,2060,4000
keerthana_k,Pinch,8,0.01681643148620994,0.20095150831273503,False,355,4000,4000
keerthana_k,Pinch,9,0.00949767595998202,0.1618180473596693,False,0,988,4000
keerthana_k,Pinch,10,0.015474963719662007,0.11104824620218597,False,0,3514,4000
keerthana_k,Pinch,11,0.012088222504155572,0.09139821735659188,False,0,1434,4000
keerthana_k,Pinch,12,0.01700391663318144,0.10789318068257249,False,0,3671,4000
keerthana_k,Pinch,13,0.014554424939624923,0.17201848281153315,False,1,3321,4100
keerthana_k,Pinch,14,0.00982084504258594,0.11697923339307062,False,0,3487,4000
keerthana_k,Pinch,15,0.005592829473036346,0.1075153967297083,False,0,1076,4000
keerthana_k,Pinch,16,0.008326861116479947,0.12687684556626236,False,0,1364,4000
keerthana_k,Pinch,17,0.009115717075480359,0.09758457170939272,False,0,1175,4000
keerthana_k,Pinch,18,0.006450325191608337,0.13479159450113676,False,0,1306,4000
keerthana_k,Pinch,19,0.007886001031875886,0.14834485043513823,False,0,754,4000
keerthana_k,Pinch,20,0.006058299634555256,0.078505410061072,False,0,3598,4000
keerthana_k,Pinch,21,0.007662288609517632,0.161813007788875,False,0,874,4000
keerthana_k,Pinch,22,0.008089957367907156,0.3117664045276563,False,806,1337,4000
keerthana_k,Pinch,23,0.004990504460501324,0.08524745100490988,False,0,1619,4100
keerthana_k,Pinch,24,0.007003443985739984,0.05516845676141906,False,0,4000,4000
keerthana_k,Pinch,25,0.007370461857236273,0.08648121932578114,False,0,1223,4000
keerthana_k,Pinch,26,0.0065395275541245265,0.0837897401556293,False,0,1207,4000
keerthana_k,Pinch,27,0.007745129064889469,0.05895544241202602,False,0,2151,3900
keerthana_k,Pinch,28,0.007252033896942183,0.11115343011263407,False,0,600,3900
keerthana_k,Pinch,29,0.014690698115321407,0.3244447169231991,False,305,2914,4000
keerthana_k,Pinch,30,0.010561095567458802,0.12239361272642807,False,0,2376,4000
keerthana_k,Wrist down,1,0.016844182406434833,0.46357860549471464,False,0,3623,4000
keerthana_k,Wrist down,2,0.015131441583945282,0.5396676335651304,False,332,3856,4000
keerthana_k,Wrist down,3,0.008978823571118821,0.18198400514547308,False,0,1426,4000
keerthana_k,Wrist down,4,0.011630438971088073,0.24793789037399697,False,99,4000,4000
keerthana_k,Wrist down,5,0.014362428279880384,0.37846953867302846,False,1201,3795,3900
keerthana_k,Wrist down,6,0.006258276972115222,0.3215730718371843,False,473,1015,4000
keerthana_k,Wrist down,7,0.00925639086286661,0.2532108135430075,False,347,1054,4000
keerthana_k,Wrist down,8,0.015409673679326132,0.23196195233234854,False,464,2187,4000
keerthana_k,Wrist down,9,0.009178370350226067,0.3942869783153044,False,395,2545,4000
keerthana_k,Wrist down,10,0.011144628032508947,0.313589097132905,False,395,4000,4000
keerthana_k,Wrist down,11,0.009876391776161765,0.8154385225333795,False,664,2793,4100
keerthana_k,Wrist down,12,0.015686690551195075,0.44516062370488596,False,698,1101,4000
keerthana_k,Wrist down,13,0.014420447090718849,0.37262097367348795,False,0,1191,4000
keerthana_k,Wrist down,14,0.011338986897704757,0.16955509646096967,False,0,2706,4000
keerthana_k,Wrist down,15,0.010754102860509625,0.22381472339526684,False,0,1408,4000
keerthana_k,Wrist down,16,0.009798998506993815,0.18530633130348073,False,0,3613,4000
keerthana_k,Wrist down,17,0.013859888627850613,0.25972674257769385,False,502,3685,4000
keerthana_k,Wrist down,18,0.01658525993950528,0.37661544237741956,False,487,3908,4000
keerthana_k,Wrist down,19,0.010398466832466232,0.26321366049866696,False,511,2268,4000
keerthana_k,Wrist down,20,0.009213807927661504,0.19904618337814134,False,4,4000,4000
keerthana_k,Wrist down,21,0.01245697837549139,0.40507870913952765,False,370,2255,4000
keerthana_k,Wrist down,22,0.005266610573460305,0.05123274198699865,False,0,2857,4000
keerthana_k,Wrist down,23,0.01904461270148469,0.33580499411555337,False,416,2831,4000
keerthana_k,Wrist down,24,0.018955431963745193,0.23555419192167995,False,0,3748,4100
keerthana_k,Wrist down,25,0.00863832185471276,0.37789838517871827,False,302,1269,4100
keerthana_k,Wrist down,26,0.009329648461403349,0.22206041795883918,False,2,2076,4000
keerthana_k,Wrist down,27,0.015836905223258414,0.27609864153898067,False,425,2720,4000
keerthana_k,Wrist down,28,0.009926478045318318,0.22983583035837374,False,873,3312,4000
keerthana_k,Wrist down,29,0.008160482279102542,0.2708355451953161,False,583,4000,4000
keerthana_k,Wrist down,30,0.030087127033071176,0.586097827298358,False,253,2936,4000
keerthana_k,Wrist up,1,0.01243995885783088,0.28202044425475886,False,382,4000,4000
keerthana_k,Wrist up,2,0.010808257387404789,0.17464237693719217,False,348,1050,4000
keerthana_k,Wrist up,3,0.011039792171903588,0.11880483827277576,False,509,3988,4000
keerthana_k,Wrist up,4,0.01891410259169031,0.08355447916359703,False,318,3620,4000
keerthana_k,Wrist up,5,0.006983419868176415,0.1306941483356878,False,786,3675,4000
keerthana_k,Wrist up,6,0.01217299289607547,0.10400967334680919,False,652,3331,4000
keerthana_k,Wrist up,7,0.0077233585743230115,0.10018134260961933,False,770,4000,4000
keerthana_k,Wrist up,8,0.009708352389081427,0.09735511333498677,False,6,3967,4000
keerthana_k,Wrist up,9,0.010095740328204882,0.10925841213588368,False,659,3958,4100
keerthana_k,Wrist up,10,0.013259414261259093,0.1026548470897696,False,360,4000,4000
keerthana_k,Wrist up,11,0.008123418594137928,0.12015525377579,False,773,3581,4000
keerthana_k,Wrist up,12,0.00869926402751744,0.05523242933496135,False,0,4000,4000
keerthana_k,Wrist up,13,0.008439165722589093,0.11491246261224626,False,863,3656,4000
keerthana_k,Wrist up,14,0.008854257069320217,0.0893769192571866,False,1,4100,4100
keerthana_k,Wrist up,15,0.012571081651317267,0.13535467641205376,False,513,3726,4000
keerthana_k,Wrist up,16,0.010119466695353437,0.11011168853451828,False,558,4000,4000
keerthana_k,Wrist up,17,0.009840109748605786,0.166971265573307,False,637,1153,4000
keerthana_k,Wrist up,18,0.012131094205486224,0.14921061548924178,False,614,1901,4000
keerthana_k,Wrist up,19,0.023023835566017375,0.13825207466022438,False,212,3547,4000
keerthana_k,Wrist up,20,0.02833928816418894,0.3430646004679192,False,184,1083,4000
keerthana_k,Wrist up,21,0.01303103388842708,0.15509106943637105,False,411,2638,4000
keerthana_k,Wrist up,22,0.007041753112618679,0.17798083926561656,False,676,3132,3900
keerthana_k,Wrist up,23,0.017199710332122774,0.6745958383135888,False,667,3652,4000
keerthana_k,Wrist up,24,0.01802300525858251,0.1532781076913866,False,0,4000,4000
keerthana_k,Wrist up,25,0.016878326540785277,0.16165360907887114,False,0,3818,4000
keerthana_k,Wrist up,26,0.016956432984294015,0.17398889056678243,False,580,3161,4000
keerthana_k,Wrist up,27,0.009332100396333032,0.16561381275260165,False,0,3603,4100
keerthana_k,Wrist up,28,0.02055984009208645,0.24684605785463126,False,403,1019,4000
keerthana_k,Wrist up,29,0.01822491645192063,0.2173460080409972,False,591,3679,4000
keerthana_k,Wrist up,30,0.015515566763134868,0.1419820080241913,False,0,1849,4000
keerthi,Fist,1,0.0037341222948795495,0.11610104839081067,False,0,338,4000
keerthi,Fist,2,0.0037736634196487706,0.10208768306413608,False,0,345,4000
keerthi,Fist,3,0.003753267169602937,0.12016328382270794,False,0,341,4000
keerthi,Fist,4,0.003574925885234261,0.09894292175451648,False,0,344,4000
keerthi,Fist,5,0.003640103594075513,0.11014483903195388,False,0,332,4000
keerthi,Fist,6,0.0036956371381287032,0.09859863211194432,False,0,347,4000
keerthi,Fist,7,0.003841143629055689,0.11931455341991332,False,0,335,4000
keerthi,Fist,8,0.00369545873870407,0.10143520831019455,False,0,350,4000
keerthi,Fist,9,0.0038614496941329025,0.11554305918747038,False,0,331,3900
keerthi,Fist,10,0.0036847039716161167,0.10466632783804272,False,0,346,4000
keerthi,Fist,11,0.0038222615912401224,0.11371012879993306,False,0,338,4000
keerthi,Fist,12,0.004082840359134465,0.12056635946932959,False,0,362,4000
keerthi,Fist,13,0.003834712933646119,0.11743045671228033,False,0,338,4000
keerthi,Fist,14,0.003925368763056654,0.10540153403994364,False,0,345,4100
keerthi,Fist,15,0.0040187246241131765,0.12271879675618061,False,0,339,4000
keerthi,Fist,16,0.004116663201742022,0.11318323267945103,False,0,342,4000
keerthi,Fist,17,0.003963630872855554,0.11783540666641816,False,0,336,4000
keerthi,Fist,18,0.003926335318343618,0.11616695760229138,False,0,346,4000
keerthi,Fist,19,0.003801180503743231,0.1069399457648525,False,0,338,4000
keerthi,Fist,20,0.003828901762554541,0.11320678058809566,False,0,342,4000
keerthi,Fist,21,0.0037818306475526087,0.10701626059309356,False,0,340,4000
keerthi,Fist,22,0.003854308506088753,0.11554829005075956,False,0,339,4000
keerthi,Fist,23,0.004031911989482432,0.1211390660223905,False,0,341,4100
keerthi,Fist,24,0.0039226825631340735,0.10786676143668615,False,0,354,4000
keerthi,Fist,25,0.003824541692541858,0.11838394662575726,False,0,337,4100
keerthi,Fist,26,0.003917297965018236,0.10745241961843818,False,0,344,4000
keerthi,Fist,27,0.0039260030797009125,0.12561931426896444,False,0,338,4000
keerthi,Fist,28,0.004066280042561671,0.11174120161260818,False,0,344,4000
keerthi,Fist,29,0.003914636527293566,0.12109884690566,False,0,339,4000
keerthi,Fist,30,0.003992699720551196,0.12733800685134036,False,0,338,4000
keerthi,Open palm,1,0.00401530342313652,0.12295461697390911,False,0,339,4000
keerthi,Open palm,2,0.004086537871956575,0.11536394510264555,False,0,344,4000
keerthi,Open palm,3,0.004147388536904533,0.12770251345213213,False,0,337,4100
keerthi,Open palm,4,0.0041635917330824015,0.1118636976962766,False,0,344,4000
keerthi,Open palm,5,0.004124377622451757,0.12408333777311233,False,0,340,4000
keerthi,Open palm,6,0.004141969176123119,0.1254940104350788,False,0,338,4000
keerthi,Open palm,7,0.004101606970451124,0.11480681252225602,False,0,345,4000
keerthi,Open palm,8,0.003914053816767038,0.1295425448278635,False,0,333,4000
keerthi,Open palm,9,0.003965050567913079,0.10870403276503973,False,0,344,4000
keerthi,Open palm,10,0.0038836448470769393,0.119110842571345,False,0,330,4000
keerthi,Open palm,11,0.004092389309789914,0.11509530531130611,False,0,346,4000
keerthi,Open palm,12,0.004101432544241667,0.13245083528964025,False,0,339,4000
keerthi,Open palm,13,0.004104704295897638,0.1294602920833732,False,0,334,4000
keerthi,Open palm,14,0.004127596840969376,0.11866682180321436,False,0,338,4000
keerthi,Open palm,15,0.004134920822375894,0.11943367179011,False,0,344,4000
keerthi,Open palm,16,0.004119806858338548,0.13045909289428273,False,0,341,4000
keerthi,Open palm,17,0.0041743522016454175,0.13465970557168036,False,0,335,4000
keerthi,Open palm,18,0.004124765192678862,0.12340425869762077,False,0,336,4100
keerthi,Open palm,19,0.004102249092067753,0.11952490044736339,False,0,338,4000
keerthi,Open palm,20,0.004175036157573966,0.11988123274873869,False,0,338,4000
keerthi,Open palm,21,0.004286069223263507,0.12138868937913772,False,0,338,4000
keerthi,Open palm,22,0.004182516768020536,0.12723553303202118,False,0,336,4000
keerthi,Open palm,23,0.004150467810499509,0.12531735267373897,False,0,331,4000
keerthi,Open palm,24,0.004195022455287974,0.13497915334158705,False,0,339,4000
keerthi,Open palm,25,0.00421436724152794,0.12169424497862177,False,0,345,4000
keerthi,Open palm,26,0.004268794535913559,0.1361127149329811,False,0,338,4000
keerthi,Open palm,27,0.004261327385730727,0.12186145703190109,False,0,345,4000
keerthi,Open palm,28,0.004263690320242953,0.12207232972971294,False,0,4000,4000
keerthi,Open palm,29,0.004073991508625327,0.13101446228821356,False,0,4000,4000
keerthi,Open palm,30,0.004252452960996514,0.12892966987026822,False,0,4000,4000
keerthi,Pinch,1,0.004197805230812141,0.12850580745835236,False,0,336,4000
keerthi,Pinch,2,0.0042985093396033375,0.13317594821838533,False,0,341,4000
keerthi,Pinch,3,0.004353172509943596,0.12223066709634633,False,0,345,4100
keerthi,Pinch,4,0.004512834034166333,0.12740498097657166,False,0,337,4000
keerthi,Pinch,5,0.004424196610159887,0.1296051555875916,False,0,337,4000
keerthi,Pinch,6,0.004268275093885824,0.12706943676325244,False,0,336,4000
keerthi,Pinch,7,0.0043509190410664375,0.12384094530169028,False,0,364,4000
keerthi,Pinch,8,0.004369005389741967,0.12799331143286527,False,0,346,4000
keerthi,Pinch,9,0.004261630713553558,0.13677178038991633,False,0,341,4000
keerthi,Pinch,10,0.004621902458925597,0.15339749914766335,False,0,338,4000
keerthi,Pinch,11,0.00454440482539092,0.1511448608747717,False,0,338,4000
keerthi,Pinch,12,0.00441936486076466,0.13672631761339718,False,0,335,4000
keerthi,Pinch,13,0.004470301873443538,0.12997654624534938,False,0,338,4000
keerthi,Pinch,14,0.0044259053489121005,0.12443527722161585,False,0,346,4000
keerthi,Pinch,15,0.0042340036126338795,0.12766299248237234,False,0,344,4000
keerthi,Pinch,16,0.004413579380588865,0.13652035817987776,False,0,343,4000
keerthi,Pinch,17,0.004299371629712024,0.1375907601389118,False,0,337,4000
keerthi,Pinch,18,0.004429925259861891,0.13722754652793656,False,0,336,4000
keerthi,Pinch,19,0.004502723387909809,0.14421836977500677,False,0,333,4100
keerthi,Pinch,20,0.004524175869576125,0.14177416882545285,False,0,320,4000
keerthi,Pinch,21,0.0043060715069680525,0.12484424925051735,False,0,339,4000
keerthi,Pinch,22,0.004403176249186328,0.12308874995524877,False,0,344,4000
keerthi,Pinch,23,0.0045409415902624975,0.12569210084537788,False,0,345,4000
keerthi,Pinch,24,0.004512542856778319,0.12727329684124628,False,0,344,4000
keerthi,Pinch,25,0.004337171272399843,0.12463485916612514,False,0,343,4000
keerthi,Pinch,26,0.004611227348065136,0.12745654526987388,False,0,341,4000
keerthi,Pinch,27,0.004532810939484048,0.1266487442194618,False,0,343,4000
keerthi,Pinch,28,0.004560483872522951,0.1321346306108005,False,0,345,4000
keerthi,Pinch,29,0.0045274197239780455,0.14069820328880103,False,0,342,4000
keerthi,Pinch,30,0.004552957561607778,0.14600513942717358,False,0,338,4000
keerthi,Wrist down,1,0.004388975852521999,0.13576137800626747,False,0,338,4000
keerthi,Wrist down,2,0.004406732581983494,0.12416566031016857,False,0,344,4000
keerthi,Wrist down,3,0.004524068568075936,0.12628717550349294,False,0,4000,4000
keerthi,Wrist down,4,0.004587464592436636,0.12360738400647847,False,0,4000,4000
keerthi,Wrist down,5,0.004588546948730108,0.12410778418175694,False,0,357,4000
keerthi,Wrist down,6,0.0046131120704124805,0.12145420983031029,False,0,4000,4000
keerthi,Wrist down,7,0.004572857655197282,0.12300841690352778,False,0,4100,4100
keerthi,Wrist down,8,0.004562987040942823,0.1376241929808719,False,0,348,4100
keerthi,Wrist down,9,0.004539744329848794,0.1458515448595023,False,0,344,4000
keerthi,Wrist down,10,0.004526254050734306,0.14676931343826077,False,0,341,4000
keerthi,Wrist down,11,0.004633957175847431,0.1441869723685328,False,0,333,4000
keerthi,Wrist down,12,0.004573290544390252,0.1393394182160625,False,0,340,4000
keerthi,Wrist down,13,0.004323180488313823,0.13364926241371908,False,0,340,4000
keerthi,Wrist down,14,0.004552497425604986,0.13640608408352833,False,0,3212,4000
keerthi,Wrist down,15,0.0043672068425188205,0.14010792481835557,False,0,345,4000
keerthi,Wrist down,16,0.004424178256887948,0.140270710086847,False,0,338,4000
keerthi,Wrist down,17,0.004284118986477837,0.12766949359672244,False,0,340,4000
keerthi,Wrist down,18,0.0042512337050717355,0.12242968178262938,False,0,352,4000
keerthi,Wrist down,19,0.004273016201557547,0.12995303949830259,False,0,341,4000
keerthi,Wrist down,20,0.004212456677964465,0.13414502977773052,False,0,337,4000
keerthi,Wrist down,21,0.004243055539089012,0.12187077861612534,False,0,351,4000
keerthi,Wrist down,22,0.004314064653623241,0.13739362531327848,False,0,340,4000
keerthi,Wrist down,23,0.004496280686740617,0.13051232659523648,False,0,345,4000
keerthi,Wrist down,24,0.004323164784550837,0.1239747647887601,False,0,4000,4000
keerthi,Wrist down,25,0.0042387247104033994,0.137739694662275,False,0,340,3900
keerthi,Wrist down,26,0.004232183557121611,0.12194854635157439,False,0,343,4000
keerthi,Wrist down,27,0.004139522661990244,0.13657700711246712,False,0,340,4000
keerthi,Wrist down,28,0.00459628786010977,0.12174923216560135,False,0,345,4000
keerthi,Wrist down,29,0.004588064570013168,0.14159729371797133,False,0,339,4000
keerthi,Wrist down,30,0.004571085519449498,0.14572269328214163,False,0,333,4000
keerthi,Wrist up,1,0.004395879621719896,0.1277174236520517,False,0,337,4100
keerthi,Wrist up,2,0.00433616603598795,0.12352256860014828,False,0,351,4000
keerthi,Wrist up,3,0.0044812522090937265,0.12338068802645676,False,0,4000,4000
keerthi,Wrist up,4,0.004371621441819724,0.12453676060290839,False,0,4000,4000
keerthi,Wrist up,5,0.004533562271086605,0.13069225823199693,False,0,4000,4000
keerthi,Wrist up,6,0.004423544552570133,0.12590158745925095,False,0,4000,4000
keerthi,Wrist up,7,0.004426640685705118,0.13370053532752066,False,0,3897,3900
keerthi,Wrist up,8,0.004275207213182831,0.12890298666118002,False,0,4000,4000
keerthi,Wrist up,9,0.004242980177234388,0.12738325782845872,False,0,354,4000
keerthi,Wrist up,10,0.004166341939951944,0.12585724511582114,False,0,3999,4000
keerthi,Wrist up,11,0.0041603566924018065,0.13544626197853404,False,0,343,4000
keerthi,Wrist up,12,0.004147093993633284,0.13026104874415897,False,0,339,4000
keerthi,Wrist up,13,0.004002165136844995,0.11316462476957428,False,0,343,4000
keerthi,Wrist up,14,0.004116024909650392,0.11210229689684241,False,0,4000,4000
keerthi,Wrist up,15,0.00440673461214094,0.13648483359855343,False,0,344,4000
keerthi,Wrist up,16,0.004353902598458461,0.13750139036711212,False,0,339,4000
keerthi,Wrist up,17,0.004381075833070304,0.13397333862608635,False,0,340,4000
keerthi,Wrist up,18,0.004466790422702424,0.12224815655646631,False,0,3998,4000
keerthi,Wrist up,19,0.004266749574219853,0.1301739711930952,False,0,4000,4000
keerthi,Wrist up,20,0.004403105050044042,0.13394001504208303,False,0,4100,4100
keerthi,Wrist up,21,0.004461144549968374,0.13779948744986578,False,0,351,4100
keerthi,Wrist up,22,0.004287191054957399,0.13859861045168428,False,0,343,4000
keerthi,Wrist up,23,0.004353715016316958,0.13619993276791603,False,0,337,4000
keerthi,Wrist up,24,0.004373473475788341,0.12352882195263504,False,0,351,4000
keerthi,Wrist up,25,0.004378358949292426,0.14287840335013552,False,0,340,4000
keerthi,Wrist up,26,0.00431237105429497,0.12445090180072577,False,0,339,4000
keerthi,Wrist up,27,0.00444095135818852,0.13197396524788466,False,0,352,4000
keerthi,Wrist up,28,0.004366110455005122,0.14163791150566993,False,0,342,4000
keerthi,Wrist up,29,0.004500289748425792,0.14368379541032936,False,0,337,4000
keerthi,Wrist up,30,0.0044768994443036845,0.1310664634077557,False,0,338,4000
lakshmi_maam,Fist,1,0.01319240177507794,0.06530617736032605,False,0,3954,4000
lakshmi_maam,Fist,2,0.01473150836354033,0.08853962519944394,False,0,4000,4000
lakshmi_maam,Fist,3,0.023192047315391155,0.07510331109033062,False,441,4000,4000
lakshmi_maam,Fist,4,0.014121646972780955,0.07362851011658814,False,0,4000,4000
lakshmi_maam,Fist,5,0.011442843034625094,0.07881069785688997,False,0,3944,4000
lakshmi_maam,Fist,6,0.015217072129217914,0.09909907959368473,False,680,4000,4000
lakshmi_maam,Fist,7,0.01684211959480918,0.08018933292772454,False,0,4100,4100
lakshmi_maam,Fist,8,0.01816428638667541,0.06566015959082434,False,295,4000,4000
lakshmi_maam,Fist,9,0.014897198555792902,0.10581385275056493,False,396,3949,4000
lakshmi_maam,Fist,10,0.021737407197542993,0.09134304628133579,False,200,3965,4000
lakshmi_maam,Fist,11,0.0214141430325379,0.06961773895070833,False,0,4100,4100
lakshmi_maam,Fist,12,0.025551613178787017,0.17975397987168762,False,224,2814,4000
lakshmi_maam,Fist,13,0.028066261339804707,0.1931187968766566,False,500,3926,4000
lakshmi_maam,Fist,14,0.023830113891680958,0.09621152229942698,False,283,3664,4000
lakshmi_maam,Fist,15,0.0311717473261494,0.1603311483731678,False,391,3758,4000
lakshmi_maam,Fist,16,0.025051250006536074,0.6451353497206531,False,289,1255,4000
lakshmi_maam,Fist,17,0.02234895347257051,0.32359043689507166,False,218,2149,4000
lakshmi_maam,Fist,18,0.03340975465837425,0.425951766048869,False,277,761,4000
lakshmi_maam,Fist,19,0.02612371918140425,0.48154554450652354,False,336,981,4000
lakshmi_maam,Fist,20,0.023891859652051987,0.3688088163229832,False,283,1036,4000
lakshmi_maam,Fist,21,0.01924951131849495,0.20492435440792992,False,270,2709,4000
lakshmi_maam,Fist,22,0.025432298994305817,0.2127674528293177,False,657,4000,4000
lakshmi_maam,Fist,23,0.017431973511083255,0.4571614882211199,False,308,1172,4000
lakshmi_maam,Fist,24,0.021801953722640807,0.4867222022278331,False,348,902,4000
lakshmi_maam,Fist,25,0.01817954091498484,0.4608500110113847,False,346,1654,4000
lakshmi_maam,Fist,26,0.016036808990767818,0.21069074855624825,False,0,553,4000
lakshmi_maam,Fist,27,0.02170890793904535,0.19514169703085474,False,0,4000,4000
lakshmi_maam,Fist,28,0.01777208442693988,0.3619636932146652,False,238,523,4000
lakshmi_maam,Fist,29,0.017515048238992994,0.27711729630922594,False,140,536,4000
lakshmi_maam,Fist,30,0.016907020180806077,0.17824326135522905,False,0,1094,4000
lakshmi_maam,Open palm,1,0.018156846801787738,0.25484241966529025,False,594,3977,4000
lakshmi_maam,Open palm,2,0.03257179228388244,0.37500300926538116,False,310,3711,4000
lakshmi_maam,Open palm,3,0.027032004896144785,0.3344532673494549,False,287,4000,4000
lakshmi_maam,Open palm,4,0.03261680460159708,0.5694104696525242,False,532,4000,4000
lakshmi_maam,Open palm,5,0.02443587683604517,0.35968174481265114,False,465,3945,4000
lakshmi_maam,Open palm,6,0.04024541741487606,0.44963272707870194,False,236,3614,4000
lakshmi_maam,Open palm,7,0.021662089166698238,0.18455858916421392,False,77,3176,4000
lakshmi_maam,Open palm,8,0.027004913530750522,0.4286548630942205,False,497,1634,4000
lakshmi_maam,Open palm,9,0.03072683596325191,0.17636465649831343,False,373,4000,4000
lakshmi_maam,Open palm,10,0.024361678003983145,0.38780554519513627,False,291,3802,4000
lakshmi_maam,Open palm,11,0.022190373530236854,0.17093389434558026,False,263,4000,4000
lakshmi_maam,Open palm,12,0.017339554246364106,0.2581605533078478,False,485,3112,4100
lakshmi_maam,Open palm,13,0.025127524916713277,0.25892566550043555,False,380,3986,4000
lakshmi_maam,Open palm,14,0.016817272460127475,0.26713758756787825,False,596,3130,4000
lakshmi_maam,Open palm,15,0.02076539233033658,0.23453112772827034,False,391,4000,4000
lakshmi_maam,Open palm,16,0.06120421941729122,0.41217401847318186,False,279,3961,4000
lakshmi_maam,Open palm,17,0.027193316975915503,0.4723249453039083,False,342,4000,4000
lakshmi_maam,Open palm,18,0.02023393650591009,0.2690323911958329,False,379,4000,4000
lakshmi_maam,Open palm,19,0.029719308592467585,0.36676169914340717,False,187,2753,3900
lakshmi_maam,Open palm,20,0.014424305837449337,0.31830157671956166,False,278,1689,4000
lakshmi_maam,Open palm,21,0.01113859949697828,0.30150149698285666,False,413,777,4000
lakshmi_maam,Open palm,22,0.012225615278358642,0.2768395433937576,False,250,669,4000
lakshmi_maam,Open palm,23,0.0131574509080767,0.1478316238549963,False,297,1465,4000
lakshmi_maam,Open palm,24,0.0175916759583413,0.24548380479962933,False,384,3650,4000
lakshmi_maam,Open palm,25,0.01202532686929792,0.2327720553480893,False,710,4100,4100
lakshmi_maam,Open palm,26,0.011933986444368216,0.23649345466230767,False,553,3908,4000
lakshmi_maam,Open palm,27,0.015899803561294244,0.1374894830886666,False,291,4000,4000
lakshmi_maam,Open palm,28,0.008506072713644654,0.1824790039179858,False,498,1008,4000
lakshmi_maam,Open palm,29,0.015966982432058182,0.2607741315845885,False,522,3817,4000
lakshmi_maam,Open palm,30,0.02491084062405101,0.4799318572863564,False,633,1138,4000
lakshmi_maam,Pinch,1,0.012369070160769647,0.1762088937303833,False,0,1456,4100
lakshmi_maam,Pinch,2,0.014818908452170486,0.15463021345972983,False,0,1032,4100
lakshmi_maam,Pinch,3,0.014545992040156323,0.20237256528843559,False,2005,4000,4000
lakshmi_maam,Pinch,4,0.006103307225239119,0.06160858985462916,False,0,4000,4000
lakshmi_maam,Pinch,5,0.00834325015752035,0.05066063893033276,False,0,2775,4000
lakshmi_maam,Pinch,6,0.006441421632132346,0.058157173363662204,False,0,3242,4000
lakshmi_maam,Pinch,7,0.0072519499507053145,0.05162230688443778,False,0,4000,4000
lakshmi_maam,Pinch,8,0.006566214612506671,0.05637241071093684,False,0,1305,4000
lakshmi_maam,Pinch,9,0.005913866273538917,0.053862580565911575,False,0,1502,4000
lakshmi_maam,Pinch,10,0.006389640292115695,0.05037088953898465,False,0,742,4000
lakshmi_maam,Pinch,11,0.006158118039414439,0.058392802661659894,False,0,1163,4100
lakshmi_maam,Pinch,12,0.005428190025017139,0.05527110281927364,False,0,4000,4000
lakshmi_maam,Pinch,13,0.00813794722679981,0.06597485263795182,False,0,3495,4000
lakshmi_maam,Pinch,14,0.0036738346542982262,0.05081965016434713,False,0,4000,4000
lakshmi_maam,Pinch,15,0.006465619408837133,0.0404985172502949,False,0,3060,4000
lakshmi_maam,Pinch,16,0.00665777301268123,0.044549307544989834,False,0,2860,4000
lakshmi_maam,Pinch,17,0.005264500130445726,0.03888468724636605,False,0,4000,4000
lakshmi_maam,Pinch,18,0.006257655441150269,0.042823281094125136,False,0,3998,4100
lakshmi_maam,Pinch,19,0.005094977145718942,0.03644591926941579,False,0,2827,4000
lakshmi_maam,Pinch,20,0.0053276991091246095,0.04133401397838897,False,0,4000,4000
lakshmi_maam,Pinch,21,0.005092065932219528,0.03632991505846064,False,0,1380,4000
lakshmi_maam,Pinch,22,0.0051731150425845095,0.03796183089104168,False,0,3796,4000
lakshmi_maam,Pinch,23,0.005295509640059168,0.041096684255822725,False,0,1697,4000
lakshmi_maam,Pinch,24,0.004427302105192869,0.03419705860227127,False,0,3047,4000
lakshmi_maam,Pinch,25,0.005299773329347166,0.03751701601875425,False,0,822,4000
lakshmi_maam,Pinch,26,0.0036294162929043005,0.03850487161319789,False,0,4000,4000
lakshmi_maam,Pinch,27,0.005114676298398688,0.03084953375495263,False,0,4000,4000
lakshmi_maam,Pinch,28,0.005943100058019559,0.035958528853355896,False,0,2931,4000
lakshmi_maam,Pinch,29,0.0051541599655981285,0.03535185786425885,False,0,3547,4100
lakshmi_maam,Pinch,30,0.004125055609368826,0.032033853994195914,False,0,3951,4000
lakshmi_maam,Wrist down,1,0.017893062072727034,0.2785074503767481,False,121,2106,4000
lakshmi_maam,Wrist down,2,0.02356706749207863,0.13762921749060508,False,307,4000,4000
lakshmi_maam,Wrist down,3,0.026638240761118502,0.19025374378403498,False,401,3922,4000
lakshmi_maam,Wrist down,4,0.01938317818539619,0.1829239572535128,False,128,4000,4000
lakshmi_maam,Wrist down,5,0.025281534381563883,0.23634321928932978,False,205,1863,3900
lakshmi_maam,Wrist down,6,0.017772332056861705,0.21180758376432757,False,333,4000,4000
lakshmi_maam,Wrist down,7,0.019302304122407403,0.18996349864459344,False,294,1665,4000
lakshmi_maam,Wrist down,8,0.015281845107372986,0.18036682024795359,False,662,1826,4000
lakshmi_maam,Wrist down,9,0.017034476920225052,0.28515197197722053,False,526,1942,4000
lakshmi_maam,Wrist down,10,0.018644923428865114,0.34255543012426537,False,593,1416,4000
lakshmi_maam,Wrist down,11,0.016646569051946624,0.5223516897805132,False,798,2603,4000
lakshmi_maam,Wrist down,12,0.01118749673301517,0.20191868782405922,False,184,1216,4000
lakshmi_maam,Wrist down,13,0.01865094670261972,0.2675063946779477,False,593,1018,4000
lakshmi_maam,Wrist down,14,0.008992629728992202,0.2869307990791478,False,1074,4000,4000
lakshmi_maam,Wrist down,15,0.015329652380345435,0.19732027269048502,False,101,1419,4000
lakshmi_maam,Wrist down,16,0.012642574308964014,0.293216945137659,False,585,2312,4000
lakshmi_maam,Wrist down,17,0.019897949590891254,0.2541218497167108,False,605,3854,4000
lakshmi_maam,Wrist down,18,0.012907654595145037,0.14275754080440842,False,129,3279,4000
lakshmi_maam,Wrist down,19,0.013539078036275815,0.1565102049756485,False,443,2766,4000
lakshmi_maam,Wrist down,20,0.017699740553133777,0.1308895605484774,False,0,3920,4000
lakshmi_maam,Wrist down,21,0.015530172802387887,0.1617283879138925,False,557,1516,4000
lakshmi_maam,Wrist down,22,0.026800751389712385,0.27117574750859885,False,505,3900,3900
lakshmi_maam,Wrist down,23,0.016893129580465384,0.10447322192661238,False,0,3341,4000
lakshmi_maam,Wrist down,24,0.01050562577280786,0.4521032310527775,False,969,4000,4000
lakshmi_maam,Wrist down,25,0.010602808717733989,0.16092274608784418,False,0,3691,4000
lakshmi_maam,Wrist down,26,0.017611194486586962,0.26904149306174024,False,687,3804,4000
lakshmi_maam,Wrist down,27,0.018516266889568665,0.2506879229107574,False,644,3919,4100
lakshmi_maam,Wrist down,28,0.015340127992180515,0.17466568789869608,False,4,1925,4000
lakshmi_maam,Wrist down,29,0.012119697096782948,0.3907114722118934,False,933,2951,4000
lakshmi_maam,Wrist down,30,0.014545788803082492,0.24182943553938116,False,550,3435,4000
lakshmi_maam,Wrist up,1,0.010398067797434822,0.31277698047050045,False,1432,3748,4000
lakshmi_maam,Wrist up,2,0.02442351537232308,0.2654874685749111,False,348,3400,4000
lakshmi_maam,Wrist up,3,0.026141101424748982,0.43417657592082926,False,401,3718,4000
lakshmi_maam,Wrist up,4,0.022702535873145347,0.2425038001018552,False,313,3961,4000
lakshmi_maam,Wrist up,5,0.025879210293462532,0.29441844528331357,False,0,1228,4000
lakshmi_maam,Wrist up,6,0.021783957227030727,0.16553992495406505,False,337,2910,4000
lakshmi_maam,Wrist up,7,0.021329442192346573,0.5341313874314114,False,760,1682,4000
lakshmi_maam,Wrist up,8,0.025198924035158284,0.24296531007105124,False,242,3989,4000
lakshmi_maam,Wrist up,9,0.02207705903319576,0.5280639050572671,False,721,980,4000
lakshmi_maam,Wrist up,10,0.02206166254033209,0.3565817444991283,False,558,1723,4000
lakshmi_maam,Wrist up,11,0.023211673255515528,0.192234017655481,False,0,3917,4000
lakshmi_maam,Wrist up,12,0.028279661593558988,0.42328600006589917,False,538,2528,4000
lakshmi_maam,Wrist up,13,0.017067327545759143,0.23808959628196302,False,84,2240,4100
lakshmi_maam,Wrist up,14,0.033974887725769586,0.39188019926848605,False,670,4000,4000
lakshmi_maam,Wrist up,15,0.03002676101730282,0.24519410956001692,False,396,4000,4000
lakshmi_maam,Wrist up,16,0.024224288769071185,0.18452149148577746,False,373,3124,4000
lakshmi_maam,Wrist up,17,0.03194109670802476,0.27008274735690835,False,525,4003,4100
lakshmi_maam,Wrist up,18,0.02203965011321075,0.2511560387776635,False,504,4000,4000
lakshmi_maam,Wrist up,19,0.0172841558334464,0.20404104115930444,False,233,2058,4000
lakshmi_maam,Wrist up,20,0.021757633709884178,0.21809237135151738,False,296,1818,4000
lakshmi_maam,Wrist up,21,0.01612755465883877,0.19870580068637433,False,316,2881,4000
lakshmi_maam,Wrist up,22,0.01350474000505374,0.26007895458214225,False,435,4000,4000
lakshmi_maam,Wrist up,23,0.020023102086847565,0.40384518602281383,False,332,1553,4000
lakshmi_maam,Wrist up,24,0.01246887965402391,0.30896790984914424,False,452,1436,4000
lakshmi_maam,Wrist up,25,0.022768428955583807,0.28986008662736373,False,347,1392,4100
lakshmi_maam,Wrist up,26,0.019274140384618305,0.08319718001161194,False,0,3853,4000
lakshmi_maam,Wrist up,27,0.011654695196690068,0.207670181170494,False,603,1764,4000
lakshmi_maam,Wrist up,28,0.01822525334220006,0.20938850356774552,False,327,1606,4000
lakshmi_maam,Wrist up,29,0.02520563190275431,0.20364740191822278,False,44,3964,4000
lakshmi_maam,Wrist up,30,0.03739827160209401,0.16898790201077488,False,157,2843,4000
priyanka_maam,Fist,1,0.004020504099805024,0.10183619379636216,False,0,341,4000
priyanka_maam,Fist,2,0.004692195440541269,0.10411310087236075,False,0,1161,4000
priyanka_maam,Fist,3,0.005183127911854526,0.11157804042519866,False,0,324,4000
priyanka_maam,Fist,4,0.004709854220190724,0.10002358837399486,False,0,846,4000
priyanka_maam,Fist,5,0.006056059369760668,0.11631100405094945,False,0,1045,4000
priyanka_maam,Fist,6,0.004857356727988081,0.10358857255250944,False,0,701,4000
priyanka_maam,Fist,7,0.005399229258655925,0.11983244782923379,False,0,330,4000
priyanka_maam,Fist,8,0.004749521461500336,0.10481844011973651,False,0,348,4100
priyanka_maam,Fist,9,0.005314693808580204,0.11836385020213099,False,0,349,4000
priyanka_maam,Fist,10,0.004803698526514549,0.11365608326560211,False,0,348,4000
priyanka_maam,Fist,11,0.004748131419415579,0.10931757749889486,False,0,334,4000
priyanka_maam,Fist,12,0.004613531970293148,0.11933282332895112,False,0,355,4000
priyanka_maam,Fist,13,0.005190065291650686,0.1064364163958769,False,0,895,4000
priyanka_maam,Fist,14,0.004042768434111773,0.1144950128263306,False,0,332,4000
priyanka_maam,Fist,15,0.004510609364283746,0.11215458916613082,False,0,336,4000
priyanka_maam,Fist,16,0.005071575250745482,0.10374736997715514,False,0,894,4000
priyanka_maam,Fist,17,0.004351026747181285,0.11650213402474881,False,0,877,4000
priyanka_maam,Fist,18,0.004480537927410029,0.11823202643296893,False,0,620,4000
priyanka_maam,Fist,19,0.00444904546339457,0.12254836174115707,False,0,337,3900
priyanka_maam,Fist,20,0.0048137682300333365,0.1300139709509785,False,0,317,4100
priyanka_maam,Fist,21,0.0050635420492992946,0.11628963110331968,False,0,2881,4000
priyanka_maam,Fist,22,0.004388532508356819,0.11738697267225878,False,0,331,4000
priyanka_maam,Fist,23,0.004622975911732085,0.11607325372712354,False,0,609,4000
priyanka_maam,Fist,24,0.0044889236674782295,0.12088673484081214,False,0,367,4000
priyanka_maam,Fist,25,0.004733814411993253,0.12282108015786339,False,0,622,4000
priyanka_maam,Fist,26,0.005692365863137201,0.11459355142933003,False,0,334,4000
priyanka_maam,Fist,27,0.004285398930243047,0.1196962444318199,False,0,348,4000
priyanka_maam,Fist,28,0.004561076690965167,0.11323321353160835,False,0,2853,4000
priyanka_maam,Fist,29,0.0044709296113686,0.1263259002825318,False,0,359,4000
priyanka_maam,Fist,30,0.004459213770918175,0.11488427774240384,False,0,333,4000
priyanka_maam,Open palm,1,0.0048173495319821956,0.1145673658728918,False,0,349,4000
priyanka_maam,Open palm,2,0.004795424467630657,0.1234992511963111,False,0,408,4000
priyanka_maam,Open palm,3,0.004568813261593299,0.11828508806855519,False,0,344,4000
priyanka_maam,Open palm,4,0.005008079785606207,0.13565565922822398,False,0,418,4000
priyanka_maam,Open palm,5,0.005184685592862079,0.12370583683903208,False,0,358,4100
priyanka_maam,Open palm,6,0.0048597188296633865,0.1362854246580219,False,0,338,4000
priyanka_maam,Open palm,7,0.0050260525433311175,0.12547545169615307,False,0,340,4000
priyanka_maam,Open palm,8,0.00466197399995933,0.13220626536094549,False,0,313,4000
priyanka_maam,Open palm,9,0.004891294611964953,0.12583884498037148,False,0,363,4000
priyanka_maam,Open palm,10,0.004648295493930663,0.1315748392033399,False,0,329,4000
priyanka_maam,Open palm,11,0.004961529683768516,0.1220711191016917,False,0,346,4000
priyanka_maam,Open palm,12,0.004954296750571711,0.13854631083772284,False,0,340,4000
priyanka_maam,Open palm,13,0.005388490409501741,0.1183038452380086,False,0,344,4000
priyanka_maam,Open palm,14,0.005005479806484739,0.14187010603150127,False,0,339,4000
priyanka_maam,Open palm,15,0.005242811372088826,0.1280459346180646,False,0,339,4000
priyanka_maam,Open palm,16,0.004863977717567837,0.12678218375832584,False,0,333,4000
priyanka_maam,Open palm,17,0.004399700417410524,0.1395766219121111,False,0,331,4000
priyanka_maam,Open palm,18,0.0052119381695079296,0.12426000142824822,False,0,355,4000
priyanka_maam,Open palm,19,0.004954338620976095,0.140984739773644,False,0,343,4100
priyanka_maam,Open palm,20,0.005254641608976073,0.14260324520307685,False,0,336,4100
priyanka_maam,Open palm,21,0.005182528124818255,0.12905801578812257,False,0,3999,4000
priyanka_maam,Open palm,22,0.005337001687715703,0.15557005981228442,False,0,376,4000
priyanka_maam,Open palm,23,0.0054648741038837104,0.13762641774618375,False,0,335,4000
priyanka_maam,Open palm,24,0.00488755533204771,0.13704422689573806,False,0,362,4000
priyanka_maam,Open palm,25,0.005164101680072528,0.148307991445621,False,0,347,4000
priyanka_maam,Open palm,26,0.005208557892334708,0.1321775617264098,False,0,342,4000
priyanka_maam,Open palm,27,0.005010248030830804,0.15314411725235716,False,0,350,4000
priyanka_maam,Open palm,28,0.004997938962847844,0.13492854762042156,False,0,348,4000
priyanka_maam,Open palm,29,0.005231031630587759,0.14118341796815764,False,0,351,4000
priyanka_maam,Open palm,30,0.005118293493715997,0.15009646527440884,False,0,338,3900
priyanka_maam,Pinch,1,0.005913061796730619,0.1730222386024368,False,0,344,4000
priyanka_maam,Pinch,2,0.006578005482313185,0.1617974415293818,False,0,344,4000
priyanka_maam,Pinch,3,0.006199904619294685,0.15860631915260567,False,0,337,4000
priyanka_maam,Pinch,4,0.006009141837191285,0.1711457522812076,False,0,336,4000
priyanka_maam,Pinch,5,0.005923801212778985,0.18167282684928543,False,0,327,4000
priyanka_maam,Pinch,6,0.005595986313673251,0.18358630696457048,False,0,333,4000
priyanka_maam,Pinch,7,0.005887446461653512,0.18361138607606972,False,0,341,4000
priyanka_maam,Pinch,8,0.005732311046789729,0.16481161548658588,False,0,340,4000
priyanka_maam,Pinch,9,0.005812597525829759,0.16565745003863833,False,0,337,4000
priyanka_maam,Pinch,10,0.006005611480841904,0.18335765464376189,False,0,336,4000
priyanka_maam,Pinch,11,0.005915831500686201,0.190750740399615,False,0,331,4000
priyanka_maam,Pinch,12,0.005986520180326873,0.18963290713364817,False,0,333,4000
priyanka_maam,Pinch,13,0.005772679331855086,0.18901055542801415,False,0,338,4000
priyanka_maam,Pinch,14,0.006455266520114034,0.18776088123472995,False,0,338,4000
priyanka_maam,Pinch,15,0.006657310502303632,0.18244277528174188,False,0,333,4000
priyanka_maam,Pinch,16,0.0068136440868645206,0.1799196280462086,False,0,342,4000
priyanka_maam,Pinch,17,0.006117376325274035,0.18564194436495002,False,0,343,4100
priyanka_maam,Pinch,18,0.006374843685093813,0.18779685154779685,False,0,324,4000
priyanka_maam,Pinch,19,0.00603693847853387,0.18638465626778872,False,0,336,4000
priyanka_maam,Pinch,20,0.005911601357896723,0.19051179578653618,False,0,339,4000
priyanka_maam,Pinch,21,0.005845794036018874,0.18982057918706693,False,0,340,4000
priyanka_maam,Pinch,22,0.006163885557804267,0.1710350971626289,False,0,343,4000
priyanka_maam,Pinch,23,0.005950422523614316,0.1668606758248345,False,0,342,4000
priyanka_maam,Pinch,24,0.005838807454529999,0.1903339483381851,False,0,330,4000
priyanka_maam,Pinch,25,0.005975360221309478,0.17579060908888444,False,0,344,4000
priyanka_maam,Pinch,26,0.00603352144456373,0.1802082586478672,False,0,335,4000
priyanka_maam,Pinch,27,0.006000507756846849,0.1846370979356053,False,0,340,4000
priyanka_maam,Pinch,28,0.006125983352657941,0.172116331031685,False,0,337,4100
priyanka_maam,Pinch,29,0.00574518534558345,0.18847572316792874,False,0,338,4000
priyanka_maam,Pinch,30,0.005835752398422402,0.1777940148450471,False,0,345,4000
priyanka_maam,Wrist down,1,0.009853416937331294,0.10699191440980935,False,0,4000,4000
priyanka_maam,Wrist down,2,0.009421881267796365,0.17918904476151717,False,0,349,4000
priyanka_maam,Wrist down,3,0.01081460111468614,0.18992227076122933,False,0,330,4000
priyanka_maam,Wrist down,4,0.008021721159438866,0.1855436263371387,False,0,339,4000
priyanka_maam,Wrist down,5,0.008061922123092525,0.18032232750595217,False,0,338,4000
priyanka_maam,Wrist down,6,0.007245100490793169,0.1854144935839181,False,0,353,4000
priyanka_maam,Wrist down,7,0.006040630637802183,0.18502850976424998,False,0,329,4000
priyanka_maam,Wrist down,8,0.0076973447460752294,0.18121424127480773,False,0,337,4000
priyanka_maam,Wrist down,9,0.007274442990174962,0.17810183277359568,False,0,345,4000
priyanka_maam,Wrist down,10,0.007204820151099365,0.1744931721977202,False,0,344,4000
priyanka_maam,Wrist down,11,0.007212335490318781,0.17831764638491449,False,0,338,3900
priyanka_maam,Wrist down,12,0.006391898960594689,0.18040190899819009,False,0,349,4000
priyanka_maam,Wrist down,13,0.006413968590529995,0.1886791708095996,False,0,336,4000
priyanka_maam,Wrist down,14,0.007363700776201664,0.17870924919170247,False,0,336,4000
priyanka_maam,Wrist down,15,0.007488924911544953,0.1669292057453435,False,0,4000,4000
priyanka_maam,Wrist down,16,0.007171377227729912,0.17121826391922387,False,0,4000,4000
priyanka_maam,Wrist down,17,0.0064183939152627515,0.18591165241701094,False,0,361,4000
priyanka_maam,Wrist down,18,0.006421445805717329,0.16921747830900377,False,0,344,3900
priyanka_maam,Wrist down,19,0.006853051227597677,0.19580563232205758,False,0,327,4000
priyanka_maam,Wrist down,20,0.0063917376135598945,0.1782030143541642,False,0,346,4000
priyanka_maam,Wrist down,21,0.006399607635588969,0.17471739390752603,False,0,346,4000
priyanka_maam,Wrist down,22,0.006005609584378675,0.19190430831931532,False,0,358,4000
priyanka_maam,Wrist down,23,0.00593172260276029,0.17942828379922449,False,0,354,4000
priyanka_maam,Wrist down,24,0.007161069350021376,0.20412218298007656,False,0,332,4000
priyanka_maam,Wrist down,25,0.006648208835984402,0.19958205957433253,False,0,333,4000
priyanka_maam,Wrist down,26,0.0067177900363582736,0.18388517141200328,False,0,350,4000
priyanka_maam,Wrist down,27,0.0065744229475521365,0.17730884845255115,False,0,347,4000
priyanka_maam,Wrist down,28,0.006545599312881386,0.18458573148071622,False,0,340,4000
priyanka_maam,Wrist down,29,0.008362906587612977,0.2057474942946147,False,0,338,4100
priyanka_maam,Wrist down,30,0.006040257932805726,0.20103838323102174,False,0,339,4100
priyanka_maam,Wrist up,1,0.00726777358366546,0.14670178297593733,False,0,344,4000
priyanka_maam,Wrist up,2,0.006729987095316936,0.13055219116311295,False,0,357,4000
priyanka_maam,Wrist up,3,0.0063261936919058945,0.11894520173300084,False,0,356,4000
priyanka_maam,Wrist up,4,0.006387881412657373,0.12027787709875618,False,0,3053,4000
priyanka_maam,Wrist up,5,0.007688287310809482,0.12381006363240077,False,0,814,4100
priyanka_maam,Wrist up,6,0.007136550191423451,0.12440171329341512,False,0,2940,4000
priyanka_maam,Wrist up,7,0.007395844612451388,0.12281239564368482,False,0,346,4000
priyanka_maam,Wrist up,8,0.007471751720179874,0.13093945169143942,False,0,1118,4000
priyanka_maam,Wrist up,9,0.007294097636960912,0.13852767544436553,False,0,1151,4000
priyanka_maam,Wrist up,10,0.006791527615690218,0.13086023730733037,False,0,328,4000
priyanka_maam,Wrist up,11,0.00707686258387735,0.1425406729686085,False,0,405,4000
priyanka_maam,Wrist up,12,0.007795630664855522,0.12681326136778787,False,0,953,4000
priyanka_maam,Wrist up,13,0.005742241886905006,0.11883601914385582,False,0,764,4000
priyanka_maam,Wrist up,14,0.006684343836833109,0.12987985215048511,False,0,941,4000
priyanka_maam,Wrist up,15,0.007732652102071589,0.10271774478252196,False,0,3420,4000
priyanka_maam,Wrist up,16,0.007819526611103755,0.1392627192693525,False,0,1266,4000
priyanka_maam,Wrist up,17,0.00980972483259704,0.09002760450362651,False,0,4100,4100
priyanka_maam,Wrist up,18,0.007049489345103992,0.10960553487228523,False,0,731,4000
priyanka_maam,Wrist up,19,0.009230164006784274,0.11924148457516548,False,0,1098,4000
priyanka_maam,Wrist up,20,0.00768846482816905,0.1066390368782007,False,0,332,4000
priyanka_maam,Wrist up,21,0.007950058963303452,0.12420096371607749,False,0,2166,4000
priyanka_maam,Wrist up,22,0.007779365612637765,0.10647331452945172,False,0,4000,4000
priyanka_maam,Wrist up,23,0.007273590931800232,0.1247858048549171,False,0,2062,4000
priyanka_maam,Wrist up,24,0.007252281193191205,0.1231799386856546,False,0,349,4000
priyanka_maam,Wrist up,25,0.008310234871394876,0.10356496384551195,False,0,4000,4000
priyanka_maam,Wrist up,26,0.00671170613889698,0.12364286511645847,False,0,772,4000
priyanka_maam,Wrist up,27,0.008304544526934672,0.11685035242441494,False,0,335,4000
priyanka_maam,Wrist up,28,0.008349239000055853,0.13073782199320846,False,0,332,4000
priyanka_maam,Wrist up,29,0.00879239295261814,0.1318644720344186,False,0,710,4000
priyanka_maam,Wrist up,30,0.008808453899670988,0.13896288642509547,False,0,360,4000
samiksha,Fist,1,0.012082886001605968,0.20340528351585113,False,0,4000,4000
samiksha,Fist,2,0.011319306113288964,0.23904716807320392,False,0,4000,4000
samiksha,Fist,3,0.01214711518514049,0.22890672144609842,False,0,4000,4000
samiksha,Fist,4,0.014722445724043949,0.23292499234886996,False,0,4000,4000
samiksha,Fist,5,0.013711976718143478,0.224790736037684,False,0,4000,4000
samiksha,Fist,6,0.012790578892938593,0.2552476011232138,False,0,4000,4000
samiksha,Fist,7,0.011563749007289341,0.2641318726186347,False,0,4000,4000
samiksha,Fist,8,0.011980770270563117,0.25776077232794525,False,0,4000,4000
samiksha,Fist,9,0.012800043805610156,0.2550310060681872,False,0,4000,4000
samiksha,Fist,10,0.008293547022196063,0.2621430133737604,False,0,4000,4000
samiksha,Fist,11,0.015240271430711433,0.2965773013139756,False,0,357,4000
samiksha,Fist,12,0.013508893311562166,0.2965052872100245,False,0,361,4000
samiksha,Fist,13,0.008849825107186944,0.18402840534727616,False,0,373,4000
samiksha,Fist,14,0.010019938286765942,0.18251904148646322,False,0,362,4000
samiksha,Fist,15,0.00963672324864647,0.17611838117231401,False,0,4000,4000
samiksha,Fist,16,0.009037694134635727,0.1752150131160061,False,0,4100,4100
samiksha,Fist,17,0.008710464860138887,0.17764682342822044,False,0,4000,4000
samiksha,Fist,18,0.008939462297988364,0.17504490574000114,False,0,4000,4000
samiksha,Fist,19,0.010055972721815186,0.17715892139373896,False,0,4000,4000
samiksha,Fist,20,0.009419767886954124,0.18017468555063837,False,0,4000,4000
samiksha,Fist,21,0.01007604744561688,0.14960072103353933,False,0,4000,4000
samiksha,Fist,22,0.006092867068908943,0.1530728641395225,False,0,4000,4000
samiksha,Fist,23,0.012021221410143274,0.20411304735267052,False,0,3900,3900
samiksha,Fist,24,0.013060186778264522,0.21428102752436576,False,0,349,4100
samiksha,Fist,25,0.013458011205623446,0.1861722455036041,False,0,4000,4000
samiksha,Fist,26,0.012362736441768449,0.21355747202855857,False,0,4000,4000
samiksha,Fist,27,0.011425255725966706,0.19935349073032743,False,0,342,4000
samiksha,Fist,28,0.010493316498803642,0.19729050015269498,False,0,4000,4000
samiksha,Fist,29,0.011228808288370291,0.1912578438403384,False,0,4000,4000
samiksha,Fist,30,0.011519898145565168,0.19973437172496297,False,0,4000,4000
samiksha,Open palm,1,0.011907573091979352,0.20976119301829554,False,0,3900,3900
samiksha,Open palm,2,0.011558577506286168,0.21756163404367546,False,0,4000,4000
samiksha,Open palm,3,0.012242758528899667,0.22459536134573643,False,0,357,4000
samiksha,Open palm,4,0.009552733427637482,0.21218097428813917,False,0,3996,4000
samiksha,Open palm,5,0.011059776892186029,0.19234995296039872,False,0,4000,4000
samiksha,Open palm,6,0.014067554872211466,0.22068570886750813,False,0,4000,4000
samiksha,Open palm,7,0.013411844136613307,0.22161807139559841,False,0,4100,4100
samiksha,Open palm,8,0.013047109525950513,0.20316887850598417,False,0,4000,4000
samiksha,Open palm,9,0.01356925791921884,0.22894202480571785,False,0,4000,4000
samiksha,Open palm,10,0.014853885597698926,0.2182029381932188,False,0,4000,4000
samiksha,Open palm,11,0.015984803377925384,0.22322494357810108,False,0,4000,4000
samiksha,Open palm,12,0.014768719557271664,0.22663799961744466,False,0,4000,4000
samiksha,Open palm,13,0.0159146839462268,0.20836156507900566,False,0,4000,4000
samiksha,Open palm,14,0.014083354505010734,0.23501363434667158,False,0,4000,4000
samiksha,Open palm,15,0.0071605797172557065,0.1677288691776672,False,0,4100,4100
samiksha,Open palm,16,0.01614615326667814,0.23013396983041784,False,0,4000,4000
samiksha,Open palm,17,0.017098893991340628,0.22680961206631142,False,0,4000,4000
samiksha,Open palm,18,0.014880672458093063,0.22604745125093828,False,0,4000,4000
samiksha,Open palm,19,0.013944981360806913,0.21488747860068164,False,0,4000,4000
samiksha,Open palm,20,0.014045496620335815,0.24071122796578215,False,0,358,4000
samiksha,Open palm,21,0.017054920493980587,0.22549353466890035,False,0,4000,4000
samiksha,Open palm,22,0.022083740267003358,0.24634110559238187,False,0,4000,4000
samiksha,Open palm,23,0.021366059756259687,0.25141437031159547,False,0,3900,3900
samiksha,Open palm,24,0.019852409674859302,0.24034596773031017,False,0,3900,3900
samiksha,Open palm,25,0.019819943450975534,0.21748717789782027,False,0,4000,4000
samiksha,Open palm,26,0.018414838225544062,0.23700752738473668,False,0,4000,4000
samiksha,Open palm,27,0.018751629944471698,0.2427355715558496,False,0,355,4000
samiksha,Open palm,28,0.018297728194919986,0.21320361679129582,False,0,4000,4000
samiksha,Open palm,29,0.017727164423855215,0.24056347479727985,False,0,4000,4000
samiksha,Open palm,30,0.016600899669106776,0.24763841205153894,False,0,358,4000
samiksha,Pinch,1,0.00647729404537754,0.23528435505312992,False,0,356,4000
samiksha,Pinch,2,0.00634797466513466,0.23358026923557365,False,0,348,4000
samiksha,Pinch,3,0.0063577425395018585,0.2378984776549392,False,0,4000,4000
samiksha,Pinch,4,0.006134584614478061,0.25078703955842807,False,0,361,4000
samiksha,Pinch,5,0.005831442309831733,0.21565481986008414,False,0,350,4000
samiksha,Pinch,6,0.006034077335367121,0.2665128759311867,False,0,347,4000
samiksha,Pinch,7,0.00611993860972851,0.250768021891879,False,0,346,4000
samiksha,Pinch,8,0.006020341664303947,0.22539017525873642,False,0,362,4000
samiksha,Pinch,9,0.006336995809086383,0.2425916915717547,False,0,4000,4000
samiksha,Pinch,10,0.005983557826024504,0.24795406905637915,False,0,354,4000
samiksha,Pinch,11,0.006139692598091872,0.2459996970749839,False,0,349,4100
samiksha,Pinch,12,0.0059887895867861704,0.2599880873353833,False,0,342,4100
samiksha,Pinch,13,0.006098139512126119,0.24143373288480163,False,0,348,4000
samiksha,Pinch,14,0.006249679036164846,0.2267390968847486,False,0,359,4000
samiksha,Pinch,15,0.006148829419003674,0.2313818924133507,False,0,356,4000
samiksha,Pinch,16,0.005905035720758369,0.19140250593839578,False,0,357,4000
samiksha,Pinch,17,0.00655855880901727,0.250913775855399,False,0,349,4000
samiksha,Pinch,18,0.006560049855596324,0.2562769180051421,False,0,349,4000
samiksha,Pinch,19,0.006007537011152319,0.2749648754828725,False,0,354,4000
samiksha,Pinch,20,0.006738076426445846,0.20993858064343524,False,0,4000,4000
samiksha,Pinch,21,0.006392219248110458,0.24429899766256372,False,0,4000,4000
samiksha,Pinch,22,0.006127019418489918,0.24332677559232196,False,0,4000,4000
samiksha,Pinch,23,0.006086776673803438,0.2039523614363035,False,0,4000,4000
samiksha,Pinch,24,0.006050303594844862,0.1953783819915344,False,0,4000,4000
samiksha,Pinch,25,0.006000719346677166,0.1919202667958728,False,0,357,4000
samiksha,Pinch,26,0.0063644416957289755,0.20588340520560902,False,0,352,4000
samiksha,Pinch,27,0.006211858440777085,0.21872156488734112,False,0,347,4000
samiksha,Pinch,28,0.005934597517028976,0.2187051464756633,False,0,342,4000
samiksha,Pinch,29,0.005896208884036771,0.21551033301836078,False,0,341,4000
samiksha,Pinch,30,0.005868030421936679,0.20407267021957573,False,0,341,4000
samiksha,Wrist down,1,0.006246564712310773,0.22300360426252352,False,0,4000,4000
samiksha,Wrist down,2,0.009949579077589903,0.23186009735377255,False,0,4000,4000
samiksha,Wrist down,3,0.008811893504640303,0.2340117551965867,False,0,4000,4000
samiksha,Wrist down,4,0.008029241460496302,0.23389727581134562,False,0,369,4000
samiksha,Wrist down,5,0.009932467151623018,0.2599033219124058,False,0,4100,4100
samiksha,Wrist down,6,0.008696698775109823,0.24571478902810864,False,0,4000,4000
samiksha,Wrist down,7,0.0085109852116874,0.2261859140697515,False,0,366,4000
samiksha,Wrist down,8,0.006299998718503803,0.24928979301679235,False,0,4000,4000
samiksha,Wrist down,9,0.006996470810438074,0.23065135063631437,False,0,4000,4000
samiksha,Wrist down,10,0.006302750456814677,0.22357139274683357,False,0,367,4000
samiksha,Wrist down,11,0.008280695296591097,0.260066544745451,False,0,4000,4000
samiksha,Wrist down,12,0.008362386999892177,0.23641394834370297,False,0,364,4100
samiksha,Wrist down,13,0.00811599260993453,0.2628197238299729,False,0,4000,4000
samiksha,Wrist down,14,0.00904550490904802,0.2303157190223845,False,0,364,4000
samiksha,Wrist down,15,0.008622299869848384,0.2606582940176925,False,0,4000,4000
samiksha,Wrist down,16,0.009379566859973397,0.2580125155589564,False,0,4000,4000
samiksha,Wrist down,17,0.00954039801891678,0.22862774408085051,False,0,365,4000
samiksha,Wrist down,18,0.008109220751826319,0.24901279556734857,False,0,4000,4000
samiksha,Wrist down,19,0.007591863977774989,0.2004489195866671,False,0,4100,4100
samiksha,Wrist down,20,0.006815023198084141,0.18747691187998797,False,0,369,4000
samiksha,Wrist down,21,0.009271146724842057,0.25832614620689026,False,0,361,4000
samiksha,Wrist down,22,0.008038690556365935,0.25610701739899144,False,0,4000,4000
samiksha,Wrist down,23,0.006409290935038843,0.24055225740388436,False,0,4000,4000
samiksha,Wrist down,24,0.008285600785148658,0.24924240495568462,False,0,367,4000
samiksha,Wrist down,25,0.008074465589529744,0.27409707259242005,False,0,4000,4000
samiksha,Wrist down,26,0.006643320240135562,0.23532959954402854,False,0,365,4000
samiksha,Wrist down,27,0.006520870510429957,0.21931520983672192,False,0,347,4000
samiksha,Wrist down,28,0.006441835225638475,0.2215180574763474,False,0,4000,4000
samiksha,Wrist down,29,0.0061580732806943254,0.21595131288000047,False,0,4000,4000
samiksha,Wrist down,30,0.00671951597423096,0.2649839980720876,False,0,3999,4000
samiksha,Wrist up,1,0.018258850653894633,0.22675227532227865,False,0,4000,4000
samiksha,Wrist up,2,0.016871671158446212,0.22363019398286674,False,0,4000,4000
samiksha,Wrist up,3,0.010796879462052615,0.23947441202425299,False,0,3995,4000
samiksha,Wrist up,4,0.014898186653722452,0.2160197060800913,False,0,4000,4000
samiksha,Wrist up,5,0.017548452152808078,0.22105572108685137,False,0,4000,4000
samiksha,Wrist up,6,0.02010995794139531,0.23875478162578662,False,0,4000,4000
samiksha,Wrist up,7,0.015451296672636325,0.24278312554020012,False,0,4000,4000
samiksha,Wrist up,8,0.020746678664752598,0.23563861198940422,False,0,4000,4000
samiksha,Wrist up,9,0.02074163701169286,0.23185231181088248,False,0,4000,4000
samiksha,Wrist up,10,0.022020055409068727,0.23132953928798045,False,0,4000,4000
samiksha,Wrist up,11,0.019763821482491218,0.22494482362481485,False,0,4000,4000
samiksha,Wrist up,12,0.019653426736778546,0.22463954606601558,False,0,4000,4000
samiksha,Wrist up,13,0.020651049182251892,0.2323204481044856,False,0,4000,4000
samiksha,Wrist up,14,0.021850761791816966,0.24558780689007748,False,0,4000,4000
samiksha,Wrist up,15,0.020646354821245022,0.25397729691675675,False,0,4000,4000
samiksha,Wrist up,16,0.022520241906533282,0.25698249715547516,False,0,4000,4000
samiksha,Wrist up,17,0.020041220631283236,0.2583739527356206,False,0,4000,4000
samiksha,Wrist up,18,0.021051710989602092,0.2487451433137142,False,0,3995,4000
samiksha,Wrist up,19,0.018574619904721697,0.23994780962860382,False,0,4000,4000
samiksha,Wrist up,20,0.019072717420988906,0.2228883996688657,False,0,4000,4000
samiksha,Wrist up,21,0.0242950658442486,0.22536925906425156,False,0,3900,3900
samiksha,Wrist up,22,0.02026544669014916,0.2234743390514489,False,0,4000,4000
samiksha,Wrist up,23,0.017691155804172073,0.24577911584560358,False,0,4000,4000
samiksha,Wrist up,24,0.016645442037380033,0.24498846240584438,False,0,4000,4000
samiksha,Wrist up,25,0.013717969319024787,0.20842203334808057,False,0,4000,4000
samiksha,Wrist up,26,0.014040939348473723,0.22245743377640742,False,0,4000,4000
samiksha,Wrist up,27,0.014789087101319383,0.24370185152788681,False,0,4000,4000
samiksha,Wrist up,28,0.006714570808581462,0.21051316970722053,False,0,369,4000
samiksha,Wrist up,29,0.009517396603163,0.19522698576287364,False,0,359,4000
samiksha,Wrist up,30,0.007374731269983229,0.18682531104157285,False,0,3900,3900
vandith,Fist,1,0.015071835648788683,0.4928388478483502,False,595,2311,4000
vandith,Fist,2,0.010286985053937525,0.2655410597087027,False,541,1081,4000
vandith,Fist,3,0.010560717564516297,0.43678034682575173,False,597,1076,4100
vandith,Fist,4,0.01125524987220388,0.21795940669582584,False,411,1179,4000
vandith,Fist,5,0.008015951357990407,0.265060863313187,False,0,898,4000
vandith,Fist,6,0.0064504438866829945,0.0896731391207787,False,0,1586,4000
vandith,Fist,7,0.008360605972194011,0.1018452208008391,False,0,719,4000
vandith,Fist,8,0.007413952924371102,0.034691838009501444,False,0,3852,4000
vandith,Fist,9,0.010646177247782704,0.08445940002303992,False,0,3757,4000
vandith,Fist,10,0.009840022159689168,0.03947884293941657,False,0,3943,4000
vandith,Fist,11,0.00710622391766332,0.0614931742005656,False,0,4000,4000
vandith,Fist,12,0.008266670553765952,0.0564621685049875,False,0,1772,4000
vandith,Fist,13,0.007875668503275767,0.05208628849317718,False,0,2783,4000
vandith,Fist,14,0.007171976940525773,0.03855393208814421,False,0,3988,4000
vandith,Fist,15,0.009722116291246337,0.036195254722753575,False,0,4000,4000
vandith,Fist,16,0.007932094840493323,0.046632358731886814,False,0,3438,4000
vandith,Fist,17,0.009298583428253293,0.03571439089100792,False,0,4000,4000
vandith,Fist,18,0.008112621599967508,0.037517916543402675,False,0,4000,4000
vandith,Fist,19,0.007450248902328218,0.049974022473210596,False,0,3655,4000
vandith,Fist,20,0.008323440375948891,0.036933175278459816,False,0,3931,4000
vandith,Fist,21,0.009867731375594893,0.04486630120682144,False,0,3932,4000
vandith,Fist,22,0.008233997507363523,0.05503004745045666,False,0,1621,3900
vandith,Fist,23,0.008534229408443448,0.036902428411839334,False,0,4000,4000
vandith,Fist,24,0.009044698156410753,0.035194643479187236,False,0,3459,4000
vandith,Fist,25,0.005056639972527355,0.0869901037662944,False,0,1868,4000
vandith,Fist,26,0.006797483193423093,0.03743751660838036,False,0,3771,4000
vandith,Fist,27,0.006982890650533429,0.03688408891700614,False,0,4000,4000
vandith,Fist,28,0.00784541446169225,0.07669084671848893,False,308,4000,4000
vandith,Fist,29,0.005853228818763717,0.0752596871860664,False,0,1505,4100
vandith,Fist,30,0.0071761905147293215,0.05000630643255172,False,0,3406,4000
vandith,Open palm,1,0.00963481649987388,0.0679182757702953,False,0,2672,4000
vandith,Open palm,2,0.004699996706826412,0.12195783341117597,False,571,2362,4000
vandith,Open palm,3,0.01071422254589935,0.055745111098800246,False,0,3674,4000
vandith,Open palm,4,0.010650637947588535,0.23354498750216193,False,292,839,4000
vandith,Open palm,5,0.009841431696279547,0.10296604375274859,False,5,896,4000
vandith,Open palm,6,0.009811538302464663,0.0751895253003534,False,0,2483,4100
vandith,Open palm,7,0.011806593661181988,0.11068219970984935,False,169,3412,4000
vandith,Open palm,8,0.009231600650592356,0.05918509537315056,False,0,4000,4000
vandith,Open palm,9,0.01039058271004426,0.04693866666854474,False,0,3523,4000
vandith,Open palm,10,0.012385231407358066,0.08210606415940305,False,0,2893,4000
vandith,Open palm,11,0.008127962247788724,0.07479730313484338,False,0,2968,4000
vandith,Open palm,12,0.009597118814259809,0.11772260318641135,False,286,3935,4000
vandith,Open palm,13,0.00709666084583038,0.10541310802255867,False,1,857,3900
vandith,Open palm,14,0.0027808122645536014,0.19986458712476132,False,1645,2127,4000
vandith,Open palm,15,0.009517821091934725,0.07507000300730611,False,0,1795,4000
vandith,Open palm,16,0.010897095911991086,0.06549128418058736,False,0,3983,4000
vandith,Open palm,17,0.008909322168695295,0.10897417614695261,False,257,2270,4000
vandith,Open palm,18,0.009571444494032409,0.15510259169367768,False,460,1039,4000
vandith,Open palm,19,0.00824219262925035,0.06398695031235933,False,0,4060,4100
vandith,Open palm,20,0.014240376689621975,0.049312404452581456,False,0,3882,4000
vandith,Open palm,21,0.008573883160269741,0.050010876934895136,False,0,2363,4000
vandith,Open palm,22,0.00854890786776747,0.07090946660390254,False,0,1343,4000
vandith,Open palm,23,0.007200280380698892,0.04824393032571356,False,0,4000,4000
vandith,Open palm,24,0.008001893228886073,0.11879885244035117,False,385,828,4000
vandith,Open palm,25,0.010014543697944887,0.08690521686071992,False,0,3895,4000
vandith,Open palm,26,0.00897366072552419,0.1071447764007972,False,170,1227,4000
vandith,Open palm,27,0.007667127685009345,0.13046168173191192,False,281,1333,4000
vandith,Open palm,28,0.005751182076836052,0.06591071036303345,False,0,2136,4000
vandith,Open palm,29,0.0077706307991361225,0.09694900471699266,False,372,3392,4000
vandith,Open palm,30,0.010378989985901694,0.05922812297487565,False,0,2583,4000
vandith,Pinch,1,0.005600942733700895,0.1671961288963114,False,239,708,4000
vandith,Pinch,2,0.007529337725533324,0.10342166156577416,False,256,640,4000
vandith,Pinch,3,0.009601558633161648,0.14375471555403277,False,0,4000,4000
vandith,Pinch,4,0.018450838251055108,0.20338727284333197,False,307,999,4000
vandith,Pinch,5,0.014000164015141335,0.1488304776925649,False,346,3781,4000
vandith,Pinch,6,0.009470205714056322,0.2135447129515352,False,354,3916,4000
vandith,Pinch,7,0.01692219431211128,0.3202160519978332,False,291,647,4000
vandith,Pinch,8,0.024900862987489846,0.19298701325155132,False,251,2950,4000
vandith,Pinch,9,0.00640376889090308,0.17813703445120516,False,521,948,4000
vandith,Pinch,10,0.007545234915454069,0.2403829700169331,False,1389,1844,4000
vandith,Pinch,11,0.01242531548412663,0.11168910013599939,False,0,3272,4000
vandith,Pinch,12,0.009754259966991788,0.16356881801975942,False,544,1413,4000
vandith,Pinch,13,0.012650540653915751,0.18002053393809564,False,392,3070,4000
vandith,Pinch,14,0.014316319145598316,0.16465729841989588,False,295,1174,4000
vandith,Pinch,15,0.008814745981591926,0.13602419051919523,False,345,958,4000
vandith,Pinch,16,0.012699877803351361,0.16083472199883445,False,498,3581,4000
vandith,Pinch,17,0.015371281844005403,0.1726453594307052,False,170,1629,4000
vandith,Pinch,18,0.007377072748662994,0.07019244290790438,False,0,3897,4000
vandith,Pinch,19,0.01354903407227295,0.14272595555009915,False,192,4000,4000
vandith,Pinch,20,0.01295684088076086,0.1021593609263025,False,503,3964,4000
vandith,Pinch,21,0.010449491526166178,0.21016832768300858,False,505,845,4100
vandith,Pinch,22,0.006396512245271414,0.29371696518411594,False,570,810,4000
vandith,Pinch,23,0.015726934638956584,0.14378807964970433,False,260,3574,4000
vandith,Pinch,24,0.012738367945561086,0.05763983697209638,False,0,3704,4000
vandith,Pinch,25,0.011998115108470724,0.08651161532091069,False,2,2588,4000
vandith,Pinch,26,0.012078034674248346,0.15924023969520001,False,305,618,4000
vandith,Pinch,27,0.012188710212754689,0.20177595383462535,False,377,2207,4000
vandith,Pinch,28,0.007642159337410256,0.05829963411189865,False,0,1360,4100
vandith,Pinch,29,0.008465073288789942,0.08892241194932354,False,0,672,4000
vandith,Pinch,30,0.016855552981413027,0.14110299592675546,False,349,3816,4000
vandith,Wrist down,1,0.00827868089367094,0.17297296949955057,False,407,1511,4100
vandith,Wrist down,2,0.0072723192209175865,0.1543345299400536,False,344,1650,4000
vandith,Wrist down,3,0.0062683502037490955,0.17860406225925413,False,416,747,4000
vandith,Wrist down,4,0.005596396113768515,0.3137397284487584,False,430,813,4000
vandith,Wrist down,5,0.006049999462469707,0.2446666942271089,False,467,770,4000
vandith,Wrist down,6,0.006335266868981642,0.12581214657042053,False,302,981,4000
vandith,Wrist down,7,0.00591387568985484,0.1531405945070381,False,421,1161,4000
vandith,Wrist down,8,0.006854611753511257,0.11805502482354742,False,269,989,3900
vandith,Wrist down,9,0.009743302111532029,0.11752791425986925,False,274,1062,4000
vandith,Wrist down,10,0.006439749159171626,0.05469451529063305,False,0,3009,4000
vandith,Wrist down,11,0.005760577857708465,0.3302073923187663,False,584,897,4000
vandith,Wrist down,12,0.008494613352838756,0.18089034871959148,False,449,841,4000
vandith,Wrist down,13,0.005751700457461764,0.12274987883865202,False,385,1407,4000
vandith,Wrist down,14,0.008466271664432357,0.15201455081095497,False,370,958,4100
vandith,Wrist down,15,0.009866614636344206,0.3273839607035931,False,648,981,4000
vandith,Wrist down,16,0.010244728857139174,0.14376144946554184,False,330,1082,4000
vandith,Wrist down,17,0.00864208781532282,0.126763321893128,False,371,1137,4000
vandith,Wrist down,18,0.0068883343468353515,0.2094006837542196,False,367,1081,4000
vandith,Wrist down,19,0.0064467508429720865,0.15383274020253615,False,531,1387,4000
vandith,Wrist down,20,0.006496566375346389,0.15801130936004001,False,346,951,4000
vandith,Wrist down,21,0.005845669570839664,0.2041441773718805,False,870,1551,4000
vandith,Wrist down,22,0.010182255103174902,0.24517078907939494,False,329,1421,4000
vandith,Wrist down,23,0.007682665361177472,0.17691967072820008,False,323,2288,4000
vandith,Wrist down,24,0.006936810870789374,0.27411331779874665,False,406,4000,4000
vandith,Wrist down,25,0.008027190088394516,0.27423530573980404,False,380,3859,4000
vandith,Wrist down,26,0.011228515391090382,0.12447385040404375,False,488,3285,4000
vandith,Wrist down,27,0.0050381144449955385,0.16876780280188552,False,1160,3878,4000
vandith,Wrist down,28,0.008442076297637711,0.4253908425290551,False,320,3218,4000
vandith,Wrist down,29,0.006269302024775376,0.2548922370688891,False,1069,4100,4100
vandith,Wrist down,30,0.006677711310488443,0.23220067289560858,False,1637,2777,4000
vandith,Wrist up,1,0.010482668292213598,0.19387881837360785,False,0,2598,4100
vandith,Wrist up,2,0.012226670937426617,0.14224891694794023,False,257,2564,4000
vandith,Wrist up,3,0.007549410754138935,0.0506846082843903,False,0,4000,4000
vandith,Wrist up,4,0.016360878377940483,0.05689280766786159,False,0,3932,4000
vandith,Wrist up,5,0.010876708570734878,0.06167249869182743,False,17,4000,4000
vandith,Wrist up,6,0.012384442058033702,0.06750345896227025,False,0,3840,4100
vandith,Wrist up,7,0.010804722841524632,0.08519893053651037,False,310,4000,4000
vandith,Wrist up,8,0.013996051394297397,0.10094867305538692,False,306,2688,4000
vandith,Wrist up,9,0.010825655595746492,0.06976517028704919,False,357,3971,4000
vandith,Wrist up,10,0.013060178173207265,0.059746844361207696,False,0,3790,4000
vandith,Wrist up,11,0.011347945733048625,0.05285213837896567,False,0,3456,4000
vandith,Wrist up,12,0.01575729423184072,0.061862811653325016,False,0,3952,4000
vandith,Wrist up,13,0.009696126654030305,0.06247045190754006,False,373,4000,4000
vandith,Wrist up,14,0.010711894415725808,0.09358438627130998,False,347,4000,4000
vandith,Wrist up,15,0.007630379005327656,0.07477262597678712,False,451,3914,4100
vandith,Wrist up,16,0.009035650906803505,0.09048091631147498,False,190,3979,4000
vandith,Wrist up,17,0.01639269131991409,0.14037422287146387,False,289,2104,4000
vandith,Wrist up,18,0.010166060879340492,0.06781308900802653,False,415,3998,4000
vandith,Wrist up,19,0.014960840147074448,0.08606566091784217,False,446,4000,4000
vandith,Wrist up,20,0.010265009684771856,0.0501724944693287,False,0,3835,4000
vandith,Wrist up,21,0.010568587492531943,0.06713509815840224,False,0,4000,4000
vandith,Wrist up,22,0.009882612456593522,0.0717648432654657,False,5,4069,4100
vandith,Wrist up,23,0.011694169103245222,0.09350551793622225,False,217,3005,4000
vandith,Wrist up,24,0.009466886797070044,0.06992786460139283,False,0,3026,4000
vandith,Wrist up,25,0.007643776897071568,0.061800282070449866,False,328,3884,4000
vandith,Wrist up,26,0.011218054530048151,0.10174783071110785,False,303,3420,4000
vandith,Wrist up,27,0.009807748491259255,0.07436567751407423,False,400,4003,4100
vandith,Wrist up,28,0.006076887248485838,0.06021574786462636,False,0,3980,4100
vandith,Wrist up,29,0.010918794272074206,0.05619829196653076,False,0,4000,4000
vandith,Wrist up,30,0.012876218329376871,0.06417707483619452,False,0,4000,4000
vishal,Fist,1,0.0038264784344329995,0.10786528154992092,False,0,344,4000
vishal,Fist,2,0.003925223994886679,0.1122795853787895,False,0,341,4000
vishal,Fist,3,0.0038586188886673544,0.12377886464786536,False,0,350,4000
vishal,Fist,4,0.003936093426445918,0.10439356297175341,False,0,354,4100
vishal,Fist,5,0.0039971808812898305,0.12004132669884876,False,0,331,4000
vishal,Fist,6,0.004140544287389809,0.1163332433627939,False,0,335,4000
vishal,Fist,7,0.003874514422692192,0.10851316072356744,False,0,350,4000
vishal,Fist,8,0.0038344645777080868,0.1183126656367354,False,0,338,4000
vishal,Fist,9,0.003809535973278718,0.1058253007805296,False,0,356,4000
vishal,Fist,10,0.003973741452591749,0.10770237988901986,False,0,4098,4100
vishal,Fist,11,0.0041345480246250035,0.10731435725494431,False,0,3995,4000
vishal,Fist,12,0.003915620925272322,0.11265299658576708,False,0,336,4000
vishal,Fist,13,0.003975541310959678,0.12127071880037561,False,0,347,4000
vishal,Fist,14,0.003952336004976786,0.10796841012811063,False,0,362,4000
vishal,Fist,15,0.003950021020288114,0.11019182003300786,False,0,345,4000
vishal,Fist,16,0.004117241401780339,0.11884780448945027,False,0,340,4000
vishal,Fist,17,0.004181016217262385,0.11665476371681394,False,0,339,4000
vishal,Fist,18,0.004169150876654586,0.11601053506524815,False,0,4096,4100
vishal,Fist,19,0.004027604642259051,0.11339700570598192,False,0,3999,4000
vishal,Fist,20,0.004119401115384935,0.11420583142690663,False,0,4000,4000
vishal,Fist,21,0.004159767869614789,0.11919353419811707,False,0,347,4000
vishal,Fist,22,0.004127739320223058,0.11691046966124764,False,0,346,4000
vishal,Fist,23,0.004117796002440043,0.11947601401695543,False,0,340,4000
vishal,Fist,24,0.003943559696368594,0.12265585675490843,False,0,340,4000
vishal,Fist,25,0.004053482871003976,0.125458183703941,False,0,340,4000
vishal,Fist,26,0.004128182767524815,0.12043804814748485,False,0,344,4000
vishal,Fist,27,0.004054081874204735,0.11483130228943533,False,0,350,4000
vishal,Fist,28,0.003933820590244309,0.11280788688139635,False,0,351,4000
vishal,Fist,29,0.004202780861059025,0.10967157907439182,False,0,352,4000
vishal,Fist,30,0.004287010810461293,0.10859026745218953,False,0,359,4000
vishal,Open palm,1,0.004085390966720221,0.12430403171864088,False,0,341,4000
vishal,Open palm,2,0.004127775281679972,0.12417463858371286,False,0,350,4000
vishal,Open palm,3,0.0042824036119488125,0.12199432176720988,False,0,351,4000
vishal,Open palm,4,0.004351065536176011,0.12757190907868507,False,0,343,4000
vishal,Open palm,5,0.004099282515556447,0.12757391614611932,False,0,342,4000
vishal,Open palm,6,0.0042852280080116776,0.1251479679282986,False,0,338,4000
vishal,Open palm,7,0.004415239898302095,0.13087682806236653,False,0,342,4000
vishal,Open palm,8,0.004364518391874971,0.1341231816242619,False,0,342,4000
vishal,Open palm,9,0.004481091203300261,0.14123019837480777,False,0,343,4000
vishal,Open palm,10,0.004649821730013592,0.13554956396309825,False,0,351,4100
vishal,Open palm,11,0.004674758505373015,0.1269863469135376,False,0,346,4000
vishal,Open palm,12,0.004538810338441216,0.14607895103575447,False,0,342,4000
vishal,Open palm,13,0.004633398280134774,0.12744437327863914,False,0,349,4000
vishal,Open palm,14,0.004534818211779907,0.1443767671142149,False,0,338,4000
vishal,Open palm,15,0.004683851422605511,0.1292063281484074,False,0,342,4000
vishal,Open palm,16,0.004535842856487969,0.13891192182250633,False,0,342,4100
vishal,Open palm,17,0.004753305337884147,0.14844058460098322,False,0,340,4000
vishal,Open palm,18,0.0045877973468015235,0.14345694183450716,False,0,332,4000
vishal,Open palm,19,0.004648036134888984,0.13236137224772213,False,0,337,4000
vishal,Open palm,20,0.004625904540743794,0.13884632099774272,False,0,344,4000
vishal,Open palm,21,0.004721416932283177,0.1451759747240403,False,0,338,3900
vishal,Open palm,22,0.004725673537587862,0.1402936358273893,False,0,346,4000
vishal,Open palm,23,0.004665617060218653,0.14003012735406778,False,0,339,4000
vishal,Open palm,24,0.00476280211357048,0.14478187601632672,False,0,344,4000
vishal,Open palm,25,0.004719622247551134,0.133847520773631,False,0,339,4000
vishal,Open palm,26,0.004698563201035981,0.1432262207556292,False,0,350,4000
vishal,Open palm,27,0.004816997158170876,0.15486716907546694,False,0,339,4000
vishal,Open palm,28,0.004803471438198964,0.1559608004923113,False,0,333,4000
vishal,Open palm,29,0.0049166344634669025,0.15313904175416446,False,0,340,4000
vishal,Open palm,30,0.004745103019897338,0.15286805978010176,False,0,344,4000
vishal,Pinch,1,0.005100551047118711,0.1747053743895809,False,0,339,4000
vishal,Pinch,2,0.005273782463158422,0.16494886869947237,False,0,349,4000
vishal,Pinch,3,0.005151164584151585,0.15517125092442727,False,0,347,4000
vishal,Pinch,4,0.005047091332768372,0.17565179179501253,False,0,338,4000
vishal,Pinch,5,0.005049654610890937,0.15360316457774187,False,0,351,4000
vishal,Pinch,6,0.004775572996098268,0.16119817359758123,False,0,338,4000
vishal,Pinch,7,0.004967775280477283,0.1408630586244977,False,0,345,4000
vishal,Pinch,8,0.004912425134055912,0.16234159262253806,False,0,341,4000
vishal,Pinch,9,0.004869773224201814,0.14777509180878062,False,0,337,4000
vishal,Pinch,10,0.00508280484467158,0.14287405074521398,False,0,346,4100
vishal,Pinch,11,0.004979605290447689,0.15271391508706522,False,0,348,4100
vishal,Pinch,12,0.005101592479460964,0.15921001764580672,False,0,339,4000
vishal,Pinch,13,0.005057387729491043,0.15978032721304594,False,0,340,4000
vishal,Pinch,14,0.005059577780079649,0.15631344499157057,False,0,342,4000
vishal,Pinch,15,0.0049447611900231316,0.1500514551233204,False,0,343,4000
vishal,Pinch,16,0.004905121067528939,0.14226229926958694,False,0,345,4100
vishal,Pinch,17,0.0049907330122736845,0.156867618918501,False,0,331,4000
vishal,Pinch,18,0.005011043623090749,0.16342174820920513,False,0,339,4000
vishal,Pinch,19,0.004964950621177661,0.14587040540950555,False,0,346,4000
vishal,Pinch,20,0.004951706678425618,0.14576406711446543,False,0,340,4000
vishal,Pinch,21,0.0049216836050887305,0.16282738322440918,False,0,338,4000
vishal,Pinch,22,0.004964377283023829,0.1565594104406465,False,0,343,4000
vishal,Pinch,23,0.0049940670016376445,0.15864808897268096,False,0,336,4000
vishal,Pinch,24,0.004988346004608737,0.148847640131594,False,0,351,4100
vishal,Pinch,25,0.005058622884587733,0.16853187046960072,False,0,335,4000
vishal,Pinch,26,0.005001126995837718,0.145581819270219,False,0,346,4000
vishal,Pinch,27,0.00495980535955641,0.16458614713699127,False,0,338,4000
vishal,Pinch,28,0.00506032376927457,0.1546710561663506,False,0,345,4000
vishal,Pinch,29,0.004969202289736785,0.1620968909237252,False,0,337,4000
vishal,Pinch,30,0.004997552544169825,0.155151970181952,False,0,344,4100
vishal,Wrist down,1,0.00506220282538888,0.16257629533088389,False,0,341,4000
vishal,Wrist down,2,0.004884824166513324,0.16018846367704032,False,0,347,4000
vishal,Wrist down,3,0.004965268354732203,0.15124035871332603,False,0,341,4100
vishal,Wrist down,4,0.005024030963178577,0.15184126581639873,False,0,346,4000
vishal,Wrist down,5,0.004912758773051384,0.16540419979173693,False,0,340,4000
vishal,Wrist down,6,0.005159322187351542,0.16811649870504014,False,0,337,4000
vishal,Wrist down,7,0.00510900598004977,0.16672848577001453,False,0,339,4000
vishal,Wrist down,8,0.005017273114424757,0.14832926514368533,False,0,347,4000
vishal,Wrist down,9,0.005162892354514052,0.16964654524668926,False,0,341,4000
vishal,Wrist down,10,0.005079178870954908,0.15265680509956622,False,0,340,4000
vishal,Wrist down,11,0.0051861457622834695,0.1709748939935467,False,0,341,4100
vishal,Wrist down,12,0.005117426615926606,0.14980288370530906,False,0,347,4000
vishal,Wrist down,13,0.0051123600837266634,0.16780142703017278,False,0,340,4000
vishal,Wrist down,14,0.005189162818313212,0.17322000608421073,False,0,341,4000
vishal,Wrist down,15,0.005137625207211182,0.16198044526631933,False,0,351,4000
vishal,Wrist down,16,0.00508876866907425,0.15044527049999742,False,0,3994,4000
vishal,Wrist down,17,0.005248101819432418,0.16627577674258326,False,0,339,4000
vishal,Wrist down,18,0.0051762656400700146,0.17119984223999193,False,0,345,4000
vishal,Wrist down,19,0.005145268229485444,0.15270995424885395,False,0,3995,4000
vishal,Wrist down,20,0.005045008796105724,0.15130071069672488,False,0,347,4000
vishal,Wrist down,21,0.005067664194098608,0.16772713428030428,False,0,341,4000
vishal,Wrist down,22,0.00518205263165473,0.17306867495282988,False,0,343,4100
vishal,Wrist down,23,0.005152098547602137,0.1595002706997697,False,0,354,4000
vishal,Wrist down,24,0.005225457561695029,0.15203942565188183,False,0,3997,4000
vishal,Wrist down,25,0.005191519037037021,0.16032182628003774,False,0,340,4000
vishal,Wrist down,26,0.00499166596473188,0.1733081004736596,False,0,342,4000
vishal,Wrist down,27,0.005189802373771207,0.16926628957266346,False,0,349,4000
vishal,Wrist down,28,0.005114706969257713,0.15960174041910977,False,0,352,4000
vishal,Wrist down,29,0.005187560826548892,0.15146089309889796,False,0,345,4000
vishal,Wrist down,30,0.005055201652956654,0.1731186708012702,False,0,339,4000
vishal,Wrist up,1,0.004960229252042047,0.1422141900556378,False,0,347,3900
vishal,Wrist up,2,0.0049182741406009305,0.1359928074457819,False,0,352,4000
vishal,Wrist up,3,0.004829150216577731,0.14846849866486858,False,0,336,4000
vishal,Wrist up,4,0.004861392676252893,0.1490739416024005,False,0,344,4000
vishal,Wrist up,5,0.004870005891982204,0.14189520279792364,False,0,344,4000
vishal,Wrist up,6,0.004859546686299334,0.15364910531052717,False,0,349,4000
vishal,Wrist up,7,0.004913745322041839,0.1366570689946771,False,0,346,4100
vishal,Wrist up,8,0.004883889594833186,0.1539620498013548,False,0,335,4000
vishal,Wrist up,9,0.004903464689710153,0.15723297174218057,False,0,337,4000
vishal,Wrist up,10,0.004817493432104706,0.15276742925821846,False,0,340,4000
vishal,Wrist up,11,0.004846744102234422,0.13812406357779947,False,0,353,4000
vishal,Wrist up,12,0.004775071000497902,0.14385049974924496,False,0,337,4000
vishal,Wrist up,13,0.0047209171805605065,0.15640074794427483,False,0,330,4000
vishal,Wrist up,14,0.004877927827017315,0.15567705888255384,False,0,344,4000
vishal,Wrist up,15,0.0047656547176069385,0.1381942177023661,False,0,346,4000
vishal,Wrist up,16,0.0048293883797570795,0.1549530054269673,False,0,331,4000
vishal,Wrist up,17,0.004876008776151167,0.14694776338133417,False,0,352,4000
vishal,Wrist up,18,0.004696806428052606,0.13990999949422966,False,0,342,4100
vishal,Wrist up,19,0.004795595180205129,0.15769235936022805,False,0,347,4000
vishal,Wrist up,20,0.00481026194275116,0.15339871023358898,False,0,343,4000
vishal,Wrist up,21,0.0049215334313221105,0.1413372696261739,False,0,343,4000
vishal,Wrist up,22,0.004866295070819221,0.14314553554445142,False,0,346,4000
vishal,Wrist up,23,0.004919184780290555,0.15172195111427147,False,0,322,4000
vishal,Wrist up,24,0.004755960686180145,0.1546891598965919,False,0,342,4000
vishal,Wrist up,25,0.004859737911117845,0.1409962849577225,False,0,346,4000
vishal,Wrist up,26,0.0048085599843347175,0.1545086829533081,False,0,329,4000
vishal,Wrist up,27,0.004923056918243941,0.15843251044039477,False,0,342,4000
vishal,Wrist up,28,0.004893673104174028,0.14333766684179797,False,0,351,3900
vishal,Wrist up,29,0.004984153855148851,0.13987311004686293,False,0,337,4000
vishal,Wrist up,30,0.004865538318649447,0.15587474412018718,False,0,340,4000
