Participant_ID,Timestamp,Gesture_Label,Repetition,Voltage
participant_01,1780984273.358358,Fist,1,0.001967635005712509
participant_01,1780984273.3593578,Fist,1,-0.02513883844949305
participant_01,1780984273.360358,Fist,1,-0.03546511405147612
participant_01,1780984273.361358,Fist,1,-0.043209820752963424
participant_01,1780984273.3623579,Fist,1,-0.043209820752963424
participant_01,1780984273.363358,Fist,1,-0.04191903630271554
participant_01,1780984273.364358,Fist,1,-0.03804668295197189
participant_01,1780984273.3653579,Fist,1,-0.03159276070073247
participant_01,1780984273.3663578,Fist,1,0.008421557256951928
participant_01,1780984273.367358,Fist,1,0.061343719717115164
participant_01,1780984273.368358,Fist,1,0.10523039102554321
participant_01,1780984273.3693578,Fist,1,0.12330137332901359
participant_01,1780984273.370358,Fist,1,0.13362764893099666
participant_01,1780984273.371358,Fist,1,0.14008157118223608
participant_01,1780984273.3723578,Fist,1,0.14008157118223608
participant_01,1780984273.373358,Fist,1,0.1375000022817403
participant_01,1780984273.374358,Fist,1,0.13491843338124454
participant_01,1780984273.3753579,Fist,1,0.12846451113000512
participant_01,1780984273.3763578,Fist,1,0.09490411542356014
participant_01,1780984273.377358,Fist,1,0.04585430631414056
participant_01,1780984273.378358,Fist,1,0.003258419455960393
participant_01,1780984273.3793578,Fist,1,-0.023848053999245167
participant_01,1780984273.380358,Fist,1,-0.03546511405147612
participant_01,1780984273.381358,Fist,1,-0.04450060520321131
participant_01,1780984273.3823578,Fist,1,-0.04450060520321131
participant_01,1780984273.383358,Fist,1,-0.04191903630271554
participant_01,1780984273.384358,Fist,1,-0.03933746740221977
participant_01,1780984273.3853579,Fist,1,-0.03288354515098035
participant_01,1780984273.386358,Fist,1,0.008421557256951928
participant_01,1780984273.387358,Fist,1,0.06005293526686728
participant_01,1780984273.3883579,Fist,1,0.10393960657529533
participant_01,1780984273.3893578,Fist,1,0.12330137332901359
participant_01,1780984273.390358,Fist,1,0.1310460800305009
participant_01,1780984273.391358,Fist,1,0.14008157118223608
participant_01,1780984273.3923578,Fist,1,0.14008157118223608
participant_01,1780984273.393358,Fist,1,0.1375000022817403
participant_01,1780984273.394358,Fist,1,0.13491843338124454
participant_01,1780984273.3953578,Fist,1,0.129755295580253
participant_01,1780984273.396358,Fist,1,0.09490411542356014
participant_01,1780984273.397358,Fist,1,0.04585430631414056
participant_01,1780984273.3983579,Fist,1,0.003258419455960393
participant_01,1780984273.3993578,Fist,1,-0.023848053999245167
participant_01,1780984273.400358,Fist,1,-0.03546511405147612
participant_01,1780984273.401358,Fist,1,-0.043209820752963424
participant_01,1780984273.4023578,Fist,1,-0.04450060520321131
participant_01,1780984273.403358,Fist,1,-0.04191903630271554
participant_01,1780984273.404358,Fist,1,-0.03804668295197189
participant_01,1780984273.4053578,Fist,1,-0.03159276070073247
participant_01,1780984273.406358,Fist,1,0.008421557256951928
participant_01,1780984273.407358,Fist,1,0.061343719717115164
participant_01,1780984273.4083579,Fist,1,0.10523039102554321
participant_01,1780984273.409358,Fist,1,0.12330137332901359
participant_01,1780984273.410358,Fist,1,0.13362764893099666
participant_01,1780984273.4113579,Fist,1,0.14137235563248396
participant_01,1780984273.4123578,Fist,1,0.14137235563248396
participant_01,1780984273.413358,Fist,1,0.1387907867319882
participant_01,1780984273.414358,Fist,1,0.13491843338124454
participant_01,1780984273.4153578,Fist,1,0.129755295580253
participant_01,1780984273.416358,Fist,1,0.09490411542356014
participant_01,1780984273.417358,Fist,1,0.04714509076438844
participant_01,1780984273.4183578,Fist,1,0.004549203906208277
participant_01,1780984273.419358,Fist,1,-0.022557269548997283
participant_01,1780984273.420358,Fist,1,-0.03546511405147612
participant_01,1780984273.4213579,Fist,1,-0.043209820752963424
participant_01,1780984273.4223578,Fist,1,-0.04450060520321131
participant_01,1780984273.423358,Fist,1,-0.04191903630271554
participant_01,1780984273.424358,Fist,1,-0.03804668295197189
participant_01,1780984273.4253578,Fist,1,-0.030301976250484586
participant_01,1780984273.426358,Fist,1,0.009712341707199812
participant_01,1780984273.427358,Fist,1,0.06005293526686728
participant_01,1780984273.4283578,Fist,1,0.1065211754757911
participant_01,1780984273.429358,Fist,1,0.12330137332901359
participant_01,1780984273.430358,Fist,1,0.13362764893099666
participant_01,1780984273.4313579,Fist,1,0.14137235563248396
participant_01,1780984273.4323578,Fist,1,0.14137235563248396
participant_01,1780984273.433358,Fist,1,0.1387907867319882
participant_01,1780984273.434358,Fist,1,0.13491843338124454
participant_01,1780984273.4353578,Fist,1,0.129755295580253
participant_01,1780984273.436358,Fist,1,0.09490411542356014
participant_01,1780984273.437358,Fist,1,0.04585430631414056
participant_01,1780984273.4383578,Fist,1,0.004549203906208277
participant_01,1780984273.439358,Fist,1,-0.022557269548997283
participant_01,1780984273.440358,Fist,1,-0.036755898501724005
participant_01,1780984273.4413579,Fist,1,-0.043209820752963424
participant_01,1780984273.442358,Fist,1,-0.04450060520321131
participant_01,1780984273.443358,Fist,1,-0.04191903630271554
participant_01,1780984273.4443579,Fist,1,-0.03933746740221977
participant_01,1780984273.4453578,Fist,1,-0.03159276070073247
participant_01,1780984273.446358,Fist,1,0.008421557256951928
participant_01,1780984273.447358,Fist,1,0.06005293526686728
participant_01,1780984273.4483578,Fist,1,0.10523039102554321
participant_01,1780984273.449358,Fist,1,0.12071980442851782
participant_01,1780984273.450358,Fist,1,0.13362764893099666
participant_01,1780984273.4513578,Fist,1,0.1387907867319882
participant_01,1780984273.452358,Fist,1,0.14008157118223608
participant_01,1780984273.453358,Fist,1,0.1375000022817403
participant_01,1780984273.4543579,Fist,1,0.13491843338124454
participant_01,1780984273.4553578,Fist,1,0.129755295580253
participant_01,1780984273.456358,Fist,1,0.09490411542356014
participant_01,1780984273.457358,Fist,1,0.048435875214636326
participant_01,1780984273.4675465,Fist,1,0.004549203906208277
participant_01,1780984273.4685464,Fist,1,-0.022557269548997283
participant_01,1780984273.4695466,Fist,1,-0.03417432960122824
participant_01,1780984273.4705465,Fist,1,-0.04191903630271554
participant_01,1780984273.4715464,Fist,1,-0.04450060520321131
participant_01,1780984273.4725466,Fist,1,-0.04191903630271554
participant_01,1780984273.4735465,Fist,1,-0.03804668295197189
participant_01,1780984273.4745464,Fist,1,-0.03288354515098035
participant_01,1780984273.4755464,Fist,1,0.007130772806704044
participant_01,1780984273.4765465,Fist,1,0.058762150816619396
participant_01,1780984273.4775465,Fist,1,0.10523039102554321
participant_01,1780984273.4785464,Fist,1,0.1220105888787657
participant_01,1780984273.4795465,Fist,1,0.13362764893099666
participant_01,1780984273.4805465,Fist,1,0.14008157118223608
participant_01,1780984273.4815464,Fist,1,0.14008157118223608
participant_01,1780984273.4825466,Fist,1,0.1375000022817403
participant_01,1780984273.4835465,Fist,1,0.13362764893099666
participant_01,1780984273.4845464,Fist,1,0.129755295580253
participant_01,1780984273.4855464,Fist,1,0.09619489987380803
participant_01,1780984273.4865465,Fist,1,0.048435875214636326
participant_01,1780984273.4875464,Fist,1,0.0058399883564561605
participant_01,1780984273.4885464,Fist,1,-0.022557269548997283
participant_01,1780984273.4895465,Fist,1,-0.03417432960122824
participant_01,1780984273.4905465,Fist,1,-0.043209820752963424
participant_01,1780984273.4915464,Fist,1,-0.04450060520321131
participant_01,1780984273.4925466,Fist,1,-0.04191903630271554
participant_01,1780984273.4935465,Fist,1,-0.03804668295197189
participant_01,1780984273.4945464,Fist,1,-0.03288354515098035
participant_01,1780984273.4955466,Fist,1,0.007130772806704044
participant_01,1780984273.4965465,Fist,1,0.058762150816619396
participant_01,1780984273.4975464,Fist,1,0.10523039102554321
participant_01,1780984273.4985464,Fist,1,0.1220105888787657
participant_01,1780984273.4995465,Fist,1,0.13362764893099666
participant_01,1780984273.5005465,Fist,1,0.14008157118223608
participant_01,1780984273.5015464,Fist,1,0.14137235563248396
participant_01,1780984273.5025465,Fist,1,0.1387907867319882
participant_01,1780984273.5035465,Fist,1,0.13491843338124454
participant_01,1780984273.5045464,Fist,1,0.129755295580253
participant_01,1780984273.5055466,Fist,1,0.09619489987380803
participant_01,1780984273.5065465,Fist,1,0.048435875214636326
participant_01,1780984273.5075464,Fist,1,0.004549203906208277
participant_01,1780984273.5085464,Fist,1,-0.022557269548997283
participant_01,1780984273.5095465,Fist,1,-0.03546511405147612
participant_01,1780984273.5105464,Fist,1,-0.043209820752963424
participant_01,1780984273.5115464,Fist,1,-0.04450060520321131
participant_01,1780984273.5125465,Fist,1,-0.04191903630271554
participant_01,1780984273.5135465,Fist,1,-0.03804668295197189
participant_01,1780984273.5145464,Fist,1,-0.03159276070073247
participant_01,1780984273.5155466,Fist,1,0.008421557256951928
participant_01,1780984273.5165465,Fist,1,0.06005293526686728
participant_01,1780984273.5175464,Fist,1,0.10523039102554321
participant_01,1780984273.5185466,Fist,1,0.12330137332901359
participant_01,1780984273.5195465,Fist,1,0.13233686448074877
participant_01,1780984273.5205464,Fist,1,0.14008157118223608
participant_01,1780984273.5215464,Fist,1,0.14137235563248396
participant_01,1780984273.5225465,Fist,1,0.1375000022817403
participant_01,1780984273.5235465,Fist,1,0.13491843338124454
participant_01,1780984273.5245464,Fist,1,0.129755295580253
participant_01,1780984273.5255466,Fist,1,0.09490411542356014
participant_01,1780984273.5265465,Fist,1,0.04972665966488421
participant_01,1780984273.5275464,Fist,1,0.0058399883564561605
participant_01,1780984273.5285466,Fist,1,-0.022557269548997283
participant_01,1780984273.5295465,Fist,1,-0.03417432960122824
participant_01,1780984273.5305464,Fist,1,-0.043209820752963424
participant_01,1780984273.5315464,Fist,1,-0.04450060520321131
participant_01,1780984273.5325465,Fist,1,-0.04191903630271554
participant_01,1780984273.5335464,Fist,1,-0.03804668295197189
participant_01,1780984273.5345464,Fist,1,-0.03159276070073247
participant_01,1780984273.5355465,Fist,1,0.007130772806704044
participant_01,1780984273.5365465,Fist,1,0.058762150816619396
participant_01,1780984273.5375464,Fist,1,0.10393960657529533
participant_01,1780984273.5385466,Fist,1,0.12330137332901359
participant_01,1780984273.5395465,Fist,1,0.13362764893099666
participant_01,1780984273.5405464,Fist,1,0.14008157118223608
participant_01,1780984273.5415463,Fist,1,0.14137235563248396
participant_01,1780984273.5425465,Fist,1,0.1375000022817403
participant_01,1780984273.5435464,Fist,1,0.13491843338124454
participant_01,1780984273.5445464,Fist,1,0.1310460800305009
participant_01,1780984273.5455465,Fist,1,0.09748568432405591
participant_01,1780984273.5465465,Fist,1,0.04972665966488421
participant_01,1780984273.5475464,Fist,1,0.0058399883564561605
participant_01,1780984273.5485466,Fist,1,-0.0212664850987494
participant_01,1780984273.5495465,Fist,1,-0.03417432960122824
participant_01,1780984273.5505464,Fist,1,-0.043209820752963424
participant_01,1780984273.5515466,Fist,1,-0.04450060520321131
participant_01,1780984273.5525465,Fist,1,-0.04191903630271554
participant_01,1780984273.5535464,Fist,1,-0.03804668295197189
participant_01,1780984273.5545464,Fist,1,-0.03288354515098035
participant_01,1780984273.5555465,Fist,1,0.007130772806704044
participant_01,1780984273.5565464,Fist,1,0.058762150816619396
participant_01,1780984273.5575464,Fist,1,0.10523039102554321
participant_01,1780984273.5585465,Fist,1,0.12071980442851782
participant_01,1780984273.5595465,Fist,1,0.13233686448074877
participant_01,1780984273.5605464,Fist,1,0.14008157118223608
participant_01,1780984273.5615466,Fist,1,0.14137235563248396
participant_01,1780984273.5625465,Fist,1,0.1387907867319882
participant_01,1780984273.5635464,Fist,1,0.13491843338124454
participant_01,1780984273.5645463,Fist,1,0.129755295580253
participant_01,1780984273.5655465,Fist,1,0.09748568432405591
participant_01,1780984273.5665464,Fist,1,0.04972665966488421
participant_01,1780984273.5605972,Fist,1,0.0058399883564561605
participant_01,1780984273.561597,Fist,1,-0.022557269548997283
participant_01,1780984273.5625973,Fist,1,-0.03417432960122824
participant_01,1780984273.5635972,Fist,1,-0.04191903630271554
participant_01,1780984273.5645971,Fist,1,-0.04450060520321131
participant_01,1780984273.5655973,Fist,1,-0.04191903630271554
participant_01,1780984273.5665972,Fist,1,-0.03804668295197189
participant_01,1780984273.5675972,Fist,1,-0.03288354515098035
participant_01,1780984273.568597,Fist,1,0.0058399883564561605
participant_01,1780984273.5695972,Fist,1,0.05747136636637151
participant_01,1780984273.5705972,Fist,1,0.10393960657529533
participant_01,1780984273.571597,Fist,1,0.12330137332901359
participant_01,1780984273.5725973,Fist,1,0.13233686448074877
participant_01,1780984273.5735972,Fist,1,0.1387907867319882
participant_01,1780984273.5745971,Fist,1,0.14008157118223608
participant_01,1780984273.5755973,Fist,1,0.1375000022817403
participant_01,1780984273.5765972,Fist,1,0.13491843338124454
participant_01,1780984273.5775971,Fist,1,0.129755295580253
participant_01,1780984273.578597,Fist,1,0.09619489987380803
participant_01,1780984273.5795972,Fist,1,0.04972665966488421
participant_01,1780984273.5805972,Fist,1,0.004549203906208277
participant_01,1780984273.581597,Fist,1,-0.022557269548997283
participant_01,1780984273.5825973,Fist,1,-0.03417432960122824
participant_01,1780984273.5835972,Fist,1,-0.04191903630271554
participant_01,1780984273.584597,Fist,1,-0.04450060520321131
participant_01,1780984273.5855973,Fist,1,-0.043209820752963424
participant_01,1780984273.5865972,Fist,1,-0.03804668295197189
participant_01,1780984273.5875971,Fist,1,-0.03288354515098035
participant_01,1780984273.5885973,Fist,1,0.0058399883564561605
participant_01,1780984273.5895972,Fist,1,0.058762150816619396
participant_01,1780984273.5905972,Fist,1,0.10393960657529533
participant_01,1780984273.591597,Fist,1,0.1220105888787657
participant_01,1780984273.5925972,Fist,1,0.13233686448074877
participant_01,1780984273.5935972,Fist,1,0.14008157118223608
participant_01,1780984273.594597,Fist,1,0.14008157118223608
participant_01,1780984273.5955973,Fist,1,0.1387907867319882
participant_01,1780984273.5965972,Fist,1,0.13491843338124454
participant_01,1780984273.5975971,Fist,1,0.129755295580253
participant_01,1780984273.5985973,Fist,1,0.09748568432405591
participant_01,1780984273.5995972,Fist,1,0.04972665966488421
participant_01,1780984273.6005971,Fist,1,0.007130772806704044
participant_01,1780984273.601597,Fist,1,-0.022557269548997283
participant_01,1780984273.6025972,Fist,1,-0.03417432960122824
participant_01,1780984273.6035972,Fist,1,-0.043209820752963424
participant_01,1780984273.604597,Fist,1,-0.04450060520321131
participant_01,1780984273.6055973,Fist,1,-0.04191903630271554
participant_01,1780984273.6065972,Fist,1,-0.03804668295197189
participant_01,1780984273.607597,Fist,1,-0.03288354515098035
participant_01,1780984273.6085973,Fist,1,0.007130772806704044
participant_01,1780984273.6095972,Fist,1,0.05747136636637151
participant_01,1780984273.6105971,Fist,1,0.10393960657529533
participant_01,1780984273.6115973,Fist,1,0.12071980442851782
participant_01,1780984273.6125972,Fist,1,0.13233686448074877
participant_01,1780984273.6135972,Fist,1,0.1387907867319882
participant_01,1780984273.614597,Fist,1,0.14008157118223608
participant_01,1780984273.6155972,Fist,1,0.1387907867319882
participant_01,1780984273.6165972,Fist,1,0.13491843338124454
participant_01,1780984273.617597,Fist,1,0.129755295580253
participant_01,1780984273.6185973,Fist,1,0.09748568432405591
participant_01,1780984273.6195972,Fist,1,0.04972665966488421
participant_01,1780984273.6205971,Fist,1,0.0058399883564561605
participant_01,1780984273.6215973,Fist,1,-0.0212664850987494
participant_01,1780984273.6225972,Fist,1,-0.03417432960122824
participant_01,1780984273.6235971,Fist,1,-0.043209820752963424
participant_01,1780984273.624597,Fist,1,-0.04579138965345919
participant_01,1780984273.6255972,Fist,1,-0.04191903630271554
participant_01,1780984273.6265972,Fist,1,-0.03933746740221977
participant_01,1780984273.627597,Fist,1,-0.03288354515098035
participant_01,1780984273.6285973,Fist,1,0.0058399883564561605
participant_01,1780984273.6295972,Fist,1,0.05747136636637151
participant_01,1780984273.630597,Fist,1,0.10393960657529533
participant_01,1780984273.6315973,Fist,1,0.1220105888787657
participant_01,1780984273.6325972,Fist,1,0.13233686448074877
participant_01,1780984273.6335971,Fist,1,0.1387907867319882
participant_01,1780984273.634597,Fist,1,0.14008157118223608
participant_01,1780984273.6355972,Fist,1,0.1375000022817403
participant_01,1780984273.6365972,Fist,1,0.13491843338124454
participant_01,1780984273.637597,Fist,1,0.1310460800305009
participant_01,1780984273.6385972,Fist,1,0.0987764687743038
participant_01,1780984273.6395972,Fist,1,0.04972665966488421
participant_01,1780984273.640597,Fist,1,0.0058399883564561605
participant_01,1780984273.6415973,Fist,1,-0.0212664850987494
participant_01,1780984273.6425972,Fist,1,-0.03417432960122824
participant_01,1780984273.6435971,Fist,1,-0.043209820752963424
participant_01,1780984273.6445973,Fist,1,-0.04579138965345919
participant_01,1780984273.6455972,Fist,1,-0.04191903630271554
participant_01,1780984273.6465971,Fist,1,-0.03933746740221977
participant_01,1780984273.647597,Fist,1,-0.03417432960122824
participant_01,1780984273.6485972,Fist,1,0.0058399883564561605
participant_01,1780984273.6495972,Fist,1,0.05747136636637151
participant_01,1780984273.650597,Fist,1,0.10393960657529533
participant_01,1780984273.6515973,Fist,1,0.12071980442851782
participant_01,1780984273.6525972,Fist,1,0.13233686448074877
participant_01,1780984273.653597,Fist,1,0.14008157118223608
participant_01,1780984273.6545973,Fist,1,0.14008157118223608
participant_01,1780984273.6555972,Fist,1,0.1375000022817403
participant_01,1780984273.6565971,Fist,1,0.13491843338124454
participant_01,1780984273.657597,Fist,1,0.129755295580253
participant_01,1780984273.6585972,Fist,1,0.09748568432405591
participant_01,1780984273.6595972,Fist,1,0.05101744411513209
participant_01,1780984273.6706314,Fist,1,0.004549203906208277
participant_01,1780984273.6716313,Fist,1,-0.0212664850987494
participant_01,1780984273.6726315,Fist,1,-0.03546511405147612
participant_01,1780984273.6736314,Fist,1,-0.043209820752963424
participant_01,1780984273.6746314,Fist,1,-0.04579138965345919
participant_01,1780984273.6756315,Fist,1,-0.043209820752963424
participant_01,1780984273.6766315,Fist,1,-0.03933746740221977
participant_01,1780984273.6776314,Fist,1,-0.03417432960122824
participant_01,1780984273.6786313,Fist,1,0.004549203906208277
participant_01,1780984273.6796315,Fist,1,0.054889797465875745
participant_01,1780984273.6806314,Fist,1,0.10135803767479956
participant_01,1780984273.6816313,Fist,1,0.12071980442851782
participant_01,1780984273.6826315,Fist,1,0.13233686448074877
participant_01,1780984273.6836314,Fist,1,0.14008157118223608
participant_01,1780984273.6846313,Fist,1,0.14008157118223608
participant_01,1780984273.6856315,Fist,1,0.1375000022817403
participant_01,1780984273.6866314,Fist,1,0.13491843338124454
participant_01,1780984273.6876314,Fist,1,0.129755295580253
participant_01,1780984273.6886313,Fist,1,0.09748568432405591
participant_01,1780984273.6896315,Fist,1,0.05101744411513209
participant_01,1780984273.6906314,Fist,1,0.007130772806704044
participant_01,1780984273.6916313,Fist,1,-0.022557269548997283
participant_01,1780984273.6926315,Fist,1,-0.03417432960122824
participant_01,1780984273.6936314,Fist,1,-0.04191903630271554
participant_01,1780984273.6946313,Fist,1,-0.04450060520321131
participant_01,1780984273.6956315,Fist,1,-0.04191903630271554
participant_01,1780984273.6966314,Fist,1,-0.03804668295197189
participant_01,1780984273.6976314,Fist,1,-0.03288354515098035
participant_01,1780984273.6986315,Fist,1,0.003258419455960393
participant_01,1780984273.6996315,Fist,1,0.054889797465875745
participant_01,1780984273.7006314,Fist,1,0.10264882212504745
participant_01,1780984273.7016313,Fist,1,0.1220105888787657
participant_01,1780984273.7026315,Fist,1,0.13233686448074877
participant_01,1780984273.7036314,Fist,1,0.1387907867319882
participant_01,1780984273.7046313,Fist,1,0.14008157118223608
participant_01,1780984273.7056315,Fist,1,0.1375000022817403
participant_01,1780984273.7066314,Fist,1,0.13491843338124454
participant_01,1780984273.7076313,Fist,1,0.1310460800305009
participant_01,1780984273.7086315,Fist,1,0.0987764687743038
participant_01,1780984273.7096314,Fist,1,0.05230822856537998
participant_01,1780984273.7106314,Fist,1,0.0058399883564561605
participant_01,1780984273.7116313,Fist,1,-0.022557269548997283
participant_01,1780984273.7126315,Fist,1,-0.03417432960122824
participant_01,1780984273.7136314,Fist,1,-0.043209820752963424
participant_01,1780984273.7146313,Fist,1,-0.04450060520321131
participant_01,1780984273.7156315,Fist,1,-0.043209820752963424
participant_01,1780984273.7166314,Fist,1,-0.03933746740221977
participant_01,1780984273.7176313,Fist,1,-0.03288354515098035
participant_01,1780984273.7186315,Fist,1,0.004549203906208277
participant_01,1780984273.7196314,Fist,1,0.054889797465875745
participant_01,1780984273.7206314,Fist,1,0.10264882212504745
participant_01,1780984273.7216315,Fist,1,0.1220105888787657
participant_01,1780984273.7226315,Fist,1,0.1310460800305009
participant_01,1780984273.7236314,Fist,1,0.1387907867319882
participant_01,1780984273.7246313,Fist,1,0.14008157118223608
participant_01,1780984273.7256315,Fist,1,0.1387907867319882
participant_01,1780984273.7266314,Fist,1,0.13491843338124454
participant_01,1780984273.7276313,Fist,1,0.129755295580253
participant_01,1780984273.7286315,Fist,1,0.10006725322455168
participant_01,1780984273.7296314,Fist,1,0.05230822856537998
participant_01,1780984273.7306314,Fist,1,0.007130772806704044
participant_01,1780984273.7316315,Fist,1,-0.0212664850987494
participant_01,1780984273.7326314,Fist,1,-0.03417432960122824
participant_01,1780984273.7336314,Fist,1,-0.04191903630271554
participant_01,1780984273.7346313,Fist,1,-0.04579138965345919
participant_01,1780984273.7356315,Fist,1,-0.043209820752963424
participant_01,1780984273.7366314,Fist,1,-0.03933746740221977
participant_01,1780984273.7376313,Fist,1,-0.03417432960122824
participant_01,1780984273.7386315,Fist,1,0.003258419455960393
participant_01,1780984273.7396314,Fist,1,0.05359901301562786
participant_01,1780984273.7406313,Fist,1,0.10135803767479956
participant_01,1780984273.7416315,Fist,1,0.12071980442851782
participant_01,1780984273.7426314,Fist,1,0.13233686448074877
participant_01,1780984273.7436314,Fist,1,0.1387907867319882
participant_01,1780984273.7446313,Fist,1,0.14008157118223608
participant_01,1780984273.7456315,Fist,1,0.1375000022817403
participant_01,1780984273.7466314,Fist,1,0.13491843338124454
participant_01,1780984273.7476313,Fist,1,0.1310460800305009
participant_01,1780984273.7486315,Fist,1,0.0987764687743038
participant_01,1780984273.7496314,Fist,1,0.05230822856537998
participant_01,1780984273.7506313,Fist,1,0.007130772806704044
participant_01,1780984273.7516315,Fist,1,-0.0212664850987494
participant_01,1780984273.7526314,Fist,1,-0.03417432960122824
participant_01,1780984273.7536314,Fist,1,-0.04191903630271554
participant_01,1780984273.7546315,Fist,1,-0.04450060520321131
participant_01,1780984273.7556314,Fist,1,-0.04191903630271554
participant_01,1780984273.7566314,Fist,1,-0.03804668295197189
participant_01,1780984273.7576313,Fist,1,-0.03417432960122824
participant_01,1780984273.7586315,Fist,1,0.004549203906208277
participant_01,1780984273.7596314,Fist,1,0.054889797465875745
participant_01,1780984273.7606313,Fist,1,0.10264882212504745
participant_01,1780984273.7616315,Fist,1,0.1220105888787657
participant_01,1780984273.7626314,Fist,1,0.1310460800305009
participant_01,1780984273.7636313,Fist,1,0.14008157118223608
participant_01,1780984273.7646315,Fist,1,0.14137235563248396
participant_01,1780984273.7656314,Fist,1,0.1387907867319882
participant_01,1780984273.7666314,Fist,1,0.13491843338124454
participant_01,1780984273.7676313,Fist,1,0.1310460800305009
participant_01,1780984273.7686315,Fist,1,0.0987764687743038
participant_01,1780984273.7696314,Fist,1,0.05230822856537998
participant_01,1780984273.764997,Fist,1,0.007130772806704044
participant_01,1780984273.765997,Fist,1,-0.0212664850987494
participant_01,1780984273.766997,Fist,1,-0.03288354515098035
participant_01,1780984273.767997,Fist,1,-0.04191903630271554
participant_01,1780984273.768997,Fist,1,-0.04450060520321131
participant_01,1780984273.7699971,Fist,1,-0.04191903630271554
participant_01,1780984273.770997,Fist,1,-0.03933746740221977
participant_01,1780984273.771997,Fist,1,-0.03417432960122824
participant_01,1780984273.772997,Fist,1,0.003258419455960393
participant_01,1780984273.773997,Fist,1,0.05359901301562786
participant_01,1780984273.774997,Fist,1,0.10264882212504745
participant_01,1780984273.775997,Fist,1,0.12071980442851782
participant_01,1780984273.776997,Fist,1,0.13233686448074877
participant_01,1780984273.777997,Fist,1,0.1387907867319882
participant_01,1780984273.778997,Fist,1,0.14008157118223608
participant_01,1780984273.779997,Fist,1,0.1375000022817403
participant_01,1780984273.780997,Fist,1,0.13491843338124454
participant_01,1780984273.781997,Fist,1,0.1310460800305009
participant_01,1780984273.782997,Fist,1,0.0987764687743038
participant_01,1780984273.783997,Fist,1,0.05359901301562786
participant_01,1780984273.784997,Fist,1,0.008421557256951928
participant_01,1780984273.785997,Fist,1,-0.0212664850987494
participant_01,1780984273.786997,Fist,1,-0.03417432960122824
participant_01,1780984273.787997,Fist,1,-0.043209820752963424
participant_01,1780984273.788997,Fist,1,-0.04450060520321131
participant_01,1780984273.789997,Fist,1,-0.04191903630271554
participant_01,1780984273.790997,Fist,1,-0.03804668295197189
participant_01,1780984273.791997,Fist,1,-0.03417432960122824
participant_01,1780984273.7929971,Fist,1,0.001967635005712509
participant_01,1780984273.793997,Fist,1,0.05618058191612363
participant_01,1780984273.794997,Fist,1,0.10264882212504745
participant_01,1780984273.795997,Fist,1,0.1220105888787657
participant_01,1780984273.796997,Fist,1,0.1310460800305009
participant_01,1780984273.797997,Fist,1,0.1387907867319882
participant_01,1780984273.798997,Fist,1,0.14008157118223608
participant_01,1780984273.799997,Fist,1,0.1375000022817403
participant_01,1780984273.800997,Fist,1,0.13491843338124454
participant_01,1780984273.801997,Fist,1,0.129755295580253
participant_01,1780984273.802997,Fist,1,0.10006725322455168
participant_01,1780984273.803997,Fist,1,0.05230822856537998
participant_01,1780984273.804997,Fist,1,0.008421557256951928
participant_01,1780984273.805997,Fist,1,-0.0212664850987494
participant_01,1780984273.806997,Fist,1,-0.03417432960122824
participant_01,1780984273.807997,Fist,1,-0.04191903630271554
participant_01,1780984273.808997,Fist,1,-0.04450060520321131
participant_01,1780984273.809997,Fist,1,-0.043209820752963424
participant_01,1780984273.810997,Fist,1,-0.03933746740221977
participant_01,1780984273.811997,Fist,1,-0.03417432960122824
participant_01,1780984273.812997,Fist,1,0.003258419455960393
participant_01,1780984273.813997,Fist,1,0.05359901301562786
participant_01,1780984273.814997,Fist,1,0.10135803767479956
participant_01,1780984273.8159971,Fist,1,0.12071980442851782
participant_01,1780984273.816997,Fist,1,0.13233686448074877
participant_01,1780984273.817997,Fist,1,0.14008157118223608
participant_01,1780984273.818997,Fist,1,0.14008157118223608
participant_01,1780984273.819997,Fist,1,0.1387907867319882
participant_01,1780984273.820997,Fist,1,0.13491843338124454
participant_01,1780984273.821997,Fist,1,0.129755295580253
participant_01,1780984273.822997,Fist,1,0.10006725322455168
participant_01,1780984273.823997,Fist,1,0.05359901301562786
participant_01,1780984273.824997,Fist,1,0.008421557256951928
participant_01,1780984273.825997,Fist,1,-0.019975700648501515
participant_01,1780984273.826997,Fist,1,-0.03288354515098035
participant_01,1780984273.827997,Fist,1,-0.04191903630271554
participant_01,1780984273.828997,Fist,1,-0.04450060520321131
participant_01,1780984273.829997,Fist,1,-0.04191903630271554
participant_01,1780984273.830997,Fist,1,-0.03933746740221977
participant_01,1780984273.831997,Fist,1,-0.03288354515098035
participant_01,1780984273.832997,Fist,1,0.003258419455960393
participant_01,1780984273.833997,Fist,1,0.05359901301562786
participant_01,1780984273.834997,Fist,1,0.10264882212504745
participant_01,1780984273.835997,Fist,1,0.12071980442851782
participant_01,1780984273.836997,Fist,1,0.13233686448074877
participant_01,1780984273.837997,Fist,1,0.1375000022817403
participant_01,1780984273.838997,Fist,1,0.14137235563248396
participant_01,1780984273.839997,Fist,1,0.1375000022817403
participant_01,1780984273.840997,Fist,1,0.13491843338124454
participant_01,1780984273.841997,Fist,1,0.1310460800305009
participant_01,1780984273.842997,Fist,1,0.10135803767479956
participant_01,1780984273.843997,Fist,1,0.054889797465875745
participant_01,1780984273.844997,Fist,1,0.007130772806704044
participant_01,1780984273.845997,Fist,1,-0.019975700648501515
participant_01,1780984273.846997,Fist,1,-0.03288354515098035
participant_01,1780984273.847997,Fist,1,-0.04191903630271554
participant_01,1780984273.848997,Fist,1,-0.04450060520321131
participant_01,1780984273.849997,Fist,1,-0.04191903630271554
participant_01,1780984273.850997,Fist,1,-0.03804668295197189
participant_01,1780984273.851997,Fist,1,-0.03417432960122824
participant_01,1780984273.852997,Fist,1,0.001967635005712509
participant_01,1780984273.853997,Fist,1,0.05230822856537998
participant_01,1780984273.854997,Fist,1,0.10006725322455168
participant_01,1780984273.855997,Fist,1,0.12071980442851782
participant_01,1780984273.856997,Fist,1,0.1310460800305009
participant_01,1780984273.857997,Fist,1,0.1387907867319882
participant_01,1780984273.858997,Fist,1,0.14137235563248396
participant_01,1780984273.859997,Fist,1,0.1387907867319882
participant_01,1780984273.860997,Fist,1,0.13491843338124454
participant_01,1780984273.861997,Fist,1,0.129755295580253
participant_01,1780984273.862997,Fist,1,0.10135803767479956
participant_01,1780984273.863997,Fist,1,0.054889797465875745
participant_01,1780984273.860144,Fist,1,0.008421557256951928
participant_01,1780984273.8611438,Fist,1,-0.019975700648501515
participant_01,1780984273.862144,Fist,1,-0.03288354515098035
participant_01,1780984273.863144,Fist,1,-0.04191903630271554
participant_01,1780984273.8641438,Fist,1,-0.04450060520321131
participant_01,1780984273.865144,Fist,1,-0.043209820752963424
participant_01,1780984273.866144,Fist,1,-0.03804668295197189
participant_01,1780984273.8671439,Fist,1,-0.03417432960122824
participant_01,1780984273.8681438,Fist,1,0.001967635005712509
participant_01,1780984273.869144,Fist,1,0.05230822856537998
participant_01,1780984273.870144,Fist,1,0.10135803767479956
participant_01,1780984273.8711438,Fist,1,0.12071980442851782
participant_01,1780984273.872144,Fist,1,0.13233686448074877
participant_01,1780984273.873144,Fist,1,0.1387907867319882
participant_01,1780984273.8741438,Fist,1,0.14008157118223608
participant_01,1780984273.875144,Fist,1,0.1387907867319882
participant_01,1780984273.876144,Fist,1,0.13620921783149242
participant_01,1780984273.8771439,Fist,1,0.129755295580253
participant_01,1780984273.8781438,Fist,1,0.10006725322455168
participant_01,1780984273.879144,Fist,1,0.054889797465875745
participant_01,1780984273.880144,Fist,1,0.009712341707199812
participant_01,1780984273.8811438,Fist,1,-0.019975700648501515
participant_01,1780984273.882144,Fist,1,-0.03288354515098035
participant_01,1780984273.883144,Fist,1,-0.04191903630271554
participant_01,1780984273.8841438,Fist,1,-0.04450060520321131
participant_01,1780984273.885144,Fist,1,-0.04191903630271554
participant_01,1780984273.886144,Fist,1,-0.03933746740221977
participant_01,1780984273.8871439,Fist,1,-0.03288354515098035
participant_01,1780984273.888144,Fist,1,0.001967635005712509
participant_01,1780984273.889144,Fist,1,0.05230822856537998
participant_01,1780984273.8901439,Fist,1,0.10006725322455168
participant_01,1780984273.8911438,Fist,1,0.11942901997826993
participant_01,1780984273.892144,Fist,1,0.1310460800305009
participant_01,1780984273.893144,Fist,1,0.1387907867319882
participant_01,1780984273.8941438,Fist,1,0.14008157118223608
participant_01,1780984273.895144,Fist,1,0.1375000022817403
participant_01,1780984273.896144,Fist,1,0.13491843338124454
participant_01,1780984273.8971438,Fist,1,0.1310460800305009
participant_01,1780984273.898144,Fist,1,0.10135803767479956
participant_01,1780984273.899144,Fist,1,0.05618058191612363
participant_01,1780984273.9001439,Fist,1,0.009712341707199812
participant_01,1780984273.9011438,Fist,1,-0.0212664850987494
participant_01,1780984273.902144,Fist,1,-0.03417432960122824
participant_01,1780984273.903144,Fist,1,-0.04191903630271554
participant_01,1780984273.9041438,Fist,1,-0.04450060520321131
participant_01,1780984273.905144,Fist,1,-0.04191903630271554
participant_01,1780984273.906144,Fist,1,-0.03933746740221977
participant_01,1780984273.9071438,Fist,1,-0.03417432960122824
participant_01,1780984273.908144,Fist,1,0.0006768505554646254
participant_01,1780984273.909144,Fist,1,0.05101744411513209
participant_01,1780984273.9101439,Fist,1,0.10006725322455168
participant_01,1780984273.911144,Fist,1,0.12071980442851782
participant_01,1780984273.912144,Fist,1,0.1310460800305009
participant_01,1780984273.9131439,Fist,1,0.1387907867319882
participant_01,1780984273.9141438,Fist,1,0.14137235563248396
participant_01,1780984273.915144,Fist,1,0.1387907867319882
participant_01,1780984273.916144,Fist,1,0.13491843338124454
participant_01,1780984273.9171438,Fist,1,0.1310460800305009
participant_01,1780984273.918144,Fist,1,0.10135803767479956
participant_01,1780984273.919144,Fist,1,0.054889797465875745
participant_01,1780984273.9201438,Fist,1,0.009712341707199812
participant_01,1780984273.921144,Fist,1,-0.022557269548997283
participant_01,1780984273.922144,Fist,1,-0.03288354515098035
participant_01,1780984273.9231439,Fist,1,-0.043209820752963424
participant_01,1780984273.9241438,Fist,1,-0.04450060520321131
participant_01,1780984273.925144,Fist,1,-0.043209820752963424
participant_01,1780984273.926144,Fist,1,-0.03933746740221977
participant_01,1780984273.9271438,Fist,1,-0.03417432960122824
participant_01,1780984273.928144,Fist,1,0.001967635005712509
participant_01,1780984273.929144,Fist,1,0.05230822856537998
participant_01,1780984273.9301438,Fist,1,0.10135803767479956
participant_01,1780984273.931144,Fist,1,0.11942901997826993
participant_01,1780984273.932144,Fist,1,0.13233686448074877
participant_01,1780984273.9331439,Fist,1,0.1375000022817403
participant_01,1780984273.9341438,Fist,1,0.14137235563248396
participant_01,1780984273.935144,Fist,1,0.1387907867319882
participant_01,1780984273.9361439,Fist,1,0.13491843338124454
participant_01,1780984273.9371438,Fist,1,0.1310460800305009
participant_01,1780984273.938144,Fist,1,0.10135803767479956
participant_01,1780984273.939144,Fist,1,0.054889797465875745
participant_01,1780984273.9401438,Fist,1,0.009712341707199812
participant_01,1780984273.941144,Fist,1,-0.0212664850987494
participant_01,1780984273.942144,Fist,1,-0.03288354515098035
participant_01,1780984273.9431438,Fist,1,-0.043209820752963424
participant_01,1780984273.944144,Fist,1,-0.04450060520321131
participant_01,1780984273.945144,Fist,1,-0.04191903630271554
participant_01,1780984273.9461439,Fist,1,-0.03933746740221977
participant_01,1780984273.9471438,Fist,1,-0.03417432960122824
participant_01,1780984273.948144,Fist,1,0.0006768505554646254
participant_01,1780984273.949144,Fist,1,0.04972665966488421
participant_01,1780984273.9501438,Fist,1,0.0987764687743038
participant_01,1780984273.951144,Fist,1,0.11942901997826993
participant_01,1780984273.952144,Fist,1,0.1310460800305009
participant_01,1780984273.9531438,Fist,1,0.1375000022817403
participant_01,1780984273.954144,Fist,1,0.14008157118223608
participant_01,1780984273.955144,Fist,1,0.1375000022817403
participant_01,1780984273.9561439,Fist,1,0.13491843338124454
participant_01,1780984273.9571438,Fist,1,0.1310460800305009
participant_01,1780984273.958144,Fist,1,0.10135803767479956
participant_01,1780984273.9591439,Fist,1,0.05618058191612363
participant_01,1780984273.969971,Fist,1,0.009712341707199812
participant_01,1780984273.9709709,Fist,1,-0.019975700648501515
participant_01,1780984273.971971,Fist,1,-0.03546511405147612
participant_01,1780984273.972971,Fist,1,-0.04191903630271554
participant_01,1780984273.973971,Fist,1,-0.04450060520321131
participant_01,1780984273.974971,Fist,1,-0.043209820752963424
participant_01,1780984273.975971,Fist,1,-0.03933746740221977
participant_01,1780984273.976971,Fist,1,-0.03417432960122824
participant_01,1780984273.9779708,Fist,1,0.0006768505554646254
participant_01,1780984273.978971,Fist,1,0.04972665966488421
participant_01,1780984273.979971,Fist,1,0.10006725322455168
participant_01,1780984273.9809709,Fist,1,0.12071980442851782
participant_01,1780984273.981971,Fist,1,0.1310460800305009
participant_01,1780984273.982971,Fist,1,0.1387907867319882
participant_01,1780984273.9839709,Fist,1,0.14008157118223608
participant_01,1780984273.984971,Fist,1,0.1375000022817403
participant_01,1780984273.985971,Fist,1,0.13362764893099666
participant_01,1780984273.986971,Fist,1,0.1310460800305009
participant_01,1780984273.9879708,Fist,1,0.10264882212504745
participant_01,1780984273.988971,Fist,1,0.05618058191612363
participant_01,1780984273.989971,Fist,1,0.009712341707199812
participant_01,1780984273.9909708,Fist,1,-0.019975700648501515
participant_01,1780984273.991971,Fist,1,-0.03417432960122824
participant_01,1780984273.992971,Fist,1,-0.04191903630271554
participant_01,1780984273.9939709,Fist,1,-0.04450060520321131
participant_01,1780984273.994971,Fist,1,-0.04191903630271554
participant_01,1780984273.995971,Fist,1,-0.03933746740221977
participant_01,1780984273.996971,Fist,1,-0.03417432960122824
participant_01,1780984273.997971,Fist,1,-0.0006139338947832584
participant_01,1780984273.998971,Fist,1,0.05101744411513209
participant_01,1780984273.999971,Fist,1,0.10006725322455168
participant_01,1780984274.0009708,Fist,1,0.11942901997826993
participant_01,1780984274.001971,Fist,1,0.129755295580253
participant_01,1780984274.002971,Fist,1,0.1387907867319882
participant_01,1780984274.0039709,Fist,1,0.14008157118223608
participant_01,1780984274.004971,Fist,1,0.1387907867319882
participant_01,1780984274.005971,Fist,1,0.13491843338124454
participant_01,1780984274.006971,Fist,1,0.1310460800305009
participant_01,1780984274.007971,Fist,1,0.10264882212504745
participant_01,1780984274.008971,Fist,1,0.05618058191612363
participant_01,1780984274.009971,Fist,1,0.008421557256951928
participant_01,1780984274.0109708,Fist,1,-0.0212664850987494
participant_01,1780984274.011971,Fist,1,-0.03288354515098035
participant_01,1780984274.012971,Fist,1,-0.043209820752963424
participant_01,1780984274.0139709,Fist,1,-0.04579138965345919
participant_01,1780984274.014971,Fist,1,-0.043209820752963424
participant_01,1780984274.015971,Fist,1,-0.03933746740221977
participant_01,1780984274.0169709,Fist,1,-0.03546511405147612
participant_01,1780984274.017971,Fist,1,-0.0006139338947832584
participant_01,1780984274.018971,Fist,1,0.048435875214636326
participant_01,1780984274.019971,Fist,1,0.0987764687743038
participant_01,1780984274.020971,Fist,1,0.11813823552802205
participant_01,1780984274.021971,Fist,1,0.1310460800305009
participant_01,1780984274.022971,Fist,1,0.1375000022817403
participant_01,1780984274.0239708,Fist,1,0.14008157118223608
participant_01,1780984274.024971,Fist,1,0.1375000022817403
participant_01,1780984274.025971,Fist,1,0.13491843338124454
participant_01,1780984274.0269709,Fist,1,0.1310460800305009
participant_01,1780984274.027971,Fist,1,0.10264882212504745
participant_01,1780984274.028971,Fist,1,0.05747136636637151
participant_01,1780984274.029971,Fist,1,0.009712341707199812
participant_01,1780984274.030971,Fist,1,-0.0212664850987494
participant_01,1780984274.031971,Fist,1,-0.03417432960122824
participant_01,1780984274.032971,Fist,1,-0.04191903630271554
participant_01,1780984274.0339708,Fist,1,-0.04450060520321131
participant_01,1780984274.034971,Fist,1,-0.043209820752963424
participant_01,1780984274.035971,Fist,1,-0.03933746740221977
participant_01,1780984274.0369709,Fist,1,-0.03417432960122824
participant_01,1780984274.037971,Fist,1,0.0006768505554646254
participant_01,1780984274.038971,Fist,1,0.05101744411513209
participant_01,1780984274.0399709,Fist,1,0.10006725322455168
participant_01,1780984274.040971,Fist,1,0.11942901997826993
participant_01,1780984274.041971,Fist,1,0.1310460800305009
participant_01,1780984274.042971,Fist,1,0.1387907867319882
participant_01,1780984274.0439708,Fist,1,0.14008157118223608
participant_01,1780984274.044971,Fist,1,0.1387907867319882
participant_01,1780984274.045971,Fist,1,0.13491843338124454
participant_01,1780984274.0469708,Fist,1,0.1310460800305009
participant_01,1780984274.047971,Fist,1,0.10393960657529533
participant_01,1780984274.048971,Fist,1,0.05747136636637151
participant_01,1780984274.0499709,Fist,1,0.009712341707199812
participant_01,1780984274.050971,Fist,1,-0.0212664850987494
participant_01,1780984274.051971,Fist,1,-0.03288354515098035
participant_01,1780984274.052971,Fist,1,-0.04191903630271554
participant_01,1780984274.053971,Fist,1,-0.04579138965345919
participant_01,1780984274.054971,Fist,1,-0.043209820752963424
participant_01,1780984274.055971,Fist,1,-0.03933746740221977
participant_01,1780984274.0569708,Fist,1,-0.03546511405147612
participant_01,1780984274.057971,Fist,1,-0.0006139338947832584
participant_01,1780984274.058971,Fist,1,0.048435875214636326
participant_01,1780984274.0599709,Fist,1,0.0987764687743038
participant_01,1780984274.060971,Fist,1,0.12071980442851782
participant_01,1780984274.061971,Fist,1,0.13233686448074877
participant_01,1780984274.0629709,Fist,1,0.1387907867319882
participant_01,1780984274.063971,Fist,1,0.14008157118223608
participant_01,1780984274.064971,Fist,1,0.1387907867319882
participant_01,1780984274.065971,Fist,1,0.13620921783149242
participant_01,1780984274.0669708,Fist,1,0.1310460800305009
participant_01,1780984274.067971,Fist,1,0.10393960657529533
participant_01,1780984274.068971,Fist,1,0.058762150816619396
participant_01,1780984274.0639968,Fist,1,0.011003126157447696
participant_01,1780984274.0649967,Fist,1,-0.01868491619825363
participant_01,1780984274.065997,Fist,1,-0.03288354515098035
participant_01,1780984274.0669968,Fist,1,-0.04191903630271554
participant_01,1780984274.0679967,Fist,1,-0.04450060520321131
participant_01,1780984274.068997,Fist,1,-0.043209820752963424
participant_01,1780984274.0699968,Fist,1,-0.03933746740221977
participant_01,1780984274.0709968,Fist,1,-0.03417432960122824
participant_01,1780984274.0719967,Fist,1,-0.0006139338947832584
participant_01,1780984274.0729969,Fist,1,0.048435875214636326
participant_01,1780984274.0739968,Fist,1,0.0987764687743038
participant_01,1780984274.0749967,Fist,1,0.11942901997826993
participant_01,1780984274.0759969,Fist,1,0.1310460800305009
participant_01,1780984274.0769968,Fist,1,0.1387907867319882
participant_01,1780984274.0779967,Fist,1,0.14008157118223608
participant_01,1780984274.078997,Fist,1,0.1387907867319882
participant_01,1780984274.0799968,Fist,1,0.13491843338124454
participant_01,1780984274.0809968,Fist,1,0.13233686448074877
participant_01,1780984274.0819967,Fist,1,0.10393960657529533
participant_01,1780984274.0829968,Fist,1,0.058762150816619396
participant_01,1780984274.0839968,Fist,1,0.01229391060769558
participant_01,1780984274.0849967,Fist,1,-0.01868491619825363
participant_01,1780984274.0859969,Fist,1,-0.03288354515098035
participant_01,1780984274.0869968,Fist,1,-0.04191903630271554
participant_01,1780984274.0879967,Fist,1,-0.04450060520321131
participant_01,1780984274.088997,Fist,1,-0.043209820752963424
participant_01,1780984274.0899968,Fist,1,-0.03933746740221977
participant_01,1780984274.0909967,Fist,1,-0.03417432960122824
participant_01,1780984274.091997,Fist,1,0.0006768505554646254
participant_01,1780984274.0929968,Fist,1,0.05101744411513209
participant_01,1780984274.0939968,Fist,1,0.10135803767479956
participant_01,1780984274.0949967,Fist,1,0.11942901997826993
participant_01,1780984274.0959969,Fist,1,0.1310460800305009
participant_01,1780984274.0969968,Fist,1,0.1387907867319882
participant_01,1780984274.0979967,Fist,1,0.14008157118223608
participant_01,1780984274.0989969,Fist,1,0.1387907867319882
participant_01,1780984274.0999968,Fist,1,0.13620921783149242
participant_01,1780984274.1009967,Fist,1,0.13233686448074877
participant_01,1780984274.101997,Fist,1,0.10393960657529533
participant_01,1780984274.1029968,Fist,1,0.06005293526686728
participant_01,1780984274.1039968,Fist,1,0.011003126157447696
participant_01,1780984274.1049967,Fist,1,-0.019975700648501515
participant_01,1780984274.1059968,Fist,1,-0.03288354515098035
participant_01,1780984274.1069968,Fist,1,-0.040628251852467656
participant_01,1780984274.1079967,Fist,1,-0.04450060520321131
participant_01,1780984274.1089969,Fist,1,-0.04191903630271554
participant_01,1780984274.1099968,Fist,1,-0.03933746740221977
participant_01,1780984274.1109967,Fist,1,-0.03417432960122824
participant_01,1780984274.111997,Fist,1,-0.0019047183450311422
participant_01,1780984274.1129968,Fist,1,0.04585430631414056
participant_01,1780984274.1139967,Fist,1,0.09748568432405591
participant_01,1780984274.114997,Fist,1,0.12071980442851782
participant_01,1780984274.1159968,Fist,1,0.13233686448074877
participant_01,1780984274.1169968,Fist,1,0.1375000022817403
participant_01,1780984274.1179967,Fist,1,0.14008157118223608
participant_01,1780984274.1189969,Fist,1,0.1375000022817403
participant_01,1780984274.1199968,Fist,1,0.13491843338124454
participant_01,1780984274.1209967,Fist,1,0.1310460800305009
participant_01,1780984274.1219969,Fist,1,0.10393960657529533
participant_01,1780984274.1229968,Fist,1,0.058762150816619396
participant_01,1780984274.1239967,Fist,1,0.011003126157447696
participant_01,1780984274.124997,Fist,1,-0.01868491619825363
participant_01,1780984274.1259968,Fist,1,-0.03288354515098035
participant_01,1780984274.1269968,Fist,1,-0.04191903630271554
participant_01,1780984274.1279967,Fist,1,-0.04450060520321131
participant_01,1780984274.1289968,Fist,1,-0.043209820752963424
participant_01,1780984274.1299968,Fist,1,-0.03933746740221977
participant_01,1780984274.1309967,Fist,1,-0.03546511405147612
participant_01,1780984274.1319969,Fist,1,-0.0019047183450311422
participant_01,1780984274.1329968,Fist,1,0.048435875214636326
participant_01,1780984274.1339967,Fist,1,0.09748568432405591
participant_01,1780984274.134997,Fist,1,0.11942901997826993
participant_01,1780984274.1359968,Fist,1,0.1310460800305009
participant_01,1780984274.1369967,Fist,1,0.1387907867319882
participant_01,1780984274.1379967,Fist,1,0.14137235563248396
participant_01,1780984274.1389968,Fist,1,0.1387907867319882
participant_01,1780984274.1399968,Fist,1,0.13620921783149242
participant_01,1780984274.1409967,Fist,1,0.1310460800305009
participant_01,1780984274.1419969,Fist,1,0.10393960657529533
participant_01,1780984274.1429968,Fist,1,0.06005293526686728
participant_01,1780984274.1439967,Fist,1,0.01229391060769558
participant_01,1780984274.144997,Fist,1,-0.01868491619825363
participant_01,1780984274.1459968,Fist,1,-0.03288354515098035
participant_01,1780984274.1469967,Fist,1,-0.04191903630271554
participant_01,1780984274.147997,Fist,1,-0.04450060520321131
participant_01,1780984274.1489968,Fist,1,-0.043209820752963424
participant_01,1780984274.1499968,Fist,1,-0.03933746740221977
participant_01,1780984274.1509967,Fist,1,-0.03417432960122824
participant_01,1780984274.1519969,Fist,1,-0.0019047183450311422
participant_01,1780984274.1529968,Fist,1,0.04714509076438844
participant_01,1780984274.1539967,Fist,1,0.09748568432405591
participant_01,1780984274.1549969,Fist,1,0.11942901997826993
participant_01,1780984274.1559968,Fist,1,0.129755295580253
participant_01,1780984274.1569967,Fist,1,0.1375000022817403
participant_01,1780984274.157997,Fist,1,0.14008157118223608
participant_01,1780984274.1589968,Fist,1,0.1387907867319882
participant_01,1780984274.1599967,Fist,1,0.13620921783149242
participant_01,1780984274.1609967,Fist,1,0.1310460800305009
participant_01,1780984274.1619968,Fist,1,0.10523039102554321
participant_01,1780984274.1629968,Fist,1,0.06005293526686728
participant_01,1780984274.1562357,Fist,1,0.01229391060769558
participant_01,1780984274.1572356,Fist,1,-0.017394131748005748
participant_01,1780984274.1582358,Fist,1,-0.03288354515098035
participant_01,1780984274.1592357,Fist,1,-0.040628251852467656
participant_01,1780984274.1602356,Fist,1,-0.04579138965345919
participant_01,1780984274.1612358,Fist,1,-0.043209820752963424
participant_01,1780984274.1622357,Fist,1,-0.03933746740221977
participant_01,1780984274.1632357,Fist,1,-0.03417432960122824
participant_01,1780984274.1642356,Fist,1,-0.0019047183450311422
participant_01,1780984274.1652358,Fist,1,0.04714509076438844
participant_01,1780984274.1662357,Fist,1,0.09748568432405591
participant_01,1780984274.1672356,Fist,1,0.11942901997826993
participant_01,1780984274.1682358,Fist,1,0.1310460800305009
participant_01,1780984274.1692357,Fist,1,0.1375000022817403
participant_01,1780984274.1702356,Fist,1,0.14137235563248396
participant_01,1780984274.1712358,Fist,1,0.1387907867319882
participant_01,1780984274.1722357,Fist,1,0.13491843338124454
participant_01,1780984274.1732357,Fist,1,0.1310460800305009
participant_01,1780984274.1742356,Fist,1,0.10523039102554321
participant_01,1780984274.1752357,Fist,1,0.06005293526686728
participant_01,1780984274.1762357,Fist,1,0.01229391060769558
participant_01,1780984274.1772356,Fist,1,-0.01868491619825363
participant_01,1780984274.1782358,Fist,1,-0.03288354515098035
participant_01,1780984274.1792357,Fist,1,-0.04191903630271554
participant_01,1780984274.1802356,Fist,1,-0.04450060520321131
participant_01,1780984274.1812358,Fist,1,-0.04191903630271554
participant_01,1780984274.1822357,Fist,1,-0.03933746740221977
participant_01,1780984274.1832356,Fist,1,-0.03417432960122824
participant_01,1780984274.1842358,Fist,1,-0.003195502795279026
participant_01,1780984274.1852357,Fist,1,0.04585430631414056
participant_01,1780984274.1862357,Fist,1,0.09748568432405591
participant_01,1780984274.1872356,Fist,1,0.11942901997826993
participant_01,1780984274.1882358,Fist,1,0.1310460800305009
participant_01,1780984274.1892357,Fist,1,0.1387907867319882
participant_01,1780984274.1902356,Fist,1,0.14008157118223608
participant_01,1780984274.1912358,Fist,1,0.1387907867319882
participant_01,1780984274.1922357,Fist,1,0.13620921783149242
participant_01,1780984274.1932356,Fist,1,0.1310460800305009
participant_01,1780984274.1942358,Fist,1,0.1065211754757911
participant_01,1780984274.1952357,Fist,1,0.061343719717115164
participant_01,1780984274.1962357,Fist,1,0.01229391060769558
participant_01,1780984274.1972356,Fist,1,-0.01868491619825363
participant_01,1780984274.1982358,Fist,1,-0.03288354515098035
participant_01,1780984274.1992357,Fist,1,-0.040628251852467656
participant_01,1780984274.2002356,Fist,1,-0.04450060520321131
participant_01,1780984274.2012358,Fist,1,-0.043209820752963424
participant_01,1780984274.2022357,Fist,1,-0.03933746740221977
participant_01,1780984274.2032356,Fist,1,-0.03417432960122824
participant_01,1780984274.2042358,Fist,1,-0.003195502795279026
participant_01,1780984274.2052357,Fist,1,0.04585430631414056
participant_01,1780984274.2062356,Fist,1,0.09619489987380803
participant_01,1780984274.2072358,Fist,1,0.11813823552802205
participant_01,1780984274.2082357,Fist,1,0.1310460800305009
participant_01,1780984274.2092357,Fist,1,0.1387907867319882
participant_01,1780984274.2102356,Fist,1,0.14137235563248396
participant_01,1780984274.2112358,Fist,1,0.1387907867319882
participant_01,1780984274.2122357,Fist,1,0.13491843338124454
participant_01,1780984274.2132356,Fist,1,0.1310460800305009
participant_01,1780984274.2142358,Fist,1,0.10523039102554321
participant_01,1780984274.2152357,Fist,1,0.06005293526686728
participant_01,1780984274.2162356,Fist,1,0.01229391060769558
participant_01,1780984274.2172358,Fist,1,-0.017394131748005748
participant_01,1780984274.2182357,Fist,1,-0.03288354515098035
participant_01,1780984274.2192357,Fist,1,-0.040628251852467656
participant_01,1780984274.2202356,Fist,1,-0.04579138965345919
participant_01,1780984274.2212358,Fist,1,-0.043209820752963424
participant_01,1780984274.2222357,Fist,1,-0.03933746740221977
participant_01,1780984274.2232356,Fist,1,-0.03417432960122824
participant_01,1780984274.2242358,Fist,1,-0.003195502795279026
participant_01,1780984274.2252357,Fist,1,0.044563521863892674
participant_01,1780984274.2262356,Fist,1,0.09619489987380803
participant_01,1780984274.2272358,Fist,1,0.11813823552802205
participant_01,1780984274.2282357,Fist,1,0.1310460800305009
participant_01,1780984274.2292356,Fist,1,0.1375000022817403
participant_01,1780984274.2302356,Fist,1,0.14008157118223608
participant_01,1780984274.2312357,Fist,1,0.1387907867319882
participant_01,1780984274.2322357,Fist,1,0.13491843338124454
participant_01,1780984274.2332356,Fist,1,0.1310460800305009
participant_01,1780984274.2342358,Fist,1,0.1065211754757911
participant_01,1780984274.2352357,Fist,1,0.061343719717115164
participant_01,1780984274.2362356,Fist,1,0.01229391060769558
participant_01,1780984274.2372358,Fist,1,-0.01868491619825363
participant_01,1780984274.2382357,Fist,1,-0.03417432960122824
participant_01,1780984274.2392356,Fist,1,-0.04191903630271554
participant_01,1780984274.2402358,Fist,1,-0.04450060520321131
participant_01,1780984274.2412357,Fist,1,-0.043209820752963424
participant_01,1780984274.2422357,Fist,1,-0.03933746740221977
participant_01,1780984274.2432356,Fist,1,-0.03546511405147612
participant_01,1780984274.2442358,Fist,1,-0.003195502795279026
participant_01,1780984274.2452357,Fist,1,0.04585430631414056
participant_01,1780984274.2462356,Fist,1,0.09748568432405591
participant_01,1780984274.2472358,Fist,1,0.11942901997826993
participant_01,1780984274.2482357,Fist,1,0.1310460800305009
participant_01,1780984274.2492356,Fist,1,0.1375000022817403
participant_01,1780984274.2502358,Fist,1,0.14008157118223608
participant_01,1780984274.2512357,Fist,1,0.1387907867319882
participant_01,1780984274.2522357,Fist,1,0.13491843338124454
participant_01,1780984274.2532356,Fist,1,0.13233686448074877
participant_01,1780984274.2542357,Fist,1,0.1065211754757911
participant_01,1780984274.2552357,Fist,1,0.061343719717115164
participant_01,1780984274.2661836,Fist,1,0.013584695057943463
participant_01,1780984274.2671835,Fist,1,-0.019975700648501515
participant_01,1780984274.2681837,Fist,1,-0.03159276070073247
participant_01,1780984274.2691836,Fist,1,-0.04191903630271554
participant_01,1780984274.2701836,Fist,1,-0.04450060520321131
participant_01,1780984274.2711837,Fist,1,-0.043209820752963424
participant_01,1780984274.2721837,Fist,1,-0.040628251852467656
participant_01,1780984274.2731836,Fist,1,-0.03546511405147612
participant_01,1780984274.2741835,Fist,1,-0.00448628724552691
participant_01,1780984274.2751837,Fist,1,0.044563521863892674
participant_01,1780984274.2761836,Fist,1,0.09619489987380803
participant_01,1780984274.2771835,Fist,1,0.11813823552802205
participant_01,1780984274.2781837,Fist,1,0.1310460800305009
participant_01,1780984274.2791836,Fist,1,0.1375000022817403
participant_01,1780984274.2801836,Fist,1,0.14008157118223608
participant_01,1780984274.2811837,Fist,1,0.1375000022817403
participant_01,1780984274.2821836,Fist,1,0.13620921783149242
participant_01,1780984274.2831836,Fist,1,0.1310460800305009
participant_01,1780984274.2841835,Fist,1,0.1065211754757911
participant_01,1780984274.2851837,Fist,1,0.061343719717115164
participant_01,1780984274.2861836,Fist,1,0.013584695057943463
participant_01,1780984274.2871835,Fist,1,-0.01868491619825363
participant_01,1780984274.2881837,Fist,1,-0.03288354515098035
participant_01,1780984274.2891836,Fist,1,-0.040628251852467656
participant_01,1780984274.2901835,Fist,1,-0.04450060520321131
participant_01,1780984274.2911837,Fist,1,-0.043209820752963424
participant_01,1780984274.2921836,Fist,1,-0.03933746740221977
participant_01,1780984274.2931836,Fist,1,-0.03417432960122824
participant_01,1780984274.2941837,Fist,1,-0.00448628724552691
participant_01,1780984274.2951837,Fist,1,0.04327273741364479
participant_01,1780984274.2961836,Fist,1,0.09619489987380803
participant_01,1780984274.2971835,Fist,1,0.11813823552802205
participant_01,1780984274.2981837,Fist,1,0.1310460800305009
participant_01,1780984274.2991836,Fist,1,0.1375000022817403
participant_01,1780984274.3001835,Fist,1,0.14008157118223608
participant_01,1780984274.3011837,Fist,1,0.1387907867319882
participant_01,1780984274.3021836,Fist,1,0.13620921783149242
participant_01,1780984274.3031836,Fist,1,0.1310460800305009
participant_01,1780984274.3041837,Fist,1,0.1065211754757911
participant_01,1780984274.3051836,Fist,1,0.06263450416736305
participant_01,1780984274.3061836,Fist,1,0.013584695057943463
participant_01,1780984274.3071835,Fist,1,-0.017394131748005748
participant_01,1780984274.3081837,Fist,1,-0.03159276070073247
participant_01,1780984274.3091836,Fist,1,-0.04191903630271554
participant_01,1780984274.3101835,Fist,1,-0.04450060520321131
participant_01,1780984274.3111837,Fist,1,-0.043209820752963424
participant_01,1780984274.3121836,Fist,1,-0.040628251852467656
participant_01,1780984274.3131835,Fist,1,-0.03546511405147612
participant_01,1780984274.3141837,Fist,1,-0.005777071695774794
participant_01,1780984274.3151836,Fist,1,0.04327273741364479
participant_01,1780984274.3161836,Fist,1,0.09490411542356014
participant_01,1780984274.3171837,Fist,1,0.11813823552802205
participant_01,1780984274.3181837,Fist,1,0.12846451113000512
participant_01,1780984274.3191836,Fist,1,0.1375000022817403
participant_01,1780984274.3201835,Fist,1,0.14008157118223608
participant_01,1780984274.3211837,Fist,1,0.1387907867319882
participant_01,1780984274.3221836,Fist,1,0.13491843338124454
participant_01,1780984274.3231835,Fist,1,0.1310460800305009
participant_01,1780984274.3241837,Fist,1,0.1065211754757911
participant_01,1780984274.3251836,Fist,1,0.06263450416736305
participant_01,1780984274.3261836,Fist,1,0.013584695057943463
participant_01,1780984274.3271837,Fist,1,-0.01868491619825363
participant_01,1780984274.3281837,Fist,1,-0.03288354515098035
participant_01,1780984274.3291836,Fist,1,-0.04191903630271554
participant_01,1780984274.3301835,Fist,1,-0.04450060520321131
participant_01,1780984274.3311837,Fist,1,-0.04191903630271554
participant_01,1780984274.3321836,Fist,1,-0.03933746740221977
participant_01,1780984274.3331835,Fist,1,-0.03546511405147612
participant_01,1780984274.3341837,Fist,1,-0.00448628724552691
participant_01,1780984274.3351836,Fist,1,0.044563521863892674
participant_01,1780984274.3361835,Fist,1,0.09619489987380803
participant_01,1780984274.3371837,Fist,1,0.11813823552802205
participant_01,1780984274.3381836,Fist,1,0.1310460800305009
participant_01,1780984274.3391836,Fist,1,0.1375000022817403
participant_01,1780984274.3401835,Fist,1,0.14008157118223608
participant_01,1780984274.3411837,Fist,1,0.1387907867319882
participant_01,1780984274.3421836,Fist,1,0.13620921783149242
participant_01,1780984274.3431835,Fist,1,0.13233686448074877
participant_01,1780984274.3441837,Fist,1,0.10781195992603898
participant_01,1780984274.3451836,Fist,1,0.06392528861761093
participant_01,1780984274.3461835,Fist,1,0.013584695057943463
participant_01,1780984274.3471837,Fist,1,-0.017394131748005748
participant_01,1780984274.3481836,Fist,1,-0.03159276070073247
participant_01,1780984274.3491836,Fist,1,-0.040628251852467656
participant_01,1780984274.3501837,Fist,1,-0.04579138965345919
participant_01,1780984274.3511837,Fist,1,-0.043209820752963424
participant_01,1780984274.3521836,Fist,1,-0.03933746740221977
participant_01,1780984274.3531835,Fist,1,-0.03546511405147612
participant_01,1780984274.3541837,Fist,1,-0.005777071695774794
participant_01,1780984274.3551836,Fist,1,0.044563521863892674
participant_01,1780984274.3561835,Fist,1,0.09619489987380803
participant_01,1780984274.3571837,Fist,1,0.11684745107777417
participant_01,1780984274.3581836,Fist,1,0.129755295580253
participant_01,1780984274.3591835,Fist,1,0.1375000022817403
participant_01,1780984274.3601837,Fist,1,0.14137235563248396
participant_01,1780984274.3611836,Fist,1,0.1387907867319882
participant_01,1780984274.3621836,Fist,1,0.13491843338124454
participant_01,1780984274.3631835,Fist,1,0.1310460800305009
participant_01,1780984274.3641837,Fist,1,0.1065211754757911
participant_01,1780984274.3651836,Fist,1,0.06392528861761093
participant_01,1780984274.3605068,Fist,1,0.013584695057943463
participant_01,1780984274.3615067,Fist,1,-0.01868491619825363
participant_01,1780984274.3625069,Fist,1,-0.03159276070073247
participant_01,1780984274.3635068,Fist,1,-0.04191903630271554
participant_01,1780984274.3645067,Fist,1,-0.04579138965345919
participant_01,1780984274.365507,Fist,1,-0.043209820752963424
participant_01,1780984274.3665068,Fist,1,-0.040628251852467656
participant_01,1780984274.3675067,Fist,1,-0.03546511405147612
participant_01,1780984274.3685067,Fist,1,-0.005777071695774794
participant_01,1780984274.3695068,Fist,1,0.04198195296339691
participant_01,1780984274.3705068,Fist,1,0.09361333097331226
participant_01,1780984274.3715067,Fist,1,0.11813823552802205
participant_01,1780984274.3725069,Fist,1,0.12846451113000512
participant_01,1780984274.3735068,Fist,1,0.13620921783149242
participant_01,1780984274.3745067,Fist,1,0.14008157118223608
participant_01,1780984274.3755069,Fist,1,0.1375000022817403
participant_01,1780984274.3765068,Fist,1,0.13491843338124454
participant_01,1780984274.3775067,Fist,1,0.1310460800305009
participant_01,1780984274.3785067,Fist,1,0.10781195992603898
participant_01,1780984274.3795068,Fist,1,0.06392528861761093
participant_01,1780984274.3805068,Fist,1,0.013584695057943463
participant_01,1780984274.3815067,Fist,1,-0.017394131748005748
participant_01,1780984274.3825068,Fist,1,-0.03159276070073247
participant_01,1780984274.3835068,Fist,1,-0.040628251852467656
participant_01,1780984274.3845067,Fist,1,-0.04579138965345919
participant_01,1780984274.3855069,Fist,1,-0.043209820752963424
participant_01,1780984274.3865068,Fist,1,-0.040628251852467656
participant_01,1780984274.3875067,Fist,1,-0.03546511405147612
participant_01,1780984274.388507,Fist,1,-0.007067856146022677
participant_01,1780984274.3895068,Fist,1,0.04327273741364479
participant_01,1780984274.3905067,Fist,1,0.09490411542356014
participant_01,1780984274.3915067,Fist,1,0.11813823552802205
participant_01,1780984274.3925068,Fist,1,0.12846451113000512
participant_01,1780984274.3935068,Fist,1,0.13620921783149242
participant_01,1780984274.3945067,Fist,1,0.14008157118223608
participant_01,1780984274.3955069,Fist,1,0.1387907867319882
participant_01,1780984274.3965068,Fist,1,0.13620921783149242
participant_01,1780984274.3975067,Fist,1,0.1310460800305009
participant_01,1780984274.3985069,Fist,1,0.10781195992603898
participant_01,1780984274.3995068,Fist,1,0.06392528861761093
participant_01,1780984274.4005067,Fist,1,0.014875479508191347
participant_01,1780984274.4015067,Fist,1,-0.01868491619825363
participant_01,1780984274.4025068,Fist,1,-0.03288354515098035
participant_01,1780984274.4035068,Fist,1,-0.04191903630271554
participant_01,1780984274.4045067,Fist,1,-0.04450060520321131
participant_01,1780984274.4055068,Fist,1,-0.043209820752963424
participant_01,1780984274.4065068,Fist,1,-0.040628251852467656
participant_01,1780984274.4075067,Fist,1,-0.03546511405147612
participant_01,1780984274.4085069,Fist,1,-0.007067856146022677
participant_01,1780984274.4095068,Fist,1,0.04198195296339691
participant_01,1780984274.4105067,Fist,1,0.09490411542356014
participant_01,1780984274.411507,Fist,1,0.11813823552802205
participant_01,1780984274.4125068,Fist,1,0.1310460800305009
participant_01,1780984274.4135067,Fist,1,0.13620921783149242
participant_01,1780984274.4145067,Fist,1,0.1387907867319882
participant_01,1780984274.4155068,Fist,1,0.1387907867319882
participant_01,1780984274.4165068,Fist,1,0.13491843338124454
participant_01,1780984274.4175067,Fist,1,0.1310460800305009
participant_01,1780984274.4185069,Fist,1,0.10781195992603898
participant_01,1780984274.4195068,Fist,1,0.06263450416736305
participant_01,1780984274.4205067,Fist,1,0.014875479508191347
participant_01,1780984274.421507,Fist,1,-0.017394131748005748
participant_01,1780984274.4225068,Fist,1,-0.03159276070073247
participant_01,1780984274.4235067,Fist,1,-0.040628251852467656
participant_01,1780984274.4245067,Fist,1,-0.04579138965345919
participant_01,1780984274.4255068,Fist,1,-0.043209820752963424
participant_01,1780984274.4265068,Fist,1,-0.03933746740221977
participant_01,1780984274.4275067,Fist,1,-0.03546511405147612
participant_01,1780984274.4285069,Fist,1,-0.007067856146022677
participant_01,1780984274.4295068,Fist,1,0.04198195296339691
participant_01,1780984274.4305067,Fist,1,0.09490411542356014
participant_01,1780984274.4315069,Fist,1,0.11813823552802205
participant_01,1780984274.4325068,Fist,1,0.12846451113000512
participant_01,1780984274.4335067,Fist,1,0.13620921783149242
participant_01,1780984274.4345067,Fist,1,0.14008157118223608
participant_01,1780984274.4355068,Fist,1,0.1375000022817403
participant_01,1780984274.4365067,Fist,1,0.13491843338124454
participant_01,1780984274.4375067,Fist,1,0.1310460800305009
participant_01,1780984274.4385068,Fist,1,0.10781195992603898
participant_01,1780984274.4395068,Fist,1,0.06392528861761093
participant_01,1780984274.4405067,Fist,1,0.014875479508191347
participant_01,1780984274.4415069,Fist,1,-0.017394131748005748
participant_01,1780984274.4425068,Fist,1,-0.03159276070073247
participant_01,1780984274.4435067,Fist,1,-0.040628251852467656
participant_01,1780984274.444507,Fist,1,-0.04579138965345919
participant_01,1780984274.4455068,Fist,1,-0.043209820752963424
participant_01,1780984274.4465067,Fist,1,-0.040628251852467656
participant_01,1780984274.4475067,Fist,1,-0.03546511405147612
participant_01,1780984274.4485068,Fist,1,-0.007067856146022677
participant_01,1780984274.4495068,Fist,1,0.04198195296339691
participant_01,1780984274.4505067,Fist,1,0.09361333097331226
participant_01,1780984274.4515069,Fist,1,0.11813823552802205
participant_01,1780984274.4525068,Fist,1,0.129755295580253
participant_01,1780984274.4535067,Fist,1,0.1375000022817403
participant_01,1780984274.4545069,Fist,1,0.14008157118223608
participant_01,1780984274.4555068,Fist,1,0.1387907867319882
participant_01,1780984274.4565067,Fist,1,0.13491843338124454
participant_01,1780984274.4575067,Fist,1,0.1310460800305009
participant_01,1780984274.4585068,Fist,1,0.10910274437628686
participant_01,1780984274.4595068,Fist,1,0.06521607306785882
participant_01,1780984274.4688094,Fist,1,0.01616626395843923
participant_01,1780984274.4698093,Fist,1,-0.017394131748005748
participant_01,1780984274.4708095,Fist,1,-0.03159276070073247
participant_01,1780984274.4718094,Fist,1,-0.040628251852467656
participant_01,1780984274.4728093,Fist,1,-0.04450060520321131
participant_01,1780984274.4738095,Fist,1,-0.043209820752963424
participant_01,1780984274.4748094,Fist,1,-0.040628251852467656
participant_01,1780984274.4758093,Fist,1,-0.03546511405147612
participant_01,1780984274.4768093,Fist,1,-0.007067856146022677
participant_01,1780984274.4778094,Fist,1,0.04069116851314902
participant_01,1780984274.4788094,Fist,1,0.09361333097331226
participant_01,1780984274.4798093,Fist,1,0.11555666662752628
participant_01,1780984274.4808095,Fist,1,0.129755295580253
participant_01,1780984274.4818094,Fist,1,0.1375000022817403
participant_01,1780984274.4828093,Fist,1,0.14137235563248396
participant_01,1780984274.4838095,Fist,1,0.1387907867319882
participant_01,1780984274.4848094,Fist,1,0.13620921783149242
participant_01,1780984274.4858093,Fist,1,0.1310460800305009
participant_01,1780984274.4868093,Fist,1,0.10910274437628686
participant_01,1780984274.4878094,Fist,1,0.06521607306785882
participant_01,1780984274.4888093,Fist,1,0.014875479508191347
participant_01,1780984274.4898093,Fist,1,-0.016103347297757864
participant_01,1780984274.4908094,Fist,1,-0.03159276070073247
participant_01,1780984274.4918094,Fist,1,-0.040628251852467656
participant_01,1780984274.4928093,Fist,1,-0.04450060520321131
participant_01,1780984274.4938095,Fist,1,-0.043209820752963424
participant_01,1780984274.4948094,Fist,1,-0.03933746740221977
participant_01,1780984274.4958093,Fist,1,-0.03417432960122824
participant_01,1780984274.4968095,Fist,1,-0.008358640596270561
participant_01,1780984274.4978094,Fist,1,0.04069116851314902
participant_01,1780984274.4988093,Fist,1,0.09232254652306437
participant_01,1780984274.4998093,Fist,1,0.11813823552802205
participant_01,1780984274.5008094,Fist,1,0.129755295580253
participant_01,1780984274.5018094,Fist,1,0.1375000022817403
participant_01,1780984274.5028093,Fist,1,0.14008157118223608
participant_01,1780984274.5038095,Fist,1,0.1387907867319882
participant_01,1780984274.5048094,Fist,1,0.13620921783149242
participant_01,1780984274.5058093,Fist,1,0.13233686448074877
participant_01,1780984274.5068095,Fist,1,0.10910274437628686
participant_01,1780984274.5078094,Fist,1,0.0665068575181067
participant_01,1780984274.5088093,Fist,1,0.01616626395843923
participant_01,1780984274.5098093,Fist,1,-0.016103347297757864
participant_01,1780984274.5108094,Fist,1,-0.03288354515098035
participant_01,1780984274.5118093,Fist,1,-0.040628251852467656
participant_01,1780984274.5128093,Fist,1,-0.04450060520321131
participant_01,1780984274.5138094,Fist,1,-0.043209820752963424
participant_01,1780984274.5148094,Fist,1,-0.040628251852467656
participant_01,1780984274.5158093,Fist,1,-0.03417432960122824
participant_01,1780984274.5168095,Fist,1,-0.007067856146022677
participant_01,1780984274.5178094,Fist,1,0.04069116851314902
participant_01,1780984274.5188093,Fist,1,0.09361333097331226
participant_01,1780984274.5198095,Fist,1,0.11813823552802205
participant_01,1780984274.5208094,Fist,1,0.129755295580253
participant_01,1780984274.5218093,Fist,1,0.13620921783149242
participant_01,1780984274.5228093,Fist,1,0.14137235563248396
participant_01,1780984274.5238094,Fist,1,0.1387907867319882
participant_01,1780984274.5248094,Fist,1,0.13620921783149242
participant_01,1780984274.5258093,Fist,1,0.13233686448074877
participant_01,1780984274.5268095,Fist,1,0.11039352882653475
participant_01,1780984274.5278094,Fist,1,0.0665068575181067
participant_01,1780984274.5288093,Fist,1,0.01616626395843923
participant_01,1780984274.5298095,Fist,1,-0.01481256284750998
participant_01,1780984274.5308094,Fist,1,-0.030301976250484586
participant_01,1780984274.5318093,Fist,1,-0.040628251852467656
participant_01,1780984274.5328093,Fist,1,-0.04450060520321131
participant_01,1780984274.5338094,Fist,1,-0.043209820752963424
participant_01,1780984274.5348094,Fist,1,-0.03933746740221977
participant_01,1780984274.5358093,Fist,1,-0.03546511405147612
participant_01,1780984274.5368094,Fist,1,-0.008358640596270561
participant_01,1780984274.5378094,Fist,1,0.04069116851314902
participant_01,1780984274.5388093,Fist,1,0.09361333097331226
participant_01,1780984274.5398095,Fist,1,0.11684745107777417
participant_01,1780984274.5408094,Fist,1,0.12846451113000512
participant_01,1780984274.5418093,Fist,1,0.13620921783149242
participant_01,1780984274.5428092,Fist,1,0.14008157118223608
participant_01,1780984274.5438094,Fist,1,0.1387907867319882
participant_01,1780984274.5448093,Fist,1,0.13620921783149242
participant_01,1780984274.5458093,Fist,1,0.1310460800305009
participant_01,1780984274.5468094,Fist,1,0.11039352882653475
participant_01,1780984274.5478094,Fist,1,0.0665068575181067
participant_01,1780984274.5488093,Fist,1,0.014875479508191347
participant_01,1780984274.5498095,Fist,1,-0.016103347297757864
participant_01,1780984274.5508094,Fist,1,-0.03288354515098035
participant_01,1780984274.5518093,Fist,1,-0.040628251852467656
participant_01,1780984274.5528095,Fist,1,-0.04450060520321131
participant_01,1780984274.5538094,Fist,1,-0.043209820752963424
participant_01,1780984274.5548093,Fist,1,-0.03933746740221977
participant_01,1780984274.5558093,Fist,1,-0.03546511405147612
participant_01,1780984274.5568094,Fist,1,-0.008358640596270561
participant_01,1780984274.5578094,Fist,1,0.03940038406290114
participant_01,1780984274.5588093,Fist,1,0.09232254652306437
participant_01,1780984274.5598094,Fist,1,0.11684745107777417
participant_01,1780984274.5608094,Fist,1,0.129755295580253
participant_01,1780984274.5618093,Fist,1,0.13620921783149242
participant_01,1780984274.5628095,Fist,1,0.14008157118223608
participant_01,1780984274.5638094,Fist,1,0.1387907867319882
participant_01,1780984274.5648093,Fist,1,0.13620921783149242
participant_01,1780984274.5658092,Fist,1,0.1310460800305009
participant_01,1780984274.5668094,Fist,1,0.11039352882653475
participant_01,1780984274.5678093,Fist,1,0.0665068575181067
participant_01,1780984274.5633476,Fist,1,0.01616626395843923
participant_01,1780984274.5643475,Fist,1,-0.016103347297757864
participant_01,1780984274.5653477,Fist,1,-0.03159276070073247
participant_01,1780984274.5663476,Fist,1,-0.040628251852467656
participant_01,1780984274.5673475,Fist,1,-0.04450060520321131
participant_01,1780984274.5683477,Fist,1,-0.043209820752963424
participant_01,1780984274.5693476,Fist,1,-0.03933746740221977
participant_01,1780984274.5703475,Fist,1,-0.03546511405147612
participant_01,1780984274.5713475,Fist,1,-0.008358640596270561
participant_01,1780984274.5723476,Fist,1,0.04069116851314902
participant_01,1780984274.5733476,Fist,1,0.09232254652306437
participant_01,1780984274.5743475,Fist,1,0.11813823552802205
participant_01,1780984274.5753477,Fist,1,0.129755295580253
participant_01,1780984274.5763476,Fist,1,0.1375000022817403
participant_01,1780984274.5773475,Fist,1,0.14137235563248396
participant_01,1780984274.5783477,Fist,1,0.1387907867319882
participant_01,1780984274.5793476,Fist,1,0.13620921783149242
participant_01,1780984274.5803475,Fist,1,0.1310460800305009
participant_01,1780984274.5813475,Fist,1,0.11039352882653475
participant_01,1780984274.5823476,Fist,1,0.0665068575181067
participant_01,1780984274.5833476,Fist,1,0.01616626395843923
participant_01,1780984274.5843475,Fist,1,-0.01481256284750998
participant_01,1780984274.5853477,Fist,1,-0.03159276070073247
participant_01,1780984274.5863476,Fist,1,-0.040628251852467656
participant_01,1780984274.5873475,Fist,1,-0.04579138965345919
participant_01,1780984274.5883477,Fist,1,-0.043209820752963424
participant_01,1780984274.5893476,Fist,1,-0.03933746740221977
participant_01,1780984274.5903475,Fist,1,-0.03546511405147612
participant_01,1780984274.5913477,Fist,1,-0.008358640596270561
participant_01,1780984274.5923476,Fist,1,0.03940038406290114
participant_01,1780984274.5933475,Fist,1,0.09232254652306437
participant_01,1780984274.5943475,Fist,1,0.11684745107777417
participant_01,1780984274.5953476,Fist,1,0.12846451113000512
participant_01,1780984274.5963476,Fist,1,0.1375000022817403
participant_01,1780984274.5973475,Fist,1,0.14008157118223608
participant_01,1780984274.5983477,Fist,1,0.1387907867319882
participant_01,1780984274.5993476,Fist,1,0.13620921783149242
participant_01,1780984274.6003475,Fist,1,0.13233686448074877
participant_01,1780984274.6013477,Fist,1,0.11039352882653475
participant_01,1780984274.6023476,Fist,1,0.06779764196835458
participant_01,1780984274.6033475,Fist,1,0.017457048408687115
participant_01,1780984274.6043475,Fist,1,-0.01481256284750998
participant_01,1780984274.6053476,Fist,1,-0.03159276070073247
participant_01,1780984274.6063476,Fist,1,-0.03933746740221977
participant_01,1780984274.6073475,Fist,1,-0.04450060520321131
participant_01,1780984274.6083477,Fist,1,-0.043209820752963424
participant_01,1780984274.6093476,Fist,1,-0.03933746740221977
participant_01,1780984274.6103475,Fist,1,-0.03546511405147612
participant_01,1780984274.6113477,Fist,1,-0.008358640596270561
participant_01,1780984274.6123476,Fist,1,0.03940038406290114
participant_01,1780984274.6133475,Fist,1,0.09232254652306437
participant_01,1780984274.6143477,Fist,1,0.11684745107777417
participant_01,1780984274.6153476,Fist,1,0.129755295580253
participant_01,1780984274.6163476,Fist,1,0.1375000022817403
participant_01,1780984274.6173475,Fist,1,0.14008157118223608
participant_01,1780984274.6183476,Fist,1,0.1387907867319882
participant_01,1780984274.6193476,Fist,1,0.13491843338124454
participant_01,1780984274.6203475,Fist,1,0.13233686448074877
participant_01,1780984274.6213477,Fist,1,0.11168431327678263
participant_01,1780984274.6223476,Fist,1,0.0665068575181067
participant_01,1780984274.6233475,Fist,1,0.017457048408687115
participant_01,1780984274.6243477,Fist,1,-0.01481256284750998
participant_01,1780984274.6253476,Fist,1,-0.03159276070073247
participant_01,1780984274.6263475,Fist,1,-0.040628251852467656
participant_01,1780984274.6273475,Fist,1,-0.04450060520321131
participant_01,1780984274.6283476,Fist,1,-0.043209820752963424
participant_01,1780984274.6293476,Fist,1,-0.040628251852467656
participant_01,1780984274.6303475,Fist,1,-0.03546511405147612
participant_01,1780984274.6313477,Fist,1,-0.009649425046518445
participant_01,1780984274.6323476,Fist,1,0.038109599612653255
participant_01,1780984274.6333475,Fist,1,0.09103176207281649
participant_01,1780984274.6343477,Fist,1,0.11555666662752628
participant_01,1780984274.6353476,Fist,1,0.129755295580253
participant_01,1780984274.6363475,Fist,1,0.1375000022817403
participant_01,1780984274.6373475,Fist,1,0.14137235563248396
participant_01,1780984274.6383476,Fist,1,0.1387907867319882
participant_01,1780984274.6393476,Fist,1,0.13620921783149242
participant_01,1780984274.6403475,Fist,1,0.13233686448074877
participant_01,1780984274.6413476,Fist,1,0.11168431327678263
participant_01,1780984274.6423476,Fist,1,0.06779764196835458
participant_01,1780984274.6433475,Fist,1,0.017457048408687115
participant_01,1780984274.6443477,Fist,1,-0.01481256284750998
participant_01,1780984274.6453476,Fist,1,-0.03159276070073247
participant_01,1780984274.6463475,Fist,1,-0.03933746740221977
participant_01,1780984274.6473477,Fist,1,-0.04450060520321131
participant_01,1780984274.6483476,Fist,1,-0.043209820752963424
participant_01,1780984274.6493475,Fist,1,-0.03933746740221977
participant_01,1780984274.6503475,Fist,1,-0.03546511405147612
participant_01,1780984274.6513476,Fist,1,-0.009649425046518445
participant_01,1780984274.6523476,Fist,1,0.038109599612653255
participant_01,1780984274.6533475,Fist,1,0.08974097762256861
participant_01,1780984274.6543477,Fist,1,0.11555666662752628
participant_01,1780984274.6553476,Fist,1,0.12846451113000512
participant_01,1780984274.6563475,Fist,1,0.13620921783149242
participant_01,1780984274.6573477,Fist,1,0.14008157118223608
participant_01,1780984274.6583476,Fist,1,0.1387907867319882
participant_01,1780984274.6593475,Fist,1,0.13620921783149242
participant_01,1780984274.6603475,Fist,1,0.1310460800305009
participant_01,1780984274.6613476,Fist,1,0.11168431327678263
participant_01,1780984274.6623476,Fist,1,0.06779764196835458
participant_01,1780984274.6575627,Fist,1,0.017457048408687115
participant_01,1780984274.6585627,Fist,1,-0.016103347297757864
participant_01,1780984274.6595628,Fist,1,-0.030301976250484586
participant_01,1780984274.6605628,Fist,1,-0.03933746740221977
participant_01,1780984274.6615627,Fist,1,-0.04450060520321131
participant_01,1780984274.6625628,Fist,1,-0.043209820752963424
participant_01,1780984274.6635628,Fist,1,-0.03933746740221977
participant_01,1780984274.6645627,Fist,1,-0.03546511405147612
participant_01,1780984274.6655626,Fist,1,-0.009649425046518445
participant_01,1780984274.6665628,Fist,1,0.038109599612653255
participant_01,1780984274.6675627,Fist,1,0.08974097762256861
participant_01,1780984274.6685627,Fist,1,0.11555666662752628
participant_01,1780984274.6695628,Fist,1,0.12846451113000512
participant_01,1780984274.6705627,Fist,1,0.1375000022817403
participant_01,1780984274.6715627,Fist,1,0.14008157118223608
participant_01,1780984274.6725628,Fist,1,0.1387907867319882
participant_01,1780984274.6735628,Fist,1,0.13620921783149242
participant_01,1780984274.6745627,Fist,1,0.1310460800305009
participant_01,1780984274.6755626,Fist,1,0.11168431327678263
participant_01,1780984274.6765628,Fist,1,0.06779764196835458
participant_01,1780984274.6775627,Fist,1,0.018747832858935
participant_01,1780984274.6785626,Fist,1,-0.01481256284750998
participant_01,1780984274.6795628,Fist,1,-0.03288354515098035
participant_01,1780984274.6805627,Fist,1,-0.03933746740221977
participant_01,1780984274.6815627,Fist,1,-0.04450060520321131
participant_01,1780984274.6825628,Fist,1,-0.04191903630271554
participant_01,1780984274.6835628,Fist,1,-0.03933746740221977
participant_01,1780984274.6845627,Fist,1,-0.03546511405147612
participant_01,1780984274.6855628,Fist,1,-0.009649425046518445
participant_01,1780984274.6865628,Fist,1,0.038109599612653255
participant_01,1780984274.6875627,Fist,1,0.09103176207281649
participant_01,1780984274.6885626,Fist,1,0.11684745107777417
participant_01,1780984274.6895628,Fist,1,0.129755295580253
participant_01,1780984274.6905627,Fist,1,0.13620921783149242
participant_01,1780984274.6915627,Fist,1,0.14008157118223608
participant_01,1780984274.6925628,Fist,1,0.1387907867319882
participant_01,1780984274.6935627,Fist,1,0.13620921783149242
participant_01,1780984274.6945627,Fist,1,0.1310460800305009
participant_01,1780984274.6955628,Fist,1,0.11168431327678263
participant_01,1780984274.6965628,Fist,1,0.06908842641860247
participant_01,1780984274.6975627,Fist,1,0.018747832858935
participant_01,1780984274.6985626,Fist,1,-0.01481256284750998
participant_01,1780984274.6995628,Fist,1,-0.03159276070073247
participant_01,1780984274.7005627,Fist,1,-0.04191903630271554
participant_01,1780984274.7015626,Fist,1,-0.04450060520321131
participant_01,1780984274.7025628,Fist,1,-0.043209820752963424
participant_01,1780984274.7035627,Fist,1,-0.03933746740221977
participant_01,1780984274.7045627,Fist,1,-0.03546511405147612
participant_01,1780984274.7055628,Fist,1,-0.010940209496766329
participant_01,1780984274.7065628,Fist,1,0.038109599612653255
participant_01,1780984274.7075627,Fist,1,0.08974097762256861
participant_01,1780984274.7085629,Fist,1,0.11684745107777417
participant_01,1780984274.7095628,Fist,1,0.12846451113000512
participant_01,1780984274.7105627,Fist,1,0.1375000022817403
participant_01,1780984274.7115626,Fist,1,0.14137235563248396
participant_01,1780984274.7125628,Fist,1,0.1387907867319882
participant_01,1780984274.7135627,Fist,1,0.13620921783149242
participant_01,1780984274.7145627,Fist,1,0.13233686448074877
participant_01,1780984274.7155628,Fist,1,0.11168431327678263
participant_01,1780984274.7165627,Fist,1,0.06908842641860247
participant_01,1780984274.7175627,Fist,1,0.018747832858935
participant_01,1780984274.7185628,Fist,1,-0.01481256284750998
participant_01,1780984274.7195628,Fist,1,-0.03159276070073247
participant_01,1780984274.7205627,Fist,1,-0.040628251852467656
participant_01,1780984274.7215626,Fist,1,-0.04450060520321131
participant_01,1780984274.7225628,Fist,1,-0.043209820752963424
participant_01,1780984274.7235627,Fist,1,-0.040628251852467656
participant_01,1780984274.7245626,Fist,1,-0.03546511405147612
participant_01,1780984274.7255628,Fist,1,-0.010940209496766329
participant_01,1780984274.7265627,Fist,1,0.03681881516240537
participant_01,1780984274.7275627,Fist,1,0.08974097762256861
participant_01,1780984274.7285628,Fist,1,0.11684745107777417
participant_01,1780984274.7295628,Fist,1,0.12846451113000512
participant_01,1780984274.7305627,Fist,1,0.13620921783149242
participant_01,1780984274.7315626,Fist,1,0.14008157118223608
participant_01,1780984274.7325628,Fist,1,0.1387907867319882
participant_01,1780984274.7335627,Fist,1,0.13620921783149242
participant_01,1780984274.7345626,Fist,1,0.13233686448074877
participant_01,1780984274.7355628,Fist,1,0.11168431327678263
participant_01,1780984274.7365627,Fist,1,0.06908842641860247
participant_01,1780984274.7375627,Fist,1,0.018747832858935
participant_01,1780984274.7385628,Fist,1,-0.01481256284750998
participant_01,1780984274.7395627,Fist,1,-0.030301976250484586
participant_01,1780984274.7405627,Fist,1,-0.03933746740221977
participant_01,1780984274.7415628,Fist,1,-0.04450060520321131
participant_01,1780984274.7425628,Fist,1,-0.043209820752963424
participant_01,1780984274.7435627,Fist,1,-0.040628251852467656
participant_01,1780984274.7445626,Fist,1,-0.03546511405147612
participant_01,1780984274.7455628,Fist,1,-0.012230993947014213
participant_01,1780984274.7465627,Fist,1,0.03552803071215749
participant_01,1780984274.7475626,Fist,1,0.08845019317232072
participant_01,1780984274.7485628,Fist,1,0.11555666662752628
participant_01,1780984274.7495627,Fist,1,0.12846451113000512
participant_01,1780984274.7505627,Fist,1,0.13620921783149242
participant_01,1780984274.7515628,Fist,1,0.14008157118223608
participant_01,1780984274.7525628,Fist,1,0.1387907867319882
participant_01,1780984274.7535627,Fist,1,0.13491843338124454
participant_01,1780984274.7545626,Fist,1,0.13233686448074877
participant_01,1780984274.7555628,Fist,1,0.11297509772703052
participant_01,1780984274.7565627,Fist,1,0.06908842641860247
participant_01,1780984274.7676957,Fist,1,0.020038617309182882
participant_01,1780984274.7686956,Fist,1,-0.013521778397262096
participant_01,1780984274.7696958,Fist,1,-0.03159276070073247
participant_01,1780984274.7706957,Fist,1,-0.040628251852467656
participant_01,1780984274.7716956,Fist,1,-0.04450060520321131
participant_01,1780984274.7726958,Fist,1,-0.043209820752963424
participant_01,1780984274.7736957,Fist,1,-0.03933746740221977
participant_01,1780984274.7746956,Fist,1,-0.03546511405147612
participant_01,1780984274.7756956,Fist,1,-0.010940209496766329
participant_01,1780984274.7766957,Fist,1,0.03552803071215749
participant_01,1780984274.7776957,Fist,1,0.08845019317232072
participant_01,1780984274.7786956,Fist,1,0.11555666662752628
participant_01,1780984274.7796957,Fist,1,0.12717372667975724
participant_01,1780984274.7806957,Fist,1,0.13620921783149242
participant_01,1780984274.7816956,Fist,1,0.14008157118223608
participant_01,1780984274.7826958,Fist,1,0.1387907867319882
participant_01,1780984274.7836957,Fist,1,0.13620921783149242
participant_01,1780984274.7846956,Fist,1,0.13233686448074877
participant_01,1780984274.7856956,Fist,1,0.11297509772703052
participant_01,1780984274.7866957,Fist,1,0.06908842641860247
participant_01,1780984274.7876956,Fist,1,0.020038617309182882
participant_01,1780984274.7886956,Fist,1,-0.013521778397262096
participant_01,1780984274.7896957,Fist,1,-0.030301976250484586
participant_01,1780984274.7906957,Fist,1,-0.03933746740221977
participant_01,1780984274.7916956,Fist,1,-0.04450060520321131
participant_01,1780984274.7926958,Fist,1,-0.04450060520321131
participant_01,1780984274.7936957,Fist,1,-0.040628251852467656
participant_01,1780984274.7946956,Fist,1,-0.03546511405147612
participant_01,1780984274.7956958,Fist,1,-0.010940209496766329
participant_01,1780984274.7966957,Fist,1,0.03552803071215749
participant_01,1780984274.7976956,Fist,1,0.08974097762256861
participant_01,1780984274.7986956,Fist,1,0.11555666662752628
participant_01,1780984274.7996957,Fist,1,0.12846451113000512
participant_01,1780984274.8006957,Fist,1,0.13620921783149242
participant_01,1780984274.8016956,Fist,1,0.14008157118223608
participant_01,1780984274.8026958,Fist,1,0.14008157118223608
participant_01,1780984274.8036957,Fist,1,0.13491843338124454
participant_01,1780984274.8046956,Fist,1,0.1310460800305009
participant_01,1780984274.8056958,Fist,1,0.11297509772703052
participant_01,1780984274.8066957,Fist,1,0.06908842641860247
participant_01,1780984274.8076956,Fist,1,0.020038617309182882
participant_01,1780984274.8086956,Fist,1,-0.013521778397262096
participant_01,1780984274.8096957,Fist,1,-0.030301976250484586
participant_01,1780984274.8106956,Fist,1,-0.040628251852467656
participant_01,1780984274.8116956,Fist,1,-0.04450060520321131
participant_01,1780984274.8126957,Fist,1,-0.043209820752963424
participant_01,1780984274.8136957,Fist,1,-0.03933746740221977
participant_01,1780984274.8146956,Fist,1,-0.03546511405147612
participant_01,1780984274.8156958,Fist,1,-0.012230993947014213
participant_01,1780984274.8166957,Fist,1,0.03552803071215749
participant_01,1780984274.8176956,Fist,1,0.08845019317232072
participant_01,1780984274.8186958,Fist,1,0.11684745107777417
participant_01,1780984274.8196957,Fist,1,0.12846451113000512
participant_01,1780984274.8206956,Fist,1,0.1375000022817403
participant_01,1780984274.8216956,Fist,1,0.14008157118223608
participant_01,1780984274.8226957,Fist,1,0.14008157118223608
participant_01,1780984274.8236957,Fist,1,0.13620921783149242
participant_01,1780984274.8246956,Fist,1,0.13233686448074877
participant_01,1780984274.8256958,Fist,1,0.11297509772703052
participant_01,1780984274.8266957,Fist,1,0.07037921086885035
participant_01,1780984274.8276956,Fist,1,0.020038617309182882
participant_01,1780984274.8286958,Fist,1,-0.013521778397262096
participant_01,1780984274.8296957,Fist,1,-0.030301976250484586
participant_01,1780984274.8306956,Fist,1,-0.03933746740221977
participant_01,1780984274.8316956,Fist,1,-0.04450060520321131
participant_01,1780984274.8326957,Fist,1,-0.043209820752963424
participant_01,1780984274.8336957,Fist,1,-0.040628251852467656
participant_01,1780984274.8346956,Fist,1,-0.03546511405147612
participant_01,1780984274.8356957,Fist,1,-0.010940209496766329
participant_01,1780984274.8366957,Fist,1,0.03681881516240537
participant_01,1780984274.8376956,Fist,1,0.08974097762256861
participant_01,1780984274.8386958,Fist,1,0.11555666662752628
participant_01,1780984274.8396957,Fist,1,0.129755295580253
participant_01,1780984274.8406956,Fist,1,0.1375000022817403
participant_01,1780984274.8416955,Fist,1,0.14008157118223608
participant_01,1780984274.8426957,Fist,1,0.14008157118223608
participant_01,1780984274.8436956,Fist,1,0.13620921783149242
participant_01,1780984274.8446956,Fist,1,0.13233686448074877
participant_01,1780984274.8456957,Fist,1,0.1142658821772784
participant_01,1780984274.8466957,Fist,1,0.07037921086885035
participant_01,1780984274.8476956,Fist,1,0.021329401759430766
participant_01,1780984274.8486958,Fist,1,-0.012230993947014213
participant_01,1780984274.8496957,Fist,1,-0.030301976250484586
participant_01,1780984274.8506956,Fist,1,-0.03933746740221977
participant_01,1780984274.8516958,Fist,1,-0.04450060520321131
participant_01,1780984274.8526957,Fist,1,-0.043209820752963424
participant_01,1780984274.8536956,Fist,1,-0.03933746740221977
participant_01,1780984274.8546956,Fist,1,-0.03546511405147612
participant_01,1780984274.8556957,Fist,1,-0.013521778397262096
participant_01,1780984274.8566957,Fist,1,0.03552803071215749
participant_01,1780984274.8576956,Fist,1,0.08845019317232072
participant_01,1780984274.8586957,Fist,1,0.11684745107777417
participant_01,1780984274.8596957,Fist,1,0.129755295580253
participant_01,1780984274.8606956,Fist,1,0.1375000022817403
participant_01,1780984274.8616958,Fist,1,0.14008157118223608
participant_01,1780984274.8626957,Fist,1,0.1387907867319882
participant_01,1780984274.8636956,Fist,1,0.13620921783149242
participant_01,1780984274.8646955,Fist,1,0.13233686448074877
participant_01,1780984274.8656957,Fist,1,0.11297509772703052
participant_01,1780984274.8666956,Fist,1,0.07166999531909823
participant_01,1780984274.8615282,Fist,1,0.021329401759430766
participant_01,1780984274.862528,Fist,1,-0.013521778397262096
participant_01,1780984274.8635283,Fist,1,-0.030301976250484586
participant_01,1780984274.8645282,Fist,1,-0.03933746740221977
participant_01,1780984274.865528,Fist,1,-0.04450060520321131
participant_01,1780984274.8665283,Fist,1,-0.043209820752963424
participant_01,1780984274.8675282,Fist,1,-0.040628251852467656
participant_01,1780984274.8685281,Fist,1,-0.03546511405147612
participant_01,1780984274.869528,Fist,1,-0.013521778397262096
participant_01,1780984274.8705282,Fist,1,0.034237246261909604
participant_01,1780984274.8715281,Fist,1,0.08715940872207284
participant_01,1780984274.872528,Fist,1,0.11555666662752628
participant_01,1780984274.8735282,Fist,1,0.12717372667975724
participant_01,1780984274.8745282,Fist,1,0.13620921783149242
participant_01,1780984274.875528,Fist,1,0.14008157118223608
participant_01,1780984274.8765283,Fist,1,0.14008157118223608
participant_01,1780984274.8775282,Fist,1,0.13491843338124454
participant_01,1780984274.878528,Fist,1,0.13233686448074877
participant_01,1780984274.879528,Fist,1,0.1142658821772784
participant_01,1780984274.8805282,Fist,1,0.07166999531909823
participant_01,1780984274.8815281,Fist,1,0.021329401759430766
participant_01,1780984274.882528,Fist,1,-0.013521778397262096
participant_01,1780984274.8835282,Fist,1,-0.030301976250484586
participant_01,1780984274.8845282,Fist,1,-0.03933746740221977
participant_01,1780984274.885528,Fist,1,-0.04450060520321131
participant_01,1780984274.8865283,Fist,1,-0.043209820752963424
participant_01,1780984274.8875282,Fist,1,-0.03933746740221977
participant_01,1780984274.888528,Fist,1,-0.03546511405147612
participant_01,1780984274.8895283,Fist,1,-0.010940209496766329
participant_01,1780984274.8905282,Fist,1,0.03681881516240537
participant_01,1780984274.8915281,Fist,1,0.08974097762256861
participant_01,1780984274.892528,Fist,1,0.11684745107777417
participant_01,1780984274.8935282,Fist,1,0.12846451113000512
participant_01,1780984274.8945282,Fist,1,0.13620921783149242
participant_01,1780984274.895528,Fist,1,0.14137235563248396
participant_01,1780984274.8965282,Fist,1,0.14008157118223608
participant_01,1780984274.8975282,Fist,1,0.13620921783149242
participant_01,1780984274.898528,Fist,1,0.13233686448074877
participant_01,1780984274.8995283,Fist,1,0.11555666662752628
participant_01,1780984274.9005282,Fist,1,0.07166999531909823
participant_01,1780984274.9015281,Fist,1,0.021329401759430766
participant_01,1780984274.902528,Fist,1,-0.012230993947014213
participant_01,1780984274.9035282,Fist,1,-0.030301976250484586
participant_01,1780984274.9045281,Fist,1,-0.03933746740221977
participant_01,1780984274.905528,Fist,1,-0.04450060520321131
participant_01,1780984274.9065282,Fist,1,-0.043209820752963424
participant_01,1780984274.9075282,Fist,1,-0.03933746740221977
participant_01,1780984274.908528,Fist,1,-0.03546511405147612
participant_01,1780984274.9095283,Fist,1,-0.012230993947014213
participant_01,1780984274.9105282,Fist,1,0.034237246261909604
participant_01,1780984274.911528,Fist,1,0.08715940872207284
participant_01,1780984274.9125283,Fist,1,0.11555666662752628
participant_01,1780984274.9135282,Fist,1,0.12846451113000512
participant_01,1780984274.9145281,Fist,1,0.13620921783149242
participant_01,1780984274.915528,Fist,1,0.14008157118223608
participant_01,1780984274.9165282,Fist,1,0.14008157118223608
participant_01,1780984274.9175282,Fist,1,0.13620921783149242
participant_01,1780984274.918528,Fist,1,0.13233686448074877
participant_01,1780984274.9195282,Fist,1,0.11555666662752628
participant_01,1780984274.9205282,Fist,1,0.07166999531909823
participant_01,1780984274.921528,Fist,1,0.02262018620967865
participant_01,1780984274.9225283,Fist,1,-0.012230993947014213
participant_01,1780984274.9235282,Fist,1,-0.030301976250484586
participant_01,1780984274.9245281,Fist,1,-0.040628251852467656
participant_01,1780984274.925528,Fist,1,-0.04450060520321131
participant_01,1780984274.9265282,Fist,1,-0.043209820752963424
participant_01,1780984274.9275281,Fist,1,-0.040628251852467656
participant_01,1780984274.928528,Fist,1,-0.03546511405147612
participant_01,1780984274.9295282,Fist,1,-0.013521778397262096
participant_01,1780984274.9305282,Fist,1,0.034237246261909604
participant_01,1780984274.931528,Fist,1,0.08715940872207284
participant_01,1780984274.9325283,Fist,1,0.11555666662752628
participant_01,1780984274.9335282,Fist,1,0.12846451113000512
participant_01,1780984274.934528,Fist,1,0.13620921783149242
participant_01,1780984274.935528,Fist,1,0.14008157118223608
participant_01,1780984274.9365282,Fist,1,0.1387907867319882
participant_01,1780984274.9375281,Fist,1,0.13620921783149242
participant_01,1780984274.938528,Fist,1,0.13233686448074877
participant_01,1780984274.9395282,Fist,1,0.11297509772703052
participant_01,1780984274.9405282,Fist,1,0.07166999531909823
participant_01,1780984274.941528,Fist,1,0.02262018620967865
participant_01,1780984274.9425282,Fist,1,-0.013521778397262096
participant_01,1780984274.9435282,Fist,1,-0.030301976250484586
participant_01,1780984274.944528,Fist,1,-0.040628251852467656
participant_01,1780984274.9455283,Fist,1,-0.04450060520321131
participant_01,1780984274.9465282,Fist,1,-0.04450060520321131
participant_01,1780984274.9475281,Fist,1,-0.03933746740221977
participant_01,1780984274.948528,Fist,1,-0.036755898501724005
participant_01,1780984274.9495282,Fist,1,-0.013521778397262096
participant_01,1780984274.9505281,Fist,1,0.031655677361413836
participant_01,1780984274.951528,Fist,1,0.08457783982157707
participant_01,1780984274.9525282,Fist,1,0.1142658821772784
participant_01,1780984274.9535282,Fist,1,0.12717372667975724
participant_01,1780984274.954528,Fist,1,0.13620921783149242
participant_01,1780984274.9555283,Fist,1,0.14008157118223608
participant_01,1780984274.9565282,Fist,1,0.1387907867319882
participant_01,1780984274.957528,Fist,1,0.13620921783149242
participant_01,1780984274.958528,Fist,1,0.13233686448074877
participant_01,1780984274.9595282,Fist,1,0.1142658821772784
participant_01,1780984274.9605281,Fist,1,0.07296077976934612
participant_01,1780984274.9710474,Fist,1,0.02262018620967865
participant_01,1780984274.9720473,Fist,1,-0.012230993947014213
participant_01,1780984274.9730475,Fist,1,-0.030301976250484586
participant_01,1780984274.9740474,Fist,1,-0.03933746740221977
participant_01,1780984274.9750473,Fist,1,-0.04450060520321131
participant_01,1780984274.9760475,Fist,1,-0.043209820752963424
participant_01,1780984274.9770474,Fist,1,-0.040628251852467656
participant_01,1780984274.9780474,Fist,1,-0.03546511405147612
participant_01,1780984274.9790473,Fist,1,-0.01481256284750998
participant_01,1780984274.9800475,Fist,1,0.03294646181166172
participant_01,1780984274.9810474,Fist,1,0.08457783982157707
participant_01,1780984274.9820473,Fist,1,0.1142658821772784
participant_01,1780984274.9830475,Fist,1,0.12846451113000512
participant_01,1780984274.9840474,Fist,1,0.13620921783149242
participant_01,1780984274.9850473,Fist,1,0.14008157118223608
participant_01,1780984274.9860475,Fist,1,0.1387907867319882
participant_01,1780984274.9870474,Fist,1,0.13620921783149242
participant_01,1780984274.9880474,Fist,1,0.13233686448074877
participant_01,1780984274.9890473,Fist,1,0.1142658821772784
participant_01,1780984274.9900475,Fist,1,0.07296077976934612
participant_01,1780984274.9910474,Fist,1,0.02262018620967865
participant_01,1780984274.9920473,Fist,1,-0.012230993947014213
participant_01,1780984274.9930475,Fist,1,-0.030301976250484586
participant_01,1780984274.9940474,Fist,1,-0.03933746740221977
participant_01,1780984274.9950473,Fist,1,-0.04450060520321131
participant_01,1780984274.9960475,Fist,1,-0.043209820752963424
participant_01,1780984274.9970474,Fist,1,-0.03933746740221977
participant_01,1780984274.9980474,Fist,1,-0.03546511405147612
participant_01,1780984274.9990475,Fist,1,-0.013521778397262096
participant_01,1780984275.0000474,Fist,1,0.031655677361413836
participant_01,1780984275.0010474,Fist,1,0.08586862427182496
participant_01,1780984275.0020473,Fist,1,0.11555666662752628
participant_01,1780984275.0030475,Fist,1,0.12588294222950935
participant_01,1780984275.0040474,Fist,1,0.13620921783149242
participant_01,1780984275.0050473,Fist,1,0.14008157118223608
participant_01,1780984275.0060475,Fist,1,0.14008157118223608
participant_01,1780984275.0070474,Fist,1,0.13620921783149242
participant_01,1780984275.0080473,Fist,1,0.13233686448074877
participant_01,1780984275.0090475,Fist,1,0.11555666662752628
participant_01,1780984275.0100474,Fist,1,0.074251564219594
participant_01,1780984275.0110474,Fist,1,0.02262018620967865
participant_01,1780984275.0120473,Fist,1,-0.012230993947014213
participant_01,1780984275.0130475,Fist,1,-0.03159276070073247
participant_01,1780984275.0140474,Fist,1,-0.03933746740221977
participant_01,1780984275.0150473,Fist,1,-0.04450060520321131
participant_01,1780984275.0160475,Fist,1,-0.043209820752963424
participant_01,1780984275.0170474,Fist,1,-0.03933746740221977
participant_01,1780984275.0180473,Fist,1,-0.03546511405147612
participant_01,1780984275.0190475,Fist,1,-0.01481256284750998
participant_01,1780984275.0200474,Fist,1,0.031655677361413836
participant_01,1780984275.0210474,Fist,1,0.08457783982157707
participant_01,1780984275.0220475,Fist,1,0.1142658821772784
participant_01,1780984275.0230474,Fist,1,0.12846451113000512
participant_01,1780984275.0240474,Fist,1,0.13620921783149242
participant_01,1780984275.0250473,Fist,1,0.14008157118223608
participant_01,1780984275.0260475,Fist,1,0.1387907867319882
participant_01,1780984275.0270474,Fist,1,0.13620921783149242
participant_01,1780984275.0280473,Fist,1,0.13233686448074877
participant_01,1780984275.0290475,Fist,1,0.1142658821772784
participant_01,1780984275.0300474,Fist,1,0.074251564219594
participant_01,1780984275.0310473,Fist,1,0.023910970659926534
participant_01,1780984275.0320475,Fist,1,-0.012230993947014213
participant_01,1780984275.0330474,Fist,1,-0.030301976250484586
participant_01,1780984275.0340474,Fist,1,-0.03933746740221977
participant_01,1780984275.0350473,Fist,1,-0.04450060520321131
participant_01,1780984275.0360475,Fist,1,-0.04450060520321131
participant_01,1780984275.0370474,Fist,1,-0.040628251852467656
participant_01,1780984275.0380473,Fist,1,-0.036755898501724005
participant_01,1780984275.0390475,Fist,1,-0.013521778397262096
participant_01,1780984275.0400474,Fist,1,0.031655677361413836
participant_01,1780984275.0410473,Fist,1,0.08586862427182496
participant_01,1780984275.0420475,Fist,1,0.11555666662752628
participant_01,1780984275.0430474,Fist,1,0.12846451113000512
participant_01,1780984275.0440474,Fist,1,0.13620921783149242
participant_01,1780984275.0450473,Fist,1,0.14008157118223608
participant_01,1780984275.0460474,Fist,1,0.14008157118223608
participant_01,1780984275.0470474,Fist,1,0.13620921783149242
participant_01,1780984275.0480473,Fist,1,0.13233686448074877
participant_01,1780984275.0490475,Fist,1,0.11684745107777417
participant_01,1780984275.0500474,Fist,1,0.074251564219594
participant_01,1780984275.0510473,Fist,1,0.023910970659926534
participant_01,1780984275.0520475,Fist,1,-0.010940209496766329
participant_01,1780984275.0530474,Fist,1,-0.029011191800236702
participant_01,1780984275.0540473,Fist,1,-0.040628251852467656
participant_01,1780984275.0550475,Fist,1,-0.04579138965345919
participant_01,1780984275.0560474,Fist,1,-0.043209820752963424
participant_01,1780984275.0570474,Fist,1,-0.03933746740221977
participant_01,1780984275.0580473,Fist,1,-0.03546511405147612
participant_01,1780984275.0590475,Fist,1,-0.013521778397262096
participant_01,1780984275.0600474,Fist,1,0.03294646181166172
participant_01,1780984275.0610473,Fist,1,0.08586862427182496
participant_01,1780984275.0620475,Fist,1,0.1142658821772784
participant_01,1780984275.0630474,Fist,1,0.12717372667975724
participant_01,1780984275.0640473,Fist,1,0.13620921783149242
participant_01,1780984275.0650475,Fist,1,0.14008157118223608
participant_01,1780984275.0660474,Fist,1,0.1387907867319882
participant_01,1780984275.0670474,Fist,1,0.13620921783149242
participant_01,1780984275.0680473,Fist,1,0.13233686448074877
participant_01,1780984275.0690475,Fist,1,0.11555666662752628
participant_01,1780984275.0700474,Fist,1,0.074251564219594
participant_01,1780984275.0636957,Fist,1,0.023910970659926534
participant_01,1780984275.0646956,Fist,1,-0.010940209496766329
participant_01,1780984275.0656958,Fist,1,-0.029011191800236702
participant_01,1780984275.0666957,Fist,1,-0.03933746740221977
participant_01,1780984275.0676956,Fist,1,-0.04450060520321131
participant_01,1780984275.0686958,Fist,1,-0.043209820752963424
participant_01,1780984275.0696957,Fist,1,-0.040628251852467656
participant_01,1780984275.0706956,Fist,1,-0.036755898501724005
participant_01,1780984275.0716956,Fist,1,-0.01481256284750998
participant_01,1780984275.0726957,Fist,1,0.031655677361413836
participant_01,1780984275.0736957,Fist,1,0.08457783982157707
participant_01,1780984275.0746956,Fist,1,0.1142658821772784
participant_01,1780984275.0756958,Fist,1,0.12717372667975724
participant_01,1780984275.0766957,Fist,1,0.13620921783149242
participant_01,1780984275.0776956,Fist,1,0.14008157118223608
participant_01,1780984275.0786958,Fist,1,0.1387907867319882
participant_01,1780984275.0796957,Fist,1,0.13620921783149242
participant_01,1780984275.0806956,Fist,1,0.13233686448074877
participant_01,1780984275.0816956,Fist,1,0.11684745107777417
participant_01,1780984275.0826957,Fist,1,0.074251564219594
participant_01,1780984275.0836957,Fist,1,0.023910970659926534
participant_01,1780984275.0846956,Fist,1,-0.010940209496766329
participant_01,1780984275.0856957,Fist,1,-0.029011191800236702
participant_01,1780984275.0866957,Fist,1,-0.03933746740221977
participant_01,1780984275.0876956,Fist,1,-0.04450060520321131
participant_01,1780984275.0886958,Fist,1,-0.043209820752963424
participant_01,1780984275.0896957,Fist,1,-0.040628251852467656
participant_01,1780984275.0906956,Fist,1,-0.036755898501724005
participant_01,1780984275.0916958,Fist,1,-0.016103347297757864
participant_01,1780984275.0926957,Fist,1,0.02907410846091807
participant_01,1780984275.0936956,Fist,1,0.08457783982157707
participant_01,1780984275.0946956,Fist,1,0.1142658821772784
participant_01,1780984275.0956957,Fist,1,0.12846451113000512
participant_01,1780984275.0966957,Fist,1,0.13491843338124454
participant_01,1780984275.0976956,Fist,1,0.14008157118223608
participant_01,1780984275.0986958,Fist,1,0.14008157118223608
participant_01,1780984275.0996957,Fist,1,0.13620921783149242
participant_01,1780984275.1006956,Fist,1,0.13233686448074877
participant_01,1780984275.1016958,Fist,1,0.11684745107777417
participant_01,1780984275.1026957,Fist,1,0.074251564219594
participant_01,1780984275.1036956,Fist,1,0.025201755110174417
participant_01,1780984275.1046956,Fist,1,-0.009649425046518445
participant_01,1780984275.1056957,Fist,1,-0.027720407349988818
participant_01,1780984275.1066957,Fist,1,-0.03933746740221977
participant_01,1780984275.1076956,Fist,1,-0.04450060520321131
participant_01,1780984275.1086957,Fist,1,-0.043209820752963424
participant_01,1780984275.1096957,Fist,1,-0.040628251852467656
participant_01,1780984275.1106956,Fist,1,-0.03546511405147612
participant_01,1780984275.1116958,Fist,1,-0.01481256284750998
participant_01,1780984275.1126957,Fist,1,0.031655677361413836
participant_01,1780984275.1136956,Fist,1,0.08586862427182496
participant_01,1780984275.1146958,Fist,1,0.1142658821772784
participant_01,1780984275.1156957,Fist,1,0.12717372667975724
participant_01,1780984275.1166956,Fist,1,0.13620921783149242
participant_01,1780984275.1176956,Fist,1,0.14137235563248396
participant_01,1780984275.1186957,Fist,1,0.14008157118223608
participant_01,1780984275.1196957,Fist,1,0.13620921783149242
participant_01,1780984275.1206956,Fist,1,0.13233686448074877
participant_01,1780984275.1216958,Fist,1,0.11813823552802205
participant_01,1780984275.1226957,Fist,1,0.07554234866984189
participant_01,1780984275.1236956,Fist,1,0.025201755110174417
participant_01,1780984275.1246958,Fist,1,-0.010940209496766329
participant_01,1780984275.1256957,Fist,1,-0.029011191800236702
participant_01,1780984275.1266956,Fist,1,-0.03933746740221977
participant_01,1780984275.1276956,Fist,1,-0.04450060520321131
participant_01,1780984275.1286957,Fist,1,-0.043209820752963424
participant_01,1780984275.1296957,Fist,1,-0.03933746740221977
participant_01,1780984275.1306956,Fist,1,-0.036755898501724005
participant_01,1780984275.1316957,Fist,1,-0.01481256284750998
participant_01,1780984275.1326957,Fist,1,0.031655677361413836
participant_01,1780984275.1336956,Fist,1,0.08328705537132919
participant_01,1780984275.1346958,Fist,1,0.1142658821772784
participant_01,1780984275.1356957,Fist,1,0.12846451113000512
participant_01,1780984275.1366956,Fist,1,0.13620921783149242
participant_01,1780984275.1376956,Fist,1,0.14008157118223608
participant_01,1780984275.1386957,Fist,1,0.1387907867319882
participant_01,1780984275.1396956,Fist,1,0.13620921783149242
participant_01,1780984275.1406956,Fist,1,0.13233686448074877
participant_01,1780984275.1416957,Fist,1,0.11813823552802205
participant_01,1780984275.1426957,Fist,1,0.07554234866984189
participant_01,1780984275.1436956,Fist,1,0.025201755110174417
participant_01,1780984275.1446958,Fist,1,-0.012230993947014213
participant_01,1780984275.1456957,Fist,1,-0.029011191800236702
participant_01,1780984275.1466956,Fist,1,-0.03933746740221977
participant_01,1780984275.1476958,Fist,1,-0.04450060520321131
participant_01,1780984275.1486957,Fist,1,-0.043209820752963424
participant_01,1780984275.1496956,Fist,1,-0.040628251852467656
participant_01,1780984275.1506956,Fist,1,-0.036755898501724005
participant_01,1780984275.1516957,Fist,1,-0.017394131748005748
participant_01,1780984275.1526957,Fist,1,0.02907410846091807
participant_01,1780984275.1536956,Fist,1,0.0819962709210813
participant_01,1780984275.1546957,Fist,1,0.11297509772703052
participant_01,1780984275.1556957,Fist,1,0.12717372667975724
participant_01,1780984275.1566956,Fist,1,0.13491843338124454
participant_01,1780984275.1576958,Fist,1,0.14008157118223608
participant_01,1780984275.1586957,Fist,1,0.14008157118223608
participant_01,1780984275.1596956,Fist,1,0.13620921783149242
participant_01,1780984275.1606956,Fist,1,0.13233686448074877
participant_01,1780984275.1616957,Fist,1,0.11684745107777417
participant_01,1780984275.1626956,Fist,1,0.07554234866984189
participant_01,1780984275.1561184,Fist,1,0.025201755110174417
participant_01,1780984275.1571183,Fist,1,-0.010940209496766329
participant_01,1780984275.1581185,Fist,1,-0.029011191800236702
participant_01,1780984275.1591184,Fist,1,-0.040628251852467656
participant_01,1780984275.1601183,Fist,1,-0.04579138965345919
participant_01,1780984275.1611185,Fist,1,-0.04450060520321131
participant_01,1780984275.1621184,Fist,1,-0.040628251852467656
participant_01,1780984275.1631184,Fist,1,-0.036755898501724005
participant_01,1780984275.1641183,Fist,1,-0.017394131748005748
participant_01,1780984275.1651185,Fist,1,0.027783324010670185
participant_01,1780984275.1661184,Fist,1,0.0819962709210813
participant_01,1780984275.1671183,Fist,1,0.11297509772703052
participant_01,1780984275.1681185,Fist,1,0.12717372667975724
participant_01,1780984275.1691184,Fist,1,0.13362764893099666
participant_01,1780984275.1701183,Fist,1,0.14008157118223608
participant_01,1780984275.1711185,Fist,1,0.1387907867319882
participant_01,1780984275.1721184,Fist,1,0.13620921783149242
participant_01,1780984275.1731184,Fist,1,0.13233686448074877
participant_01,1780984275.1741183,Fist,1,0.11813823552802205
participant_01,1780984275.1751184,Fist,1,0.07683313312008977
participant_01,1780984275.1761184,Fist,1,0.025201755110174417
participant_01,1780984275.1771183,Fist,1,-0.009649425046518445
participant_01,1780984275.1781185,Fist,1,-0.029011191800236702
participant_01,1780984275.1791184,Fist,1,-0.03804668295197189
participant_01,1780984275.1801183,Fist,1,-0.04450060520321131
participant_01,1780984275.1811185,Fist,1,-0.043209820752963424
participant_01,1780984275.1821184,Fist,1,-0.040628251852467656
participant_01,1780984275.1831183,Fist,1,-0.036755898501724005
participant_01,1780984275.1841185,Fist,1,-0.01481256284750998
participant_01,1780984275.1851184,Fist,1,0.030364892911165953
participant_01,1780984275.1861184,Fist,1,0.08328705537132919
participant_01,1780984275.1871183,Fist,1,0.1142658821772784
participant_01,1780984275.1881185,Fist,1,0.12717372667975724
participant_01,1780984275.1891184,Fist,1,0.13620921783149242
participant_01,1780984275.1901183,Fist,1,0.14008157118223608
participant_01,1780984275.1911185,Fist,1,0.1387907867319882
participant_01,1780984275.1921184,Fist,1,0.13620921783149242
participant_01,1780984275.1931183,Fist,1,0.13233686448074877
participant_01,1780984275.1941185,Fist,1,0.11684745107777417
participant_01,1780984275.1951184,Fist,1,0.07554234866984189
participant_01,1780984275.1961184,Fist,1,0.0264925395604223
participant_01,1780984275.1971183,Fist,1,-0.009649425046518445
participant_01,1780984275.1981184,Fist,1,-0.029011191800236702
participant_01,1780984275.1991184,Fist,1,-0.03804668295197189
participant_01,1780984275.2001183,Fist,1,-0.04579138965345919
participant_01,1780984275.2011185,Fist,1,-0.043209820752963424
participant_01,1780984275.2021184,Fist,1,-0.040628251852467656
participant_01,1780984275.2031183,Fist,1,-0.036755898501724005
participant_01,1780984275.2041185,Fist,1,-0.017394131748005748
participant_01,1780984275.2051184,Fist,1,0.02907410846091807
participant_01,1780984275.2061183,Fist,1,0.0819962709210813
participant_01,1780984275.2071185,Fist,1,0.11297509772703052
participant_01,1780984275.2081184,Fist,1,0.12717372667975724
participant_01,1780984275.2091184,Fist,1,0.13620921783149242
participant_01,1780984275.2101183,Fist,1,0.14008157118223608
participant_01,1780984275.2111185,Fist,1,0.1387907867319882
participant_01,1780984275.2121184,Fist,1,0.13620921783149242
participant_01,1780984275.2131183,Fist,1,0.13233686448074877
participant_01,1780984275.2141185,Fist,1,0.11813823552802205
participant_01,1780984275.2151184,Fist,1,0.07683313312008977
participant_01,1780984275.2161183,Fist,1,0.025201755110174417
participant_01,1780984275.2171185,Fist,1,-0.009649425046518445
participant_01,1780984275.2181184,Fist,1,-0.029011191800236702
participant_01,1780984275.2191184,Fist,1,-0.03933746740221977
participant_01,1780984275.2201183,Fist,1,-0.04450060520321131
participant_01,1780984275.2211185,Fist,1,-0.043209820752963424
participant_01,1780984275.2221184,Fist,1,-0.040628251852467656
participant_01,1780984275.2231183,Fist,1,-0.036755898501724005
participant_01,1780984275.2241185,Fist,1,-0.017394131748005748
participant_01,1780984275.2251184,Fist,1,0.02907410846091807
participant_01,1780984275.2261183,Fist,1,0.08070548647083342
participant_01,1780984275.2271185,Fist,1,0.11297509772703052
participant_01,1780984275.2281184,Fist,1,0.12588294222950935
participant_01,1780984275.2291183,Fist,1,0.13491843338124454
participant_01,1780984275.2301183,Fist,1,0.14008157118223608
participant_01,1780984275.2311184,Fist,1,0.14008157118223608
participant_01,1780984275.2321184,Fist,1,0.1375000022817403
participant_01,1780984275.2331183,Fist,1,0.13362764893099666
participant_01,1780984275.2341185,Fist,1,0.11813823552802205
participant_01,1780984275.2351184,Fist,1,0.07683313312008977
participant_01,1780984275.2361183,Fist,1,0.027783324010670185
participant_01,1780984275.2371185,Fist,1,-0.009649425046518445
participant_01,1780984275.2381184,Fist,1,-0.027720407349988818
participant_01,1780984275.2391183,Fist,1,-0.03804668295197189
participant_01,1780984275.2401185,Fist,1,-0.04450060520321131
participant_01,1780984275.2411184,Fist,1,-0.043209820752963424
participant_01,1780984275.2421184,Fist,1,-0.03933746740221977
participant_01,1780984275.2431183,Fist,1,-0.036755898501724005
participant_01,1780984275.2441185,Fist,1,-0.016103347297757864
participant_01,1780984275.2451184,Fist,1,0.030364892911165953
participant_01,1780984275.2461183,Fist,1,0.08328705537132919
participant_01,1780984275.2471185,Fist,1,0.1142658821772784
participant_01,1780984275.2481184,Fist,1,0.12717372667975724
participant_01,1780984275.2491183,Fist,1,0.13491843338124454
participant_01,1780984275.2501185,Fist,1,0.14008157118223608
participant_01,1780984275.2511184,Fist,1,0.1387907867319882
participant_01,1780984275.2521183,Fist,1,0.13620921783149242
participant_01,1780984275.2531183,Fist,1,0.13362764893099666
participant_01,1780984275.2541184,Fist,1,0.11942901997826993
participant_01,1780984275.2551184,Fist,1,0.07683313312008977
participant_01,1780984275.2667625,Fist,1,0.027783324010670185
participant_01,1780984275.2677624,Fist,1,-0.010940209496766329
participant_01,1780984275.2687626,Fist,1,-0.027720407349988818
participant_01,1780984275.2697625,Fist,1,-0.03804668295197189
participant_01,1780984275.2707624,Fist,1,-0.04450060520321131
participant_01,1780984275.2717626,Fist,1,-0.043209820752963424
participant_01,1780984275.2727625,Fist,1,-0.040628251852467656
participant_01,1780984275.2737625,Fist,1,-0.036755898501724005
participant_01,1780984275.2747624,Fist,1,-0.017394131748005748
participant_01,1780984275.2757626,Fist,1,0.027783324010670185
participant_01,1780984275.2767625,Fist,1,0.08070548647083342
participant_01,1780984275.2777624,Fist,1,0.11297509772703052
participant_01,1780984275.2787626,Fist,1,0.12717372667975724
participant_01,1780984275.2797625,Fist,1,0.13620921783149242
participant_01,1780984275.2807624,Fist,1,0.14008157118223608
participant_01,1780984275.2817626,Fist,1,0.1387907867319882
participant_01,1780984275.2827625,Fist,1,0.13620921783149242
participant_01,1780984275.2837625,Fist,1,0.13362764893099666
participant_01,1780984275.2847624,Fist,1,0.11942901997826993
participant_01,1780984275.2857625,Fist,1,0.07683313312008977
participant_01,1780984275.2867625,Fist,1,0.027783324010670185
participant_01,1780984275.2877624,Fist,1,-0.009649425046518445
participant_01,1780984275.2887626,Fist,1,-0.027720407349988818
participant_01,1780984275.2897625,Fist,1,-0.03804668295197189
participant_01,1780984275.2907624,Fist,1,-0.04450060520321131
participant_01,1780984275.2917626,Fist,1,-0.04450060520321131
participant_01,1780984275.2927625,Fist,1,-0.040628251852467656
participant_01,1780984275.2937624,Fist,1,-0.036755898501724005
participant_01,1780984275.2947626,Fist,1,-0.01868491619825363
participant_01,1780984275.2957625,Fist,1,0.027783324010670185
participant_01,1780984275.2967625,Fist,1,0.08070548647083342
participant_01,1780984275.2977624,Fist,1,0.11297509772703052
participant_01,1780984275.2987626,Fist,1,0.12717372667975724
participant_01,1780984275.2997625,Fist,1,0.13620921783149242
participant_01,1780984275.3007624,Fist,1,0.14008157118223608
participant_01,1780984275.3017626,Fist,1,0.14008157118223608
participant_01,1780984275.3027625,Fist,1,0.13620921783149242
participant_01,1780984275.3037624,Fist,1,0.13233686448074877
participant_01,1780984275.3047626,Fist,1,0.12071980442851782
participant_01,1780984275.3057625,Fist,1,0.07812391757033765
participant_01,1780984275.3067625,Fist,1,0.0264925395604223
participant_01,1780984275.3077624,Fist,1,-0.008358640596270561
participant_01,1780984275.3087626,Fist,1,-0.027720407349988818
participant_01,1780984275.3097625,Fist,1,-0.03933746740221977
participant_01,1780984275.3107624,Fist,1,-0.04450060520321131
participant_01,1780984275.3117626,Fist,1,-0.043209820752963424
participant_01,1780984275.3127625,Fist,1,-0.040628251852467656
participant_01,1780984275.3137624,Fist,1,-0.036755898501724005
participant_01,1780984275.3147626,Fist,1,-0.01868491619825363
participant_01,1780984275.3157625,Fist,1,0.027783324010670185
participant_01,1780984275.3167624,Fist,1,0.07941470202058554
participant_01,1780984275.3177626,Fist,1,0.11297509772703052
participant_01,1780984275.3187625,Fist,1,0.12717372667975724
participant_01,1780984275.3197625,Fist,1,0.13620921783149242
participant_01,1780984275.3207624,Fist,1,0.14008157118223608
participant_01,1780984275.3217626,Fist,1,0.14008157118223608
participant_01,1780984275.3227625,Fist,1,0.13620921783149242
participant_01,1780984275.3237624,Fist,1,0.13362764893099666
participant_01,1780984275.3247626,Fist,1,0.12071980442851782
participant_01,1780984275.3257625,Fist,1,0.07812391757033765
participant_01,1780984275.3267624,Fist,1,0.027783324010670185
participant_01,1780984275.3277626,Fist,1,-0.008358640596270561
participant_01,1780984275.3287625,Fist,1,-0.029011191800236702
participant_01,1780984275.3297625,Fist,1,-0.03804668295197189
participant_01,1780984275.3307624,Fist,1,-0.04450060520321131
participant_01,1780984275.3317626,Fist,1,-0.043209820752963424
participant_01,1780984275.3327625,Fist,1,-0.040628251852467656
participant_01,1780984275.3337624,Fist,1,-0.036755898501724005
participant_01,1780984275.3347626,Fist,1,-0.019975700648501515
participant_01,1780984275.3357625,Fist,1,0.0264925395604223
participant_01,1780984275.3367624,Fist,1,0.07941470202058554
participant_01,1780984275.3377626,Fist,1,0.11297509772703052
participant_01,1780984275.3387625,Fist,1,0.12717372667975724
participant_01,1780984275.3397624,Fist,1,0.13491843338124454
participant_01,1780984275.3407624,Fist,1,0.14008157118223608
participant_01,1780984275.3417625,Fist,1,0.14008157118223608
participant_01,1780984275.3427625,Fist,1,0.13620921783149242
participant_01,1780984275.3437624,Fist,1,0.13362764893099666
participant_01,1780984275.3447626,Fist,1,0.12071980442851782
participant_01,1780984275.3457625,Fist,1,0.07812391757033765
participant_01,1780984275.3467624,Fist,1,0.027783324010670185
participant_01,1780984275.3477626,Fist,1,-0.009649425046518445
participant_01,1780984275.3487625,Fist,1,-0.027720407349988818
participant_01,1780984275.3497624,Fist,1,-0.03933746740221977
participant_01,1780984275.3507626,Fist,1,-0.04450060520321131
participant_01,1780984275.3517625,Fist,1,-0.043209820752963424
participant_01,1780984275.3527625,Fist,1,-0.040628251852467656
participant_01,1780984275.3537624,Fist,1,-0.03804668295197189
participant_01,1780984275.3547626,Fist,1,-0.019975700648501515
participant_01,1780984275.3557625,Fist,1,0.0264925395604223
participant_01,1780984275.3567624,Fist,1,0.07941470202058554
participant_01,1780984275.3577626,Fist,1,0.11168431327678263
participant_01,1780984275.3587625,Fist,1,0.12588294222950935
participant_01,1780984275.3597624,Fist,1,0.13620921783149242
participant_01,1780984275.3607626,Fist,1,0.14008157118223608
participant_01,1780984275.3617625,Fist,1,0.1387907867319882
participant_01,1780984275.3627625,Fist,1,0.13620921783149242
participant_01,1780984275.3637624,Fist,1,0.13233686448074877
participant_01,1780984275.3647625,Fist,1,0.12071980442851782
participant_01,1780984275.3657625,Fist,1,0.07812391757033765
participant_01,1780984275.3600252,Fist,1,0.02907410846091807
participant_01,1780984275.361025,Fist,1,-0.008358640596270561
participant_01,1780984275.3620253,Fist,1,-0.027720407349988818
participant_01,1780984275.3630252,Fist,1,-0.03933746740221977
participant_01,1780984275.364025,Fist,1,-0.04450060520321131
participant_01,1780984275.3650253,Fist,1,-0.04450060520321131
participant_01,1780984275.3660252,Fist,1,-0.040628251852467656
participant_01,1780984275.3670251,Fist,1,-0.036755898501724005
participant_01,1780984275.368025,Fist,1,-0.0212664850987494
participant_01,1780984275.3690252,Fist,1,0.025201755110174417
participant_01,1780984275.3700252,Fist,1,0.07812391757033765
participant_01,1780984275.371025,Fist,1,0.11168431327678263
participant_01,1780984275.3720253,Fist,1,0.12588294222950935
participant_01,1780984275.3730252,Fist,1,0.13620921783149242
participant_01,1780984275.374025,Fist,1,0.14008157118223608
participant_01,1780984275.3750253,Fist,1,0.14008157118223608
participant_01,1780984275.3760252,Fist,1,0.13620921783149242
participant_01,1780984275.3770251,Fist,1,0.13233686448074877
participant_01,1780984275.378025,Fist,1,0.12071980442851782
participant_01,1780984275.3790252,Fist,1,0.07812391757033765
participant_01,1780984275.3800251,Fist,1,0.027783324010670185
participant_01,1780984275.381025,Fist,1,-0.008358640596270561
participant_01,1780984275.3820252,Fist,1,-0.027720407349988818
participant_01,1780984275.3830252,Fist,1,-0.03804668295197189
participant_01,1780984275.384025,Fist,1,-0.04450060520321131
participant_01,1780984275.3850253,Fist,1,-0.04450060520321131
participant_01,1780984275.3860252,Fist,1,-0.040628251852467656
participant_01,1780984275.387025,Fist,1,-0.03546511405147612
participant_01,1780984275.3880253,Fist,1,-0.0212664850987494
participant_01,1780984275.3890252,Fist,1,0.025201755110174417
participant_01,1780984275.3900251,Fist,1,0.07812391757033765
participant_01,1780984275.391025,Fist,1,0.11168431327678263
participant_01,1780984275.3920252,Fist,1,0.12717372667975724
participant_01,1780984275.3930252,Fist,1,0.13620921783149242
participant_01,1780984275.394025,Fist,1,0.14008157118223608
participant_01,1780984275.3950253,Fist,1,0.14008157118223608
participant_01,1780984275.3960252,Fist,1,0.13620921783149242
participant_01,1780984275.397025,Fist,1,0.13233686448074877
participant_01,1780984275.3980253,Fist,1,0.12071980442851782
participant_01,1780984275.3990252,Fist,1,0.07941470202058554
participant_01,1780984275.4000251,Fist,1,0.02907410846091807
participant_01,1780984275.401025,Fist,1,-0.008358640596270561
participant_01,1780984275.4020252,Fist,1,-0.027720407349988818
participant_01,1780984275.4030252,Fist,1,-0.03933746740221977
participant_01,1780984275.404025,Fist,1,-0.04450060520321131
participant_01,1780984275.4050252,Fist,1,-0.04450060520321131
participant_01,1780984275.4060252,Fist,1,-0.040628251852467656
participant_01,1780984275.407025,Fist,1,-0.036755898501724005
participant_01,1780984275.4080253,Fist,1,-0.0212664850987494
participant_01,1780984275.4090252,Fist,1,0.025201755110174417
participant_01,1780984275.4100251,Fist,1,0.07941470202058554
participant_01,1780984275.4110253,Fist,1,0.11168431327678263
participant_01,1780984275.4120252,Fist,1,0.12588294222950935
participant_01,1780984275.4130251,Fist,1,0.13491843338124454
participant_01,1780984275.414025,Fist,1,0.14008157118223608
participant_01,1780984275.4150252,Fist,1,0.1387907867319882
participant_01,1780984275.4160252,Fist,1,0.13620921783149242
participant_01,1780984275.417025,Fist,1,0.13233686448074877
participant_01,1780984275.4180253,Fist,1,0.12071980442851782
participant_01,1780984275.4190252,Fist,1,0.08070548647083342
participant_01,1780984275.420025,Fist,1,0.02907410846091807
participant_01,1780984275.4210253,Fist,1,-0.008358640596270561
participant_01,1780984275.4220252,Fist,1,-0.027720407349988818
participant_01,1780984275.4230251,Fist,1,-0.03804668295197189
participant_01,1780984275.424025,Fist,1,-0.04450060520321131
participant_01,1780984275.4250252,Fist,1,-0.04450060520321131
participant_01,1780984275.4260252,Fist,1,-0.040628251852467656
participant_01,1780984275.427025,Fist,1,-0.03546511405147612
participant_01,1780984275.4280252,Fist,1,-0.019975700648501515
participant_01,1780984275.4290252,Fist,1,0.0264925395604223
participant_01,1780984275.430025,Fist,1,0.08070548647083342
participant_01,1780984275.4310253,Fist,1,0.11168431327678263
participant_01,1780984275.4320252,Fist,1,0.12588294222950935
participant_01,1780984275.4330251,Fist,1,0.13620921783149242
participant_01,1780984275.434025,Fist,1,0.14008157118223608
participant_01,1780984275.4350252,Fist,1,0.14008157118223608
participant_01,1780984275.4360251,Fist,1,0.1375000022817403
participant_01,1780984275.437025,Fist,1,0.13233686448074877
participant_01,1780984275.4380252,Fist,1,0.12071980442851782
participant_01,1780984275.4390252,Fist,1,0.07941470202058554
participant_01,1780984275.440025,Fist,1,0.030364892911165953
participant_01,1780984275.4410253,Fist,1,-0.008358640596270561
participant_01,1780984275.4420252,Fist,1,-0.027720407349988818
participant_01,1780984275.443025,Fist,1,-0.03933746740221977
participant_01,1780984275.4440253,Fist,1,-0.04450060520321131
participant_01,1780984275.4450252,Fist,1,-0.043209820752963424
participant_01,1780984275.4460251,Fist,1,-0.040628251852467656
participant_01,1780984275.447025,Fist,1,-0.036755898501724005
participant_01,1780984275.4480252,Fist,1,-0.0212664850987494
participant_01,1780984275.4490252,Fist,1,0.025201755110174417
participant_01,1780984275.450025,Fist,1,0.07683313312008977
participant_01,1780984275.4510252,Fist,1,0.11297509772703052
participant_01,1780984275.4520252,Fist,1,0.12588294222950935
participant_01,1780984275.453025,Fist,1,0.13491843338124454
participant_01,1780984275.4540253,Fist,1,0.14008157118223608
participant_01,1780984275.4550252,Fist,1,0.1387907867319882
participant_01,1780984275.4560251,Fist,1,0.13620921783149242
participant_01,1780984275.457025,Fist,1,0.13362764893099666
participant_01,1780984275.4580252,Fist,1,0.1220105888787657
participant_01,1780984275.4590251,Fist,1,0.08070548647083342
participant_01,1780984275.4701445,Fist,1,0.030364892911165953
participant_01,1780984275.4711444,Fist,1,-0.007067856146022677
participant_01,1780984275.4721446,Fist,1,-0.029011191800236702
participant_01,1780984275.4731445,Fist,1,-0.03933746740221977
participant_01,1780984275.4741445,Fist,1,-0.04450060520321131
participant_01,1780984275.4751446,Fist,1,-0.043209820752963424
participant_01,1780984275.4761446,Fist,1,-0.040628251852467656
participant_01,1780984275.4771445,Fist,1,-0.036755898501724005
participant_01,1780984275.4781444,Fist,1,-0.0212664850987494
participant_01,1780984275.4791446,Fist,1,0.023910970659926534
participant_01,1780984275.4801445,Fist,1,0.07812391757033765
participant_01,1780984275.4811444,Fist,1,0.11168431327678263
participant_01,1780984275.4821446,Fist,1,0.12588294222950935
participant_01,1780984275.4831445,Fist,1,0.13620921783149242
participant_01,1780984275.4841444,Fist,1,0.14137235563248396
participant_01,1780984275.4851446,Fist,1,0.14008157118223608
participant_01,1780984275.4861445,Fist,1,0.13620921783149242
participant_01,1780984275.4871445,Fist,1,0.13362764893099666
participant_01,1780984275.4881444,Fist,1,0.1220105888787657
participant_01,1780984275.4891446,Fist,1,0.08070548647083342
participant_01,1780984275.4901445,Fist,1,0.030364892911165953
participant_01,1780984275.4911444,Fist,1,-0.007067856146022677
participant_01,1780984275.4921446,Fist,1,-0.026429622899740934
participant_01,1780984275.4931445,Fist,1,-0.03933746740221977
participant_01,1780984275.4941444,Fist,1,-0.04450060520321131
participant_01,1780984275.4951446,Fist,1,-0.043209820752963424
participant_01,1780984275.4961445,Fist,1,-0.040628251852467656
participant_01,1780984275.4971445,Fist,1,-0.036755898501724005
participant_01,1780984275.4981446,Fist,1,-0.022557269548997283
participant_01,1780984275.4991446,Fist,1,0.02262018620967865
participant_01,1780984275.5001445,Fist,1,0.07554234866984189
participant_01,1780984275.5011444,Fist,1,0.11168431327678263
participant_01,1780984275.5021446,Fist,1,0.12588294222950935
participant_01,1780984275.5031445,Fist,1,0.13491843338124454
participant_01,1780984275.5041444,Fist,1,0.14008157118223608
participant_01,1780984275.5051446,Fist,1,0.14008157118223608
participant_01,1780984275.5061445,Fist,1,0.13620921783149242
participant_01,1780984275.5071445,Fist,1,0.13362764893099666
participant_01,1780984275.5081446,Fist,1,0.1220105888787657
participant_01,1780984275.5091445,Fist,1,0.07941470202058554
participant_01,1780984275.5101445,Fist,1,0.031655677361413836
participant_01,1780984275.5111444,Fist,1,-0.007067856146022677
participant_01,1780984275.5121446,Fist,1,-0.026429622899740934
participant_01,1780984275.5131445,Fist,1,-0.03933746740221977
participant_01,1780984275.5141444,Fist,1,-0.043209820752963424
participant_01,1780984275.5151446,Fist,1,-0.043209820752963424
participant_01,1780984275.5161445,Fist,1,-0.040628251852467656
participant_01,1780984275.5171444,Fist,1,-0.036755898501724005
participant_01,1780984275.5181446,Fist,1,-0.0212664850987494
participant_01,1780984275.5191445,Fist,1,0.02262018620967865
participant_01,1780984275.5201445,Fist,1,0.07683313312008977
participant_01,1780984275.5211446,Fist,1,0.11168431327678263
participant_01,1780984275.5221446,Fist,1,0.12459215777926147
participant_01,1780984275.5231445,Fist,1,0.13362764893099666
participant_01,1780984275.5241444,Fist,1,0.14008157118223608
participant_01,1780984275.5251446,Fist,1,0.14008157118223608
participant_01,1780984275.5261445,Fist,1,0.13620921783149242
participant_01,1780984275.5271444,Fist,1,0.13233686448074877
participant_01,1780984275.5281446,Fist,1,0.1220105888787657
participant_01,1780984275.5291445,Fist,1,0.08070548647083342
participant_01,1780984275.5301445,Fist,1,0.031655677361413836
participant_01,1780984275.5311446,Fist,1,-0.005777071695774794
participant_01,1780984275.5321445,Fist,1,-0.026429622899740934
participant_01,1780984275.5331445,Fist,1,-0.03804668295197189
participant_01,1780984275.5341444,Fist,1,-0.04450060520321131
participant_01,1780984275.5351446,Fist,1,-0.043209820752963424
participant_01,1780984275.5361445,Fist,1,-0.040628251852467656
participant_01,1780984275.5371444,Fist,1,-0.036755898501724005
participant_01,1780984275.5381446,Fist,1,-0.0212664850987494
participant_01,1780984275.5391445,Fist,1,0.023910970659926534
participant_01,1780984275.5401444,Fist,1,0.07812391757033765
participant_01,1780984275.5411446,Fist,1,0.11168431327678263
participant_01,1780984275.5421445,Fist,1,0.12588294222950935
participant_01,1780984275.5431445,Fist,1,0.13362764893099666
participant_01,1780984275.5441444,Fist,1,0.14008157118223608
participant_01,1780984275.5451446,Fist,1,0.1387907867319882
participant_01,1780984275.5461445,Fist,1,0.13620921783149242
participant_01,1780984275.5471444,Fist,1,0.13233686448074877
participant_01,1780984275.5481446,Fist,1,0.12330137332901359
participant_01,1780984275.5491445,Fist,1,0.08070548647083342
participant_01,1780984275.5501444,Fist,1,0.031655677361413836
participant_01,1780984275.5511446,Fist,1,-0.005777071695774794
participant_01,1780984275.5521445,Fist,1,-0.027720407349988818
participant_01,1780984275.5531445,Fist,1,-0.03804668295197189
participant_01,1780984275.5541446,Fist,1,-0.043209820752963424
participant_01,1780984275.5551445,Fist,1,-0.04450060520321131
participant_01,1780984275.5561445,Fist,1,-0.040628251852467656
participant_01,1780984275.5571444,Fist,1,-0.036755898501724005
participant_01,1780984275.5581446,Fist,1,-0.022557269548997283
participant_01,1780984275.5591445,Fist,1,0.02262018620967865
participant_01,1780984275.5601444,Fist,1,0.07683313312008977
participant_01,1780984275.5611446,Fist,1,0.11039352882653475
participant_01,1780984275.5621445,Fist,1,0.12459215777926147
participant_01,1780984275.5631444,Fist,1,0.13491843338124454
participant_01,1780984275.5641446,Fist,1,0.14008157118223608
participant_01,1780984275.5651445,Fist,1,0.1387907867319882
participant_01,1780984275.5661445,Fist,1,0.13620921783149242
participant_01,1780984275.5671444,Fist,1,0.13233686448074877
participant_01,1780984275.5681446,Fist,1,0.12330137332901359
participant_01,1780984275.5691445,Fist,1,0.08070548647083342
participant_01,1780984275.5640311,Fist,1,0.03294646181166172
participant_01,1780984275.565031,Fist,1,-0.005777071695774794
participant_01,1780984275.5660312,Fist,1,-0.026429622899740934
participant_01,1780984275.5670311,Fist,1,-0.03804668295197189
participant_01,1780984275.568031,Fist,1,-0.04450060520321131
participant_01,1780984275.5690312,Fist,1,-0.04450060520321131
participant_01,1780984275.5700312,Fist,1,-0.040628251852467656
participant_01,1780984275.571031,Fist,1,-0.036755898501724005
participant_01,1780984275.572031,Fist,1,-0.023848053999245167
participant_01,1780984275.5730312,Fist,1,0.021329401759430766
participant_01,1780984275.574031,Fist,1,0.074251564219594
participant_01,1780984275.575031,Fist,1,0.11039352882653475
participant_01,1780984275.5760312,Fist,1,0.12459215777926147
participant_01,1780984275.5770311,Fist,1,0.13362764893099666
participant_01,1780984275.578031,Fist,1,0.1387907867319882
participant_01,1780984275.5790312,Fist,1,0.1387907867319882
participant_01,1780984275.5800312,Fist,1,0.13620921783149242
participant_01,1780984275.581031,Fist,1,0.13233686448074877
participant_01,1780984275.582031,Fist,1,0.12459215777926147
participant_01,1780984275.5830312,Fist,1,0.08328705537132919
participant_01,1780984275.584031,Fist,1,0.03294646181166172
participant_01,1780984275.585031,Fist,1,-0.005777071695774794
participant_01,1780984275.5860312,Fist,1,-0.026429622899740934
participant_01,1780984275.5870311,Fist,1,-0.03804668295197189
participant_01,1780984275.588031,Fist,1,-0.043209820752963424
participant_01,1780984275.5890312,Fist,1,-0.043209820752963424
participant_01,1780984275.5900311,Fist,1,-0.04191903630271554
participant_01,1780984275.591031,Fist,1,-0.036755898501724005
participant_01,1780984275.5920312,Fist,1,-0.023848053999245167
participant_01,1780984275.5930312,Fist,1,0.021329401759430766
participant_01,1780984275.594031,Fist,1,0.07554234866984189
participant_01,1780984275.595031,Fist,1,0.11039352882653475
participant_01,1780984275.5960312,Fist,1,0.12459215777926147
participant_01,1780984275.597031,Fist,1,0.13362764893099666
participant_01,1780984275.598031,Fist,1,0.1387907867319882
participant_01,1780984275.5990312,Fist,1,0.1387907867319882
participant_01,1780984275.6000311,Fist,1,0.13620921783149242
participant_01,1780984275.601031,Fist,1,0.13233686448074877
participant_01,1780984275.6020312,Fist,1,0.12330137332901359
participant_01,1780984275.6030312,Fist,1,0.08328705537132919
participant_01,1780984275.604031,Fist,1,0.03294646181166172
participant_01,1780984275.605031,Fist,1,-0.007067856146022677
participant_01,1780984275.6060312,Fist,1,-0.026429622899740934
participant_01,1780984275.607031,Fist,1,-0.03804668295197189
participant_01,1780984275.608031,Fist,1,-0.043209820752963424
participant_01,1780984275.6090312,Fist,1,-0.043209820752963424
participant_01,1780984275.6100311,Fist,1,-0.040628251852467656
participant_01,1780984275.611031,Fist,1,-0.036755898501724005
participant_01,1780984275.6120312,Fist,1,-0.023848053999245167
participant_01,1780984275.6130311,Fist,1,0.020038617309182882
participant_01,1780984275.614031,Fist,1,0.074251564219594
participant_01,1780984275.6150312,Fist,1,0.11039352882653475
participant_01,1780984275.6160312,Fist,1,0.12459215777926147
participant_01,1780984275.617031,Fist,1,0.13491843338124454
participant_01,1780984275.618031,Fist,1,0.14008157118223608
participant_01,1780984275.6190312,Fist,1,0.1387907867319882
participant_01,1780984275.620031,Fist,1,0.13620921783149242
participant_01,1780984275.621031,Fist,1,0.13233686448074877
participant_01,1780984275.6220312,Fist,1,0.12330137332901359
participant_01,1780984275.6230311,Fist,1,0.08328705537132919
participant_01,1780984275.624031,Fist,1,0.034237246261909604
participant_01,1780984275.6250312,Fist,1,-0.005777071695774794
participant_01,1780984275.6260312,Fist,1,-0.027720407349988818
participant_01,1780984275.627031,Fist,1,-0.03804668295197189
participant_01,1780984275.628031,Fist,1,-0.043209820752963424
participant_01,1780984275.6290312,Fist,1,-0.043209820752963424
participant_01,1780984275.630031,Fist,1,-0.040628251852467656
participant_01,1780984275.631031,Fist,1,-0.036755898501724005
participant_01,1780984275.6320312,Fist,1,-0.023848053999245167
participant_01,1780984275.6330311,Fist,1,0.020038617309182882
participant_01,1780984275.634031,Fist,1,0.074251564219594
participant_01,1780984275.6350312,Fist,1,0.11039352882653475
participant_01,1780984275.6360312,Fist,1,0.1220105888787657
participant_01,1780984275.637031,Fist,1,0.13491843338124454
participant_01,1780984275.638031,Fist,1,0.14008157118223608
participant_01,1780984275.6390312,Fist,1,0.1387907867319882
participant_01,1780984275.640031,Fist,1,0.13620921783149242
participant_01,1780984275.641031,Fist,1,0.13233686448074877
participant_01,1780984275.6420312,Fist,1,0.12459215777926147
participant_01,1780984275.6430311,Fist,1,0.08328705537132919
participant_01,1780984275.644031,Fist,1,0.034237246261909604
participant_01,1780984275.6450312,Fist,1,-0.005777071695774794
participant_01,1780984275.6460311,Fist,1,-0.026429622899740934
participant_01,1780984275.647031,Fist,1,-0.036755898501724005
participant_01,1780984275.6480312,Fist,1,-0.043209820752963424
participant_01,1780984275.6490312,Fist,1,-0.04450060520321131
participant_01,1780984275.650031,Fist,1,-0.040628251852467656
participant_01,1780984275.651031,Fist,1,-0.036755898501724005
participant_01,1780984275.6520312,Fist,1,-0.022557269548997283
participant_01,1780984275.653031,Fist,1,0.02262018620967865
participant_01,1780984275.654031,Fist,1,0.07554234866984189
participant_01,1780984275.6550312,Fist,1,0.11168431327678263
participant_01,1780984275.6560311,Fist,1,0.12459215777926147
participant_01,1780984275.657031,Fist,1,0.13491843338124454
participant_01,1780984275.6580312,Fist,1,0.14008157118223608
participant_01,1780984275.6590312,Fist,1,0.14008157118223608
participant_01,1780984275.660031,Fist,1,0.13620921783149242
participant_01,1780984275.661031,Fist,1,0.13233686448074877
participant_01,1780984275.6620312,Fist,1,0.12459215777926147
participant_01,1780984275.663031,Fist,1,0.08457783982157707
participant_01,1780984275.6571634,Fist,1,0.034237246261909604
participant_01,1780984275.6581633,Fist,1,-0.005777071695774794
participant_01,1780984275.6591635,Fist,1,-0.026429622899740934
participant_01,1780984275.6601634,Fist,1,-0.036755898501724005
participant_01,1780984275.6611633,Fist,1,-0.04450060520321131
participant_01,1780984275.6621635,Fist,1,-0.043209820752963424
participant_01,1780984275.6631634,Fist,1,-0.04191903630271554
participant_01,1780984275.6641634,Fist,1,-0.036755898501724005
participant_01,1780984275.6651633,Fist,1,-0.023848053999245167
participant_01,1780984275.6661634,Fist,1,0.020038617309182882
participant_01,1780984275.6671634,Fist,1,0.074251564219594
participant_01,1780984275.6681633,Fist,1,0.10910274437628686
participant_01,1780984275.6691635,Fist,1,0.12459215777926147
participant_01,1780984275.6701634,Fist,1,0.13491843338124454
participant_01,1780984275.6711633,Fist,1,0.1387907867319882
participant_01,1780984275.6721635,Fist,1,0.1387907867319882
participant_01,1780984275.6731634,Fist,1,0.13620921783149242
participant_01,1780984275.6741633,Fist,1,0.13233686448074877
participant_01,1780984275.6751633,Fist,1,0.12459215777926147
participant_01,1780984275.6761634,Fist,1,0.08457783982157707
participant_01,1780984275.6771634,Fist,1,0.03552803071215749
participant_01,1780984275.6781633,Fist,1,-0.00448628724552691
participant_01,1780984275.6791635,Fist,1,-0.027720407349988818
participant_01,1780984275.6801634,Fist,1,-0.03804668295197189
participant_01,1780984275.6811633,Fist,1,-0.04450060520321131
participant_01,1780984275.6821635,Fist,1,-0.043209820752963424
participant_01,1780984275.6831634,Fist,1,-0.040628251852467656
participant_01,1780984275.6841633,Fist,1,-0.036755898501724005
participant_01,1780984275.6851635,Fist,1,-0.02513883844949305
participant_01,1780984275.6861634,Fist,1,0.021329401759430766
participant_01,1780984275.6871634,Fist,1,0.07554234866984189
participant_01,1780984275.6881633,Fist,1,0.11039352882653475
participant_01,1780984275.6891634,Fist,1,0.12459215777926147
participant_01,1780984275.6901634,Fist,1,0.13491843338124454
participant_01,1780984275.6911633,Fist,1,0.14008157118223608
participant_01,1780984275.6921635,Fist,1,0.14008157118223608
participant_01,1780984275.6931634,Fist,1,0.1375000022817403
participant_01,1780984275.6941633,Fist,1,0.13362764893099666
participant_01,1780984275.6951635,Fist,1,0.12588294222950935
participant_01,1780984275.6961634,Fist,1,0.08457783982157707
participant_01,1780984275.6971633,Fist,1,0.034237246261909604
participant_01,1780984275.6981633,Fist,1,-0.005777071695774794
participant_01,1780984275.6991634,Fist,1,-0.026429622899740934
participant_01,1780984275.7001634,Fist,1,-0.036755898501724005
participant_01,1780984275.7011633,Fist,1,-0.04450060520321131
participant_01,1780984275.7021635,Fist,1,-0.04450060520321131
participant_01,1780984275.7031634,Fist,1,-0.04191903630271554
participant_01,1780984275.7041633,Fist,1,-0.036755898501724005
participant_01,1780984275.7051635,Fist,1,-0.02513883844949305
participant_01,1780984275.7061634,Fist,1,0.018747832858935
participant_01,1780984275.7071633,Fist,1,0.07296077976934612
participant_01,1780984275.7081635,Fist,1,0.10910274437628686
participant_01,1780984275.7091634,Fist,1,0.12459215777926147
participant_01,1780984275.7101634,Fist,1,0.13491843338124454
participant_01,1780984275.7111633,Fist,1,0.14008157118223608
participant_01,1780984275.7121634,Fist,1,0.14008157118223608
participant_01,1780984275.7131634,Fist,1,0.1375000022817403
participant_01,1780984275.7141633,Fist,1,0.13233686448074877
participant_01,1780984275.7151635,Fist,1,0.12588294222950935
participant_01,1780984275.7161634,Fist,1,0.08457783982157707
participant_01,1780984275.7171633,Fist,1,0.03552803071215749
participant_01,1780984275.7181635,Fist,1,-0.00448628724552691
participant_01,1780984275.7191634,Fist,1,-0.026429622899740934
participant_01,1780984275.7201633,Fist,1,-0.036755898501724005
participant_01,1780984275.7211633,Fist,1,-0.04450060520321131
participant_01,1780984275.7221634,Fist,1,-0.04450060520321131
participant_01,1780984275.7231634,Fist,1,-0.04191903630271554
participant_01,1780984275.7241633,Fist,1,-0.036755898501724005
participant_01,1780984275.7251635,Fist,1,-0.026429622899740934
participant_01,1780984275.7261634,Fist,1,0.018747832858935
participant_01,1780984275.7271633,Fist,1,0.07166999531909823
participant_01,1780984275.7281635,Fist,1,0.10910274437628686
participant_01,1780984275.7291634,Fist,1,0.12459215777926147
participant_01,1780984275.7301633,Fist,1,0.13491843338124454
participant_01,1780984275.7311633,Fist,1,0.1387907867319882
participant_01,1780984275.7321634,Fist,1,0.1387907867319882
participant_01,1780984275.7331634,Fist,1,0.13620921783149242
participant_01,1780984275.7341633,Fist,1,0.13362764893099666
participant_01,1780984275.7351635,Fist,1,0.12588294222950935
participant_01,1780984275.7361634,Fist,1,0.08457783982157707
participant_01,1780984275.7371633,Fist,1,0.03552803071215749
participant_01,1780984275.7381635,Fist,1,-0.00448628724552691
participant_01,1780984275.7391634,Fist,1,-0.026429622899740934
participant_01,1780984275.7401633,Fist,1,-0.036755898501724005
participant_01,1780984275.7411635,Fist,1,-0.04450060520321131
participant_01,1780984275.7421634,Fist,1,-0.04450060520321131
participant_01,1780984275.7431633,Fist,1,-0.04191903630271554
participant_01,1780984275.7441633,Fist,1,-0.036755898501724005
participant_01,1780984275.7451634,Fist,1,-0.02513883844949305
participant_01,1780984275.7461634,Fist,1,0.018747832858935
participant_01,1780984275.7471633,Fist,1,0.07166999531909823
participant_01,1780984275.7481635,Fist,1,0.10781195992603898
participant_01,1780984275.7491634,Fist,1,0.12459215777926147
participant_01,1780984275.7501633,Fist,1,0.13491843338124454
participant_01,1780984275.7511635,Fist,1,0.1387907867319882
participant_01,1780984275.7521634,Fist,1,0.1387907867319882
participant_01,1780984275.7531633,Fist,1,0.1375000022817403
participant_01,1780984275.7541633,Fist,1,0.13362764893099666
participant_01,1780984275.7551634,Fist,1,0.12588294222950935
participant_01,1780984275.7561634,Fist,1,0.08586862427182496
participant_01,1780984275.7662518,Fist,1,0.03681881516240537
participant_01,1780984275.7672517,Fist,1,-0.003195502795279026
participant_01,1780984275.768252,Fist,1,-0.026429622899740934
participant_01,1780984275.7692518,Fist,1,-0.036755898501724005
participant_01,1780984275.7702518,Fist,1,-0.04450060520321131
participant_01,1780984275.771252,Fist,1,-0.043209820752963424
participant_01,1780984275.7722518,Fist,1,-0.04191903630271554
participant_01,1780984275.7732518,Fist,1,-0.03804668295197189
participant_01,1780984275.7742517,Fist,1,-0.027720407349988818
participant_01,1780984275.7752519,Fist,1,0.017457048408687115
participant_01,1780984275.7762518,Fist,1,0.06908842641860247
participant_01,1780984275.7772517,Fist,1,0.10910274437628686
participant_01,1780984275.778252,Fist,1,0.12459215777926147
participant_01,1780984275.7792518,Fist,1,0.13362764893099666
participant_01,1780984275.7802517,Fist,1,0.1387907867319882
participant_01,1780984275.781252,Fist,1,0.1387907867319882
participant_01,1780984275.7822518,Fist,1,0.13620921783149242
participant_01,1780984275.7832518,Fist,1,0.13362764893099666
participant_01,1780984275.7842517,Fist,1,0.12588294222950935
participant_01,1780984275.7852519,Fist,1,0.08715940872207284
participant_01,1780984275.7862518,Fist,1,0.03681881516240537
participant_01,1780984275.7872517,Fist,1,-0.00448628724552691
participant_01,1780984275.7882519,Fist,1,-0.026429622899740934
participant_01,1780984275.7892518,Fist,1,-0.036755898501724005
participant_01,1780984275.7902517,Fist,1,-0.043209820752963424
participant_01,1780984275.791252,Fist,1,-0.04450060520321131
participant_01,1780984275.7922518,Fist,1,-0.04191903630271554
participant_01,1780984275.7932518,Fist,1,-0.036755898501724005
participant_01,1780984275.794252,Fist,1,-0.02513883844949305
participant_01,1780984275.7952518,Fist,1,0.018747832858935
participant_01,1780984275.7962518,Fist,1,0.07166999531909823
participant_01,1780984275.7972517,Fist,1,0.11039352882653475
participant_01,1780984275.7982519,Fist,1,0.12459215777926147
participant_01,1780984275.7992518,Fist,1,0.13491843338124454
participant_01,1780984275.8002517,Fist,1,0.14008157118223608
participant_01,1780984275.801252,Fist,1,0.14008157118223608
participant_01,1780984275.8022518,Fist,1,0.1375000022817403
participant_01,1780984275.8032517,Fist,1,0.13362764893099666
participant_01,1780984275.804252,Fist,1,0.12717372667975724
participant_01,1780984275.8052518,Fist,1,0.08715940872207284
participant_01,1780984275.8062518,Fist,1,0.03681881516240537
participant_01,1780984275.8072517,Fist,1,-0.003195502795279026
participant_01,1780984275.8082519,Fist,1,-0.026429622899740934
participant_01,1780984275.8092518,Fist,1,-0.036755898501724005
participant_01,1780984275.8102517,Fist,1,-0.04450060520321131
participant_01,1780984275.8112519,Fist,1,-0.043209820752963424
participant_01,1780984275.8122518,Fist,1,-0.040628251852467656
participant_01,1780984275.8132517,Fist,1,-0.036755898501724005
participant_01,1780984275.814252,Fist,1,-0.026429622899740934
participant_01,1780984275.8152518,Fist,1,0.018747832858935
participant_01,1780984275.8162518,Fist,1,0.07166999531909823
participant_01,1780984275.817252,Fist,1,0.10781195992603898
participant_01,1780984275.8182518,Fist,1,0.12459215777926147
participant_01,1780984275.8192518,Fist,1,0.13491843338124454
participant_01,1780984275.8202517,Fist,1,0.14008157118223608
participant_01,1780984275.8212519,Fist,1,0.14008157118223608
participant_01,1780984275.8222518,Fist,1,0.1375000022817403
participant_01,1780984275.8232517,Fist,1,0.13362764893099666
participant_01,1780984275.824252,Fist,1,0.12717372667975724
participant_01,1780984275.8252518,Fist,1,0.08845019317232072
participant_01,1780984275.8262517,Fist,1,0.03681881516240537
participant_01,1780984275.827252,Fist,1,-0.0019047183450311422
participant_01,1780984275.8282518,Fist,1,-0.02513883844949305
participant_01,1780984275.8292518,Fist,1,-0.036755898501724005
participant_01,1780984275.8302517,Fist,1,-0.043209820752963424
participant_01,1780984275.8312519,Fist,1,-0.043209820752963424
participant_01,1780984275.8322518,Fist,1,-0.040628251852467656
participant_01,1780984275.8332517,Fist,1,-0.036755898501724005
participant_01,1780984275.8342519,Fist,1,-0.02513883844949305
participant_01,1780984275.8352518,Fist,1,0.018747832858935
participant_01,1780984275.8362517,Fist,1,0.07166999531909823
participant_01,1780984275.837252,Fist,1,0.10910274437628686
participant_01,1780984275.8382518,Fist,1,0.12330137332901359
participant_01,1780984275.8392518,Fist,1,0.13491843338124454
participant_01,1780984275.8402517,Fist,1,0.14137235563248396
participant_01,1780984275.8412519,Fist,1,0.14008157118223608
participant_01,1780984275.8422518,Fist,1,0.13620921783149242
participant_01,1780984275.8432517,Fist,1,0.13362764893099666
participant_01,1780984275.8442519,Fist,1,0.12717372667975724
participant_01,1780984275.8452518,Fist,1,0.08845019317232072
participant_01,1780984275.8462517,Fist,1,0.038109599612653255
participant_01,1780984275.847252,Fist,1,-0.0019047183450311422
participant_01,1780984275.8482518,Fist,1,-0.02513883844949305
participant_01,1780984275.8492517,Fist,1,-0.036755898501724005
participant_01,1780984275.850252,Fist,1,-0.043209820752963424
participant_01,1780984275.8512518,Fist,1,-0.043209820752963424
participant_01,1780984275.8522518,Fist,1,-0.040628251852467656
participant_01,1780984275.8532517,Fist,1,-0.03804668295197189
participant_01,1780984275.8542519,Fist,1,-0.027720407349988818
participant_01,1780984275.8552518,Fist,1,0.01616626395843923
participant_01,1780984275.8562517,Fist,1,0.06908842641860247
participant_01,1780984275.857252,Fist,1,0.10910274437628686
participant_01,1780984275.8582518,Fist,1,0.12459215777926147
participant_01,1780984275.8592517,Fist,1,0.13491843338124454
participant_01,1780984275.860252,Fist,1,0.14008157118223608
participant_01,1780984275.8612518,Fist,1,0.14008157118223608
participant_01,1780984275.8622518,Fist,1,0.13620921783149242
participant_01,1780984275.8632517,Fist,1,0.13233686448074877
participant_01,1780984275.8642519,Fist,1,0.12717372667975724
participant_01,1780984275.8652518,Fist,1,0.08845019317232072
participant_01,1780984275.8597448,Fist,1,0.03681881516240537
participant_01,1780984275.8607447,Fist,1,-0.0019047183450311422
participant_01,1780984275.8617449,Fist,1,-0.026429622899740934
participant_01,1780984275.8627448,Fist,1,-0.036755898501724005
participant_01,1780984275.8637447,Fist,1,-0.043209820752963424
participant_01,1780984275.864745,Fist,1,-0.04450060520321131
participant_01,1780984275.8657448,Fist,1,-0.040628251852467656
participant_01,1780984275.8667448,Fist,1,-0.03804668295197189
participant_01,1780984275.8677447,Fist,1,-0.027720407349988818
participant_01,1780984275.8687449,Fist,1,0.01616626395843923
participant_01,1780984275.8697448,Fist,1,0.06908842641860247
participant_01,1780984275.8707447,Fist,1,0.10781195992603898
participant_01,1780984275.8717449,Fist,1,0.12459215777926147
participant_01,1780984275.8727448,Fist,1,0.13491843338124454
participant_01,1780984275.8737447,Fist,1,0.14137235563248396
participant_01,1780984275.874745,Fist,1,0.14008157118223608
participant_01,1780984275.8757448,Fist,1,0.1375000022817403
participant_01,1780984275.8767447,Fist,1,0.13362764893099666
participant_01,1780984275.8777447,Fist,1,0.12717372667975724
participant_01,1780984275.8787448,Fist,1,0.08845019317232072
participant_01,1780984275.8797448,Fist,1,0.03940038406290114
participant_01,1780984275.8807447,Fist,1,-0.003195502795279026
participant_01,1780984275.8817449,Fist,1,-0.023848053999245167
participant_01,1780984275.8827448,Fist,1,-0.03546511405147612
participant_01,1780984275.8837447,Fist,1,-0.04450060520321131
participant_01,1780984275.884745,Fist,1,-0.04450060520321131
participant_01,1780984275.8857448,Fist,1,-0.040628251852467656
participant_01,1780984275.8867447,Fist,1,-0.03804668295197189
participant_01,1780984275.887745,Fist,1,-0.027720407349988818
participant_01,1780984275.8887448,Fist,1,0.017457048408687115
participant_01,1780984275.8897448,Fist,1,0.07037921086885035
participant_01,1780984275.8907447,Fist,1,0.10910274437628686
participant_01,1780984275.8917449,Fist,1,0.1220105888787657
participant_01,1780984275.8927448,Fist,1,0.13491843338124454
participant_01,1780984275.8937447,Fist,1,0.14008157118223608
participant_01,1780984275.8947449,Fist,1,0.14008157118223608
participant_01,1780984275.8957448,Fist,1,0.1375000022817403
participant_01,1780984275.8967447,Fist,1,0.13362764893099666
participant_01,1780984275.897745,Fist,1,0.12846451113000512
participant_01,1780984275.8987448,Fist,1,0.08845019317232072
participant_01,1780984275.8997447,Fist,1,0.038109599612653255
participant_01,1780984275.9007447,Fist,1,-0.003195502795279026
participant_01,1780984275.9017448,Fist,1,-0.026429622899740934
participant_01,1780984275.9027448,Fist,1,-0.03804668295197189
participant_01,1780984275.9037447,Fist,1,-0.043209820752963424
participant_01,1780984275.9047449,Fist,1,-0.043209820752963424
participant_01,1780984275.9057448,Fist,1,-0.040628251852467656
participant_01,1780984275.9067447,Fist,1,-0.03804668295197189
participant_01,1780984275.907745,Fist,1,-0.026429622899740934
participant_01,1780984275.9087448,Fist,1,0.017457048408687115
participant_01,1780984275.9097447,Fist,1,0.07037921086885035
participant_01,1780984275.910745,Fist,1,0.10910274437628686
participant_01,1780984275.9117448,Fist,1,0.12459215777926147
participant_01,1780984275.9127448,Fist,1,0.13362764893099666
participant_01,1780984275.9137447,Fist,1,0.14137235563248396
participant_01,1780984275.9147449,Fist,1,0.1387907867319882
participant_01,1780984275.9157448,Fist,1,0.1375000022817403
participant_01,1780984275.9167447,Fist,1,0.13362764893099666
participant_01,1780984275.9177449,Fist,1,0.12717372667975724
participant_01,1780984275.9187448,Fist,1,0.08845019317232072
participant_01,1780984275.9197447,Fist,1,0.038109599612653255
participant_01,1780984275.920745,Fist,1,-0.0019047183450311422
participant_01,1780984275.9217448,Fist,1,-0.02513883844949305
participant_01,1780984275.9227448,Fist,1,-0.036755898501724005
participant_01,1780984275.9237447,Fist,1,-0.04450060520321131
participant_01,1780984275.9247448,Fist,1,-0.04450060520321131
participant_01,1780984275.9257448,Fist,1,-0.04191903630271554
participant_01,1780984275.9267447,Fist,1,-0.03804668295197189
participant_01,1780984275.9277449,Fist,1,-0.027720407349988818
participant_01,1780984275.9287448,Fist,1,0.01616626395843923
participant_01,1780984275.9297447,Fist,1,0.06908842641860247
participant_01,1780984275.930745,Fist,1,0.10910274437628686
participant_01,1780984275.9317448,Fist,1,0.12330137332901359
participant_01,1780984275.9327447,Fist,1,0.13362764893099666
participant_01,1780984275.9337447,Fist,1,0.14008157118223608
participant_01,1780984275.9347448,Fist,1,0.14008157118223608
participant_01,1780984275.9357448,Fist,1,0.13620921783149242
participant_01,1780984275.9367447,Fist,1,0.13362764893099666
participant_01,1780984275.9377449,Fist,1,0.12717372667975724
participant_01,1780984275.9387448,Fist,1,0.08845019317232072
participant_01,1780984275.9397447,Fist,1,0.03940038406290114
participant_01,1780984275.9407449,Fist,1,-0.0019047183450311422
participant_01,1780984275.9417448,Fist,1,-0.026429622899740934
participant_01,1780984275.9427447,Fist,1,-0.036755898501724005
participant_01,1780984275.943745,Fist,1,-0.04450060520321131
participant_01,1780984275.9447448,Fist,1,-0.04450060520321131
participant_01,1780984275.9457448,Fist,1,-0.04191903630271554
participant_01,1780984275.9467447,Fist,1,-0.036755898501724005
participant_01,1780984275.9477448,Fist,1,-0.029011191800236702
participant_01,1780984275.9487448,Fist,1,0.013584695057943463
participant_01,1780984275.9497447,Fist,1,0.06779764196835458
participant_01,1780984275.9507449,Fist,1,0.10781195992603898
participant_01,1780984275.9517448,Fist,1,0.12330137332901359
participant_01,1780984275.9527447,Fist,1,0.13362764893099666
participant_01,1780984275.953745,Fist,1,0.14008157118223608
participant_01,1780984275.9547448,Fist,1,0.14008157118223608
participant_01,1780984275.9557447,Fist,1,0.13620921783149242
participant_01,1780984275.9567447,Fist,1,0.13362764893099666
participant_01,1780984275.9577448,Fist,1,0.12846451113000512
participant_01,1780984275.9587448,Fist,1,0.08974097762256861
participant_01,1780984275.9706676,Fist,1,0.03940038406290114
participant_01,1780984275.9716675,Fist,1,-0.0006139338947832584
participant_01,1780984275.9726677,Fist,1,-0.02513883844949305
participant_01,1780984275.9736676,Fist,1,-0.03546511405147612
participant_01,1780984275.9746675,Fist,1,-0.043209820752963424
participant_01,1780984275.9756677,Fist,1,-0.04450060520321131
participant_01,1780984275.9766676,Fist,1,-0.04191903630271554
participant_01,1780984275.9776676,Fist,1,-0.03804668295197189
participant_01,1780984275.9786675,Fist,1,-0.029011191800236702
participant_01,1780984275.9796677,Fist,1,0.013584695057943463
participant_01,1780984275.9806676,Fist,1,0.0665068575181067
participant_01,1780984275.9816675,Fist,1,0.10781195992603898
participant_01,1780984275.9826677,Fist,1,0.12330137332901359
participant_01,1780984275.9836676,Fist,1,0.13362764893099666
participant_01,1780984275.9846675,Fist,1,0.14008157118223608
participant_01,1780984275.9856677,Fist,1,0.14008157118223608
participant_01,1780984275.9866676,Fist,1,0.1375000022817403
participant_01,1780984275.9876676,Fist,1,0.13362764893099666
participant_01,1780984275.9886675,Fist,1,0.12846451113000512
participant_01,1780984275.9896677,Fist,1,0.08974097762256861
participant_01,1780984275.9906676,Fist,1,0.04069116851314902
participant_01,1780984275.9916675,Fist,1,-0.0006139338947832584
participant_01,1780984275.9926677,Fist,1,-0.026429622899740934
participant_01,1780984275.9936676,Fist,1,-0.036755898501724005
participant_01,1780984275.9946675,Fist,1,-0.04450060520321131
participant_01,1780984275.9956677,Fist,1,-0.04450060520321131
participant_01,1780984275.9966676,Fist,1,-0.040628251852467656
participant_01,1780984275.9976676,Fist,1,-0.03804668295197189
participant_01,1780984275.9986677,Fist,1,-0.029011191800236702
participant_01,1780984275.9996676,Fist,1,0.013584695057943463
participant_01,1780984276.0006676,Fist,1,0.0665068575181067
participant_01,1780984276.0016675,Fist,1,0.10781195992603898
participant_01,1780984276.0026677,Fist,1,0.12330137332901359
participant_01,1780984276.0036676,Fist,1,0.13362764893099666
participant_01,1780984276.0046675,Fist,1,0.14008157118223608
participant_01,1780984276.0056677,Fist,1,0.14008157118223608
participant_01,1780984276.0066676,Fist,1,0.13620921783149242
participant_01,1780984276.0076675,Fist,1,0.13362764893099666
participant_01,1780984276.0086677,Fist,1,0.12717372667975724
participant_01,1780984276.0096676,Fist,1,0.08974097762256861
participant_01,1780984276.0106676,Fist,1,0.04069116851314902
participant_01,1780984276.0116675,Fist,1,-0.0006139338947832584
participant_01,1780984276.0126677,Fist,1,-0.023848053999245167
participant_01,1780984276.0136676,Fist,1,-0.03546511405147612
participant_01,1780984276.0146675,Fist,1,-0.043209820752963424
participant_01,1780984276.0156677,Fist,1,-0.04450060520321131
participant_01,1780984276.0166676,Fist,1,-0.040628251852467656
participant_01,1780984276.0176675,Fist,1,-0.03804668295197189
participant_01,1780984276.0186677,Fist,1,-0.027720407349988818
participant_01,1780984276.0196676,Fist,1,0.014875479508191347
participant_01,1780984276.0206676,Fist,1,0.0665068575181067
participant_01,1780984276.0216677,Fist,1,0.10781195992603898
participant_01,1780984276.0226676,Fist,1,0.12459215777926147
participant_01,1780984276.0236676,Fist,1,0.13233686448074877
participant_01,1780984276.0246675,Fist,1,0.14137235563248396
participant_01,1780984276.0256677,Fist,1,0.14008157118223608
participant_01,1780984276.0266676,Fist,1,0.1375000022817403
participant_01,1780984276.0276675,Fist,1,0.13362764893099666
participant_01,1780984276.0286677,Fist,1,0.12846451113000512
participant_01,1780984276.0296676,Fist,1,0.09103176207281649
participant_01,1780984276.0306675,Fist,1,0.04069116851314902
participant_01,1780984276.0316677,Fist,1,0.0006768505554646254
participant_01,1780984276.0326676,Fist,1,-0.02513883844949305
participant_01,1780984276.0336676,Fist,1,-0.03804668295197189
participant_01,1780984276.0346675,Fist,1,-0.043209820752963424
participant_01,1780984276.0356677,Fist,1,-0.04450060520321131
participant_01,1780984276.0366676,Fist,1,-0.04191903630271554
participant_01,1780984276.0376675,Fist,1,-0.03804668295197189
participant_01,1780984276.0386677,Fist,1,-0.029011191800236702
participant_01,1780984276.0396676,Fist,1,0.013584695057943463
participant_01,1780984276.0406675,Fist,1,0.0665068575181067
participant_01,1780984276.0416677,Fist,1,0.10781195992603898
participant_01,1780984276.0426676,Fist,1,0.12330137332901359
participant_01,1780984276.0436676,Fist,1,0.13491843338124454
participant_01,1780984276.0446675,Fist,1,0.14008157118223608
participant_01,1780984276.0456676,Fist,1,0.14008157118223608
participant_01,1780984276.0466676,Fist,1,0.1375000022817403
participant_01,1780984276.0476675,Fist,1,0.13362764893099666
participant_01,1780984276.0486677,Fist,1,0.12717372667975724
participant_01,1780984276.0496676,Fist,1,0.09103176207281649
participant_01,1780984276.0506675,Fist,1,0.04198195296339691
participant_01,1780984276.0516677,Fist,1,0.0006768505554646254
participant_01,1780984276.0526676,Fist,1,-0.023848053999245167
participant_01,1780984276.0536675,Fist,1,-0.036755898501724005
participant_01,1780984276.0546677,Fist,1,-0.04450060520321131
participant_01,1780984276.0556676,Fist,1,-0.04579138965345919
participant_01,1780984276.0566676,Fist,1,-0.04191903630271554
participant_01,1780984276.0576675,Fist,1,-0.03804668295197189
participant_01,1780984276.0586677,Fist,1,-0.030301976250484586
participant_01,1780984276.0596676,Fist,1,0.01229391060769558
participant_01,1780984276.0606675,Fist,1,0.06521607306785882
participant_01,1780984276.0616677,Fist,1,0.1065211754757911
participant_01,1780984276.0626676,Fist,1,0.1220105888787657
participant_01,1780984276.0636675,Fist,1,0.13362764893099666
participant_01,1780984276.0646677,Fist,1,0.14008157118223608
participant_01,1780984276.0656676,Fist,1,0.1387907867319882
participant_01,1780984276.0666676,Fist,1,0.13620921783149242
participant_01,1780984276.0676675,Fist,1,0.13362764893099666
participant_01,1780984276.0686677,Fist,1,0.12846451113000512
participant_01,1780984276.0696676,Fist,1,0.09103176207281649
participant_01,1780984276.0653086,Fist,1,0.04198195296339691
participant_01,1780984276.0663085,Fist,1,-0.0006139338947832584
participant_01,1780984276.0673087,Fist,1,-0.02513883844949305
participant_01,1780984276.0683086,Fist,1,-0.036755898501724005
participant_01,1780984276.0693085,Fist,1,-0.043209820752963424
participant_01,1780984276.0703087,Fist,1,-0.04450060520321131
participant_01,1780984276.0713086,Fist,1,-0.04191903630271554
participant_01,1780984276.0723085,Fist,1,-0.03804668295197189
participant_01,1780984276.0733085,Fist,1,-0.030301976250484586
participant_01,1780984276.0743086,Fist,1,0.01229391060769558
participant_01,1780984276.0753086,Fist,1,0.06521607306785882
participant_01,1780984276.0763085,Fist,1,0.1065211754757911
participant_01,1780984276.0773087,Fist,1,0.12330137332901359
participant_01,1780984276.0783086,Fist,1,0.13491843338124454
participant_01,1780984276.0793085,Fist,1,0.14008157118223608
participant_01,1780984276.0803087,Fist,1,0.14008157118223608
participant_01,1780984276.0813086,Fist,1,0.1375000022817403
participant_01,1780984276.0823085,Fist,1,0.13362764893099666
participant_01,1780984276.0833085,Fist,1,0.12846451113000512
participant_01,1780984276.0843086,Fist,1,0.09232254652306437
participant_01,1780984276.0853086,Fist,1,0.04327273741364479
participant_01,1780984276.0863085,Fist,1,0.0006768505554646254
participant_01,1780984276.0873086,Fist,1,-0.023848053999245167
participant_01,1780984276.0883086,Fist,1,-0.036755898501724005
participant_01,1780984276.0893085,Fist,1,-0.04450060520321131
participant_01,1780984276.0903087,Fist,1,-0.04450060520321131
participant_01,1780984276.0913086,Fist,1,-0.040628251852467656
participant_01,1780984276.0923085,Fist,1,-0.03804668295197189
participant_01,1780984276.0933087,Fist,1,-0.029011191800236702
participant_01,1780984276.0943086,Fist,1,0.01229391060769558
participant_01,1780984276.0953085,Fist,1,0.06521607306785882
participant_01,1780984276.0963085,Fist,1,0.1065211754757911
participant_01,1780984276.0973086,Fist,1,0.12330137332901359
participant_01,1780984276.0983086,Fist,1,0.13362764893099666
participant_01,1780984276.0993085,Fist,1,0.14008157118223608
participant_01,1780984276.1003087,Fist,1,0.14008157118223608
participant_01,1780984276.1013086,Fist,1,0.1375000022817403
participant_01,1780984276.1023085,Fist,1,0.13362764893099666
participant_01,1780984276.1033087,Fist,1,0.12846451113000512
participant_01,1780984276.1043086,Fist,1,0.09232254652306437
participant_01,1780984276.1053085,Fist,1,0.04327273741364479
participant_01,1780984276.1063085,Fist,1,0.0006768505554646254
participant_01,1780984276.1073086,Fist,1,-0.02513883844949305
participant_01,1780984276.1083086,Fist,1,-0.036755898501724005
participant_01,1780984276.1093085,Fist,1,-0.04579138965345919
participant_01,1780984276.1103086,Fist,1,-0.04450060520321131
participant_01,1780984276.1113086,Fist,1,-0.04191903630271554
participant_01,1780984276.1123085,Fist,1,-0.03804668295197189
participant_01,1780984276.1133087,Fist,1,-0.030301976250484586
participant_01,1780984276.1143086,Fist,1,0.011003126157447696
